TRANSLATION_NAME,"Česky"
TRANSLATION_KEY,"cz"
FORMULA,"Vzorec"
CALCULATED_SENSOR,"Vypočtený senzor"
NAME,"Název"
DECIMALS,"Desetiny"
VALUE,"Hodnota"
SENSOR_LOST_WARNING_DELAY,"Varování ztraceného senzoru"
WARNING_DISABLED,"Varování vypnuta"
RANGE,"Rozsah"
SPACE_WITH_SAMPLES," vzorků"
RESET,"Reset"
TELEMETRY_SENSOR,"Telemetrický senzor"
UNIT,"Jednotka"
WRITE_LOGS,"Logovat"
ID,"ID"
CENTER,"Centr"
SUBTRIM,"Subtrim"
PWM_CENTER,"PWM Center"
NORMAL,"Normál"
EQUAL,"Rovná se"
UNPLUGGED,"Odpojeno"
BEHAVIOUR,"Chování"
ADD_NEW_BEHAVIOUR,"Přidat nové chování"
ADD_EXTRA_TRIM,"Přidat extra trim"
EXTRA_TRIM,"Extra trim"
SLOW_UP,"Zpomalení ↑"
MIN,"Min"
CURVE,"Křivka"
MAX,"Max"
CHANNEL,"Kanál"
INVERT,"Invertovat","Invert"
SLOW_DOWN,"Zpomalení ↓"
INVERTED,"Invertovaný"
FLIGHT_MODES,"Letové režimy"
MIX_FLIGHT_MODES_DESCRIPTION,""
MIX_NAME_DESCRIPTION,"Upravit název mixu"
TRIGGER_ON_CONDITION,"Podmínka spuštění"
COMMENT,"Poznámka"
FUNCTION,"Funkce"
VALUES,"Hodnoty"
ADD_NEW_VALUE,"+ Přidat novou hodnotu"
ACTIONS,"Akce"
ADD_NEW_ACTION,"+ Přidat novou akci"
DURATION_HIGH,"Doba trvání aktivity"
RISING_EDGE,"Stoup. Edge"
DURING,"Během"
VALUE1,"Hodnota 1"
VALUE_X,"Hodnota (X)"
CHECK_INTERVAL,"Interval kontroly"
ACTIVE_CONDITION,"Aktivní stav"
MIN_DURATION,"Min. doba trvání"
MAX_DURATION,"Max duration"
DURATION_LOW,"Doba trvání neaktivity"
VALUE2,"Hodnota 2"
DELAY_BEFORE_ACTIVE,"Zpoždění před aktivací"
DURATION,"Trvání"
SOURCE_A,"Zdroj (A)"
TRIGGER_OFF_CONDITION,"Podmínka vypnutí"
DELAY_BEFORE_INACTIVE,"Zpoždění po deaktivaci"
DELAY_ON_OFF,"Delay ON / OFF"
SOURCE,"Zdroj"
APPLICATION_ID,"Aplikační ID"
PHYSICAL_ID,"Fyzické ID"
ACTION,"Akce"
TRAINER,"Trenér"
TRAINER_MODE,"Režim trenér"
CHANNEL_RANGE,"Rozsah kanálů"
CH,"CH"
OUTPUTS,"Výstupy"
LAST_MODIFICATION,"Poslední úprava"
CLONE,"Klonovat"
MODEL_MATCH,"Model ID"
MODEL_DATA_LOAD,"Data modelu nahrána"
FILE_SIZE,"Velikost souboru"
MODEL_SELECT,"Výběr modelu"
NO_MODELS_DIRECTORY,"No models directory!"
ARE_YOU_SURE_YOU_WANT_TO_DELETE_THIS_MODEL,"Jste si jistí, že chcete smazat tento model?"
SUCCESS,"Úspěch!"
CLONE_MODEL_SUCCESSFULLY,"Model je úspěšně zkopírován"
FILENAME_TOO_LONG,"Název souboru je příliš dlouhý!"
RX_STILL_ON_SELECT_ANOTHER_MODEL,"Přijímač je stále zapnutý, jste si jisti přepnutím modelu?"
CONFIRM_SELECT_ANOTHER_MODEL,"Are you sure you want to select another model?"
FILE_NAME,"Název souboru"
MODEL_TYPE,"Typ modelu"
CONFIRM,"Potvrdit"
SET_CURRENT_MODEL,"Zvolit model"
UNCATEGORIZED,"Nezařazeno"
CHANGE_FOLDER,"Zmenit adresář"
OPERATION,"Operation"
OPERATION_FAILED,"Operace selhala!"
DELETE_FOLDER,"Smazat adresář"
RENAME_FOLDER,"Přejmenovat adresář"
CREATE_FOLDER,"Vytvořit adresář"
CONFIRM_DELETE_FLIGHT_MODE,"Opravdu chete smazat tento letový režim?"
MOVE,"Posunout"
EDIT,"Upravit"
ADD,"Přidat"
TELEMETRY_PORT,"Telem. port"
WARNING,"Varování"
ERRORS,"Errors"
OPTIONS,"Možnosti"
CONFIGURE,"Konfigurovat"
WAITING_FOR_RECEIVER,"Čekám na přijímač..."
PIN,"Pin"
TELEMETRY,"Telemetrie"
RX_SETTINGS,"Nastavení RX"
NO_RESPONSE_FROM_RECEIVER,"Přijímač neodpovídá"
SBUS_OUT,"SBUS Out"
SBUS_IN,"SBUS In"
TELEMETRY_25_MW,"Telemetrie 25mW"
HIGH_PWM_SPEED,"Vysoká rychlost PWM"
FLIGHT_DATA_RECORDER,"Černá skříňka"
RX_HAS_NO_FLIGHT_DATA_RECORD,"Přijímač nemá nahraná žádná data."
SENSOR_CONFIG,"Nast. senzorů"
CONFIRM_DELETE_TIMER,"Opravdu chete smazat tyto stopky?"
TIMER,"Stopky"
MODE,"Režim"
PASTE,"Vložit"
TIMERS,"Stopky"
COPY,"Kopírovat"
NO_TIMER_HINT,"Žádné stopky. Prosím zvole tlačítko přidat pro vytvoření!"
ANTENNA,"Anténa"
POWER_HAS_BEEN_CHANGED_PLEASE_REBIND,"Výkon byl změněn, prosím přepárujte"
NO_RESPONSE_FROM_MODULE,"Modul neodpovídá!"
POWER,"Výkon"
BAUDRATE,"Baudrate"
WAITING_FOR_MODULE,"Čekám na modul..."
TX_SETTINGS,"Nastavení TX"
MIXES,"Mixér"
CHANNELS,"Kanály"
FLIGHT_MODE,"Letový režim"
D,"V"
CONFIRM_DELETE_MIX,"Opravdu chcete smazat tento mix?"
CONFIRM_DELETE_SSS,"Are you sure you want to delete %s"
NONE,"Žádný"
NO_MIX_HINT,"Žádný mix. Prosím zvole tlačítko přidat pro vytvoření!"
TYPE,"Typ"
SHARE,"Sdílet"
RX,"RX"
RACING_MODE,"Závodní mód"
RANGE_CHECK,"Kontrola dosahu"
EXTERNAL_MODULE,"Externí modul"
BIND_OK,"Bind OK"
BINDING_3DOTS,"Párovaní..."
BIND,"Párovat"
FAILSAFE,"Failsafe"
INTERNAL_MODULE,"Interní modul"
SET_FAILSAFE,"Nast. failsafe"
RESET_BIND,"Reset párování"
FACTORY_RESET,"Factory reset"
RF_SYSTEM,"RF systém"
OWNER_REGISTRATION_ID,"Registrační ID vlastníka"
SELECT_DEVICE,"Vyber zařízení"
REGISTER,"Registrovat"
VALID_FRAME_RATE,"VFR"
STATE,"Stav"
PROTOCOL,"Protokol"
RSSI,"RSSI"
ARE_YOU_SURE_TO_RESET_THIS_RECEIVER,"Opravdu chete resetovat tento přijímač ?"
SET,"Nastavit"
EXPO,"Expo"
UNIT_POINTS_COUNT,"body"
WEIGHT,"Váha"
POINTS,"Bodů"
OFFSET,"Offset"
OFFSET_WHEN_ACTIVE,"Offset, když je line aktivní"
OFFSET_WHEN_INACTIVE,"Offset, když je line neaktivní"
SMOOTH,"Vyhladit"
POINT,"Bod"
POINTS_COUNT,"Počet bodů"
EASY_MODE,"Snadný režim"
LOGIC_SWITCHES,"Logické spínače","Logic sp."
ARE_YOU_SURE_YOU_WANT_TO_DELETE_THIS_LOGIC_SWITCH,"Opravdu chcete smazat tento logický spínač?"
NO_LOGIC_SWITCH_HINT,"Žádný logický spínač. Prosím zvole tlačítko přidat pro vytvoření!"
START_CONDITION,"Startovací podmínka"
STOP_CONDITION,"Zastavovaci podmínka"
TIMER_EDIT,"Úprava stopek"
PERSISTENT,"Trvalý"
START_VALUE,"Startovací hodnota"
AUDIO_ACTIONS,"Zvukové akce"
AUDIO_ACTION,"Zvuková akce"
ADD_A_NEW_AUDIO_ACTION,"Přidat novou zvukovou akci"
ALARM_VALUE,"Alarmová hodnota"
HAPTIC,"Vibrace"
COUNTDOWN,"Odpočet"
BEEP_COUNTDOWN,"Beep odpočet"
START,"Start"
PLAY_FILE,"Přehrát soubor"
SPACE_WITH_OTHERS," jiné..."
CONFIRM_DELETE_CURVE,"Jste si jistí smazáním této křivky?"
CURVE_USED_BY,"Tato křivka je užívaná v těchto mixech:"
AND_WITH_TWO_SPACES," a "
CURVES,"Křivky"
VARS,"Vars"
NO_VAR_HINT,"Zatím bez var. Chcete-li jej vytvořit, stiskněte tlačítko Přidat!"
ARE_YOU_SURE_YOU_WANT_TO_DELETE_THIS_VAR,"Opravdu chcete smazat tuto proměnnou?"
NO_CURVE_HINT,"Žádná křivka. Prosím zvolte tlačítko přidat pro vytvoření!"
CONFIRM_RESET_MIXES,"Tato operace způsobí reset všech mixů.\nOpravdu chcete pokračovat?"
ELEVATORS,"Výškovka"
YAW,"Otočení"
SWASH_PLATE,"Cyklika"
EDIT_MODEL,"Upravit model"
PICTURE,"Obrázek"
TAIL,"Ocas"
AILERONS,"Křidélka"
PITCH,"Klopení"
THROTTLE,"Plyn"
FLAPS,"Klapky"
ENGINE,"Motor"
RUDDERS,"Směrovka"
ROLL,"Náklon"
FUNCTION_SWITCHES,"Funkční přepínače"
RESET_ALL_MIXES,"Reset všech mixů"
CREATE_CALCULATED_SENSOR,"Vytvořit vypočtený senzor"
CONFIRM_DELETE_SENSORS,"Všechny senzory budou odstraněny.\nPřejete si pokračovat?"
ON,"Zap"
OFF,"Vyp"
DISCOVER_NEW_SENSORS,"Vyhledat nové senzory"
DELETE_ALL,"Smazat vše"
CREATE_DIY_SENSOR,"Vytvořit DIY senzor"
CONFIRM_LOAD_ALL_SWITCH_POSITIONS,"Tato operace zamění pozice všech přepínačů s aktuální pozicí. Chcete opravdu pokračovat?"
CHECK_FUNCTION,"Zkontrolovat funkci"
LOAD_ALL_SWITCH_POSITIONS,"Načíst pozice všech přepínačů"
CONFIRM_LOAD_ALL_POT_POSITIONS,"Tato operace zamění pozice všech potenciometrů s aktuální pozicí. Chcete opravdu pokračovat?"
LOAD_ALL_POT_POSITIONS,"Načíst pozice všech potenciometrů"
CALIBRATION_FINISH,"Kalibrace dokončena!"
SXR_CALIBRATION,"Kalibrace SxR"
CLICK_WHEN_DONE,"Hotovo"
CALIBRATING,"Kalibruji..."
SXR_CALIBRATION_DESCRIPTION,"Popis kalibrace SxR"
SLAVE_CH,"Žák CH"
PERCENT,"Procent"
DESTINATION,"Cíl"
ENABLE,"Zap"
NO_FUNCTION_HINT,"Žádná funkce. Prosím zvole tlačítko přidat pro vytvoření!"
SPECIAL_FUNCTIONS,"Speciální funkce"
SF,"SF"
DISABLE,"Vyp"
ARE_YOU_SURE_YOU_WANT_TO_DELETE_THIS_SPECIAL_FUNCTION,"Opravdu chete smazat tuto speciální funkci?"
REGISTRATION_OK,"Registrace OK"
UID,"UID"
REGISTRATION_ID,"Registrační ID"
RX_NAME,"Jméno RX"
RECEIVER_CONNECTED,"Přijímač připojen"
REGISTRATION,"Registrace"
TRIMS,"Trimy"
FADE_IN,"Náběh"
FADE_OUT,"Sestup"
AUTO_DETECT,"Autodetekce"
DISPLAY_DECIMALS_AND_UNIT,"Přesnost zobrazení / jednotka"
SELECT_SENSOR,"Vyberte senzor"
DIY_SENSOR,"DIY senzor"
WAITING,"Čekám"
BAND,"Pásmo"
RATIO,"Poměr"
MODULE,"Modul"
PROTOCOL_DECIMALS_AND_UNIT,"Přesnost protokolu / jednotka"
CROSS_TRIM,"Přiřazení trimů"
MOVE_TRIM_TO_SUBTRIM,"Přesunout trim do subtrimu"
INSTANT_TRIM,"Instant trim"
CONFIRM_MOVE_TRIM_TO_SUBTRIM,"Potvrdte přesun trim do subtrimu?"
MOVE_TRIMS_TO_SUBTRIMS,"Přesunout trimy do subtrimů"
CONFIRM_MOVE_TRIMS_TO_SUBTRIMS,"Potvrdte přesun trimů do subtrimů?"
INDEPENDENT_PER_FLIGHT_MODE,"Individuální trim podle let. režimu"
STICK,"Páka"
CONFIGURE_SCREENS,"Nastavení obrazovek"
TOP_SCREEN,"Horní obrazovka"
CHANGE_LAYOUT,"Změnit rozvržení"
FULL_SCREEN,"Celá obrazovka"
WIDGET,"Widget"
SET_MAIN_SCREEN,"Nastavit hlavní obrazovku"
CONFIGURE_WIDGET,"Konfigurovat widget"
NEW_SCREEN,"Nová obrazovka"
SCREEN,"Obrazovka"
CHANGE_WIDGET,"Změnit Widget"
MOVE_FORWARD,"← Posunout vpřed"
MOVE_BACKWARD,"→ Posunout vzad"
RESET_FLIGHT,"Resetovat let"
RESET_TIMERS,"Resetovat stopky"
RESET_TELEMETRY,"Resetovat telemetrii"
HOME,"Domů"
ADD_AFTER,"Přidat za..."
ADD_MIX_FAILED,"Přidání mixu selhalo!"
MAX_MIXES_REACHED,"Byl dosažen maximální počet mixů!"
FIRST_POSITION,"První pozice"
MIXES_LIBRARY,"Knihovna mixů"
LOCAL_ADDRESS,"Místní adresa"
WAITING_FOR_DEVICES,"Čekám na zařízeni..."
LOCAL_NAME,"Místní název"
SEARCH_DEVICES,"Hledat zařízení"
BLUETOOTH_DEVICE_CONNECTED,"Zařízení bluetooth připojeno"
CONNECT_LAST_DEVICE,"Připojit poslední zařízení"
NO_BLUETOOTH_DEVICE_FOUND,"Zařízení bluetooth nebylo nalezeno!"
SPEAKER_MUTE,"Ztlumení reproduktoru"
DISCONNECT,"Odpojeno"
WAITING_FOR_DEVICE,"Čekám na spojení"
DIST_ADDRESS,"Vzdálená adresa"
CONNECTING,"Připojeno"
RESET_MODULE,"Reset modulu"
HIGH_SPEED,"High Speed"
NORMAL_SPEED,"Normal Speed"
MODEL,"Model"
CHECKLIST,"Kontrolní seznam"
FILE_MANAGER,"Prohl. souborů"
SOUND,"Zvuky & Vibr."
STICKS,"Páky"
DATE_TIME,"Datum & Čas"
HARDWARE,"Hardware"
INFO,"Info"
SERIAL_NUMBER,"Serial number"
RESET_FACTORY_SETTINGS,"Reset factory settings"
CONFIRM_RESET_FACTORY_SETTINGS,"Reset factory settings?"
SYSTEM,"Systém"
DISPLAY,"Displej"
KEYBOARD,"Klávesnice"
ENABLE_SLIDER,"Enable slider"
DISABLE_SLIDER,"Disable slider"
ALERTS,"Alarmy"
SPECTRUM_ANALYSER,"Spektrum"
BATTERY,"Baterie"
CHECKLIST_WARNING,"Varování kontrolního seznamu"
RADIO_IS_IN_SILENT_MODE,"Rádio je v tichém režimu"
RADIO_BATTERY_IS_LOW,"Baterie rádia je vybitá"
THROTTLE_IS_NOT_IDLE,"Plyn není na nule"
ARE_NOT_IN_SAFE_POSITION," jsou není v bezpečné pozici"
IS_NOT_IN_SAFE_POSITION," je není v bezpečné pozici"
FUNCTION_SWITCHES_ARE_NOT_IN_SAFE_POSITION,"Tlačítka funkcí nejsou v bezpečné pozici."
FAILSAFE_IS_NOT_SET,"Failsafe není nastaven"
RTC_BATTERY_IS_LOW,"Baterie RTC je vybitá"
ALWAYS_ON,"Vždy zap"
YES,"Ano"
DIGITAL_RSSI,"Digitální RSSI"
GYRO,"Gyro"
LANGUAGE,"Jazyk"
SWITCHES,"Přepínače"
TOP_TOOLBAR,"Horní panel"
NO,"Ne"
BRIGHTNESS,"Jas"
KEYS,"Klávesy"
WAKE_UP,"Probudit"
DIGITAL_VOLTAGE,"Napětí čísly"
SLEEP,"Spánek"
SYSTEM_ALERTS,"Systemové alarmy"
INACTIVITY,"Nečinnost"
AUTO_ADJUST_FROM_GPS,"Automaticky nastavit z GPS"
DATE,"Datum"
ADJUST_RTC_SPEED,"Adjust RTC speed"
SHOW_SECONDS,"Zobrazit sekundy"
IS24HOUR,"24 hodinový čas"
TIME_ZONE,"Časová zóna"
YEAR,"Rok"
MONTH,"Měsíc"
TIME,"Čas"
NEXT,"Další"
GYRO_CALIBRATION,"Kalibrace Gyra"
PREV,"Zpět"
MDL_LONG,"MDL dlouze"
HARDWARE_CHECK,"Kontrola hardwaru"
SWITCHES_SETTINGS,"Nastavení přepínačů"
ADC_INSPECTOR,"Kontrola hodnot ADC"
SYS_LONG,"SYS dlouze"
HOME_KEYMAP,"Mapování tlačítek"
POTS_SLIDERS_SETTINGS,"Nastavení pot/sliderů"
SWITCH_MIDDLE_DETECT_DELAY,"Zpož. pro detekci střed. polohy"
DISP_SHORT,"{DISP_LABEL} krátce"
DISP_LONG,"{DISP_LABEL} dlouze"
SWITCH,"Přepínač"
ANALOGS_FILTER,"Analogový filtr"
ANALOGS_CALIBRATION,"Kalibrace pák"
CONFIRM_CONTINUE,"Opravdu chete pokračovat?"
THR_NOT_LOW_WARNING,"Plyn není ve spodní pozici!"
CHANNELS_ORDER,"Pořadí kanálů"
STICKS_MODE,"Mód pák"
STICKS_MODE_1,"Mód 1"
STICKS_MODE_2,"Mód 2"
STICKS_MODE_3,"Mód 3"
STICKS_MODE_4,"Mód 4"
FIRST_FOUR_CHANNELS_FIXED,"První 4 kanály fixní"
NO_SD_CARD,"Žádná SD carta"
FLASH_BOOTLOADER,"Flash Bootloader"
FLASH_INTERNAL_MODULE,"Flash interního modulu"
PLAY,"Přehrát"
CURRENT_VERSION,"Stávající verze"
FLASH_RECEIVER_BY_INTERNAL_MODULE_OTA,"Flash RX přes int. OTA"
FLASH_RECEIVER_BY_EXTERNAL_MODULE_OTA,"Flash RX by ext. OTA"
OTA_UPDATE,"Aktualizace OTA"
FLASH_EXTERNAL_DEVICE,"Flash externího zařízení"
OPEN,"Otevřít"
FLASH_EXTERNAL_MODULE,"Flash externího modulu"
FLASH_EXTERNAL_MULTIMODULE,"Flash external multimodule"
MOVE_HERE,"Posunout zde"
OTA_UPDATE_ERROR,"Chyba aktualizace OTA"
UNSUPPORTED_RX,"Nepodporovaný RX"
MAIN_VOLTAGE,"Hlavní napětí"
DISPLAY_VOLTAGE_RANGE,"Zobrazovaný rozsah napětí"
LOW_VOLTAGE,"Alarm nízkého napětí"
RTC_VOLTAGE,"Napětí RTC"
UNKNOWN,"Neznamý"
FIRMWARE,"Firmware"
FIRMWARE_VERSION,"Verze firmware"
VIDEO_HARDWARE_VERSION,"Verze hardware videa"
RECEIVER,"Přijímač"
NON_STABILIZED_RECEIVER,"Non stabilized receiver"
VARIO,"Vario"
MAIN_VOLUME,"Hlavní hlasitost"
AUDIO_VOLUME,"Hlasitost"
PITCH_AT_ZERO,"Tón nuly"
SEQUENCE,"Sekvence"
PITCH_AT_MAX,"Tón max"
REPEAT_AT_ZERO,"Opakování"
FIXED_WING,"Letoun"
GLIDER,"Větroň"
HELI,"Heli"
MULTI,"Multi"
OTHER,"Jiný"
CALIBRATION,"Kalibrace"
INPUTS,"Vstupy"
UPDATE,"Aktualizace"
SDCARD,"SD karta"
SDCARD_ERROR,"chyba SD karty"
INVALID_DATA,"Špatná data"
FILE_BAD_FORMAT,"Neznámý soubor"
NO_FILES_ON_SD,"Na SD nejsou soubory!"
READ_ERROR,"Chyba čtení"
WRITE_ERROR,"Chyba zápisu"
WRONG_HEADER,"Špatná hlavicka"
WRONG_FORMAT,"Špatný formát"
WRONG_CRC,"Špatný CRC"
WRONG_FILE_SIZE,"Špatná velikost souboru"
WRONG_FILE,"Špatný soubor"
ERROR,"Chyba"
RUDDER,"Směrovka"
ELEVATOR,"Výškovka"
DELETE,"Smazat"
MODEL_BITMAP,"Obrázek modelu"
TAIL_TYPE,"Typ ocasu"
TRADITIONAL,"Tradiční"
VTAIL,"V-Tail"
REVERSE,"Reverse"
RATE,"Rate"
UP,"Nahoře"
DOWN,"Dole"
RIGHT,"Right"
LEFT,"Left"
TOP,"Top"
BOTTOM,"Bottom"
TIMER_UP,"Nahoru"
TIMER_DOWN,"Dolu"
LIMIT,"Limit"
SPEED,"Rychlost"
SET_DATE,"Nastavit datum"
SET_TIME,"Nastavit čas"
SILENT_MODE,"Tíchý mód"
KEY,"Klávesa"
ALARM,"Alarmy"
TRIM,"Trim"
SETUP_CHANNEL,"Nastavení kanálů"
LOGIC_SWITCH,"Logický spínač"
CREATE_MODEL,"Vytvořit model"
SAVE,"ULOŽIT"
LSW,"LS"
FSW,"FS"
OP,"OP"
TRAINER_MASTER,"Učitel"
TRAINER_SLAVE,"Žák"
LINK_MODE,"Spojení"
TRAINEE_CHANNEL,"Kanál trenéra"
SUNDAY,"Neděle"
MONDAY,"Pondělí"
TUESDAY,"Úterý"
WEDNESDAY,"Středa"
THURSDAY,"Čtvrtek"
FRIDAY,"Pátek"
SATURDAY,"Sobota"
JANUARY,"Leden"
FEBRUARY,"Únor"
MARCH,"Březen"
APRIL,"Duben"
MAY,"Květen"
JUNE,"Červen"
JULY,"Červenec"
AUGUST,"Srpen"
SEPTEMBER,"Září"
OCTOBER,"Říjen"
NOVEMBER,"Listopad"
DECEMBER,"Prosinec"
CANCEL,"Zrušit"
DELAY,"Zpoždění"
RECEIVER_TYPE,"Typ přijímače"
BACK,"Zpět"
INTERNAL,"Vnitřní"
EXTERNAL,"Vnější"
RF_PROTOCOL,"RF protokol"
EXTERNAL_RF,"Externí RF"
LOGIC_SWITCH_RANGE,"Rozsah"
PLAY_SEQUENCE,"Přehrát stopu"
WAIT_DURATION,"Doba čekání"
WAIT_CONDITION,"Podmínka čekání"
CONFIRM_DELETE_LINE,"Opravdu chcete smazat tento řádek?"
ADD_A_NEW_LINE_IN_SEQUENCE,"Přidejte nový řádek v pořadí"
PLAY_TEXT,"Přehrát text"
GO_TO_SCREEN,"Jít na stránku"
LOCK_TOUCHSCREEN,"Zámek Touchscreen"
BLANK,"Prázdný"
CALIBRATE,"Kalibrovat"
CLICK_CALIBRATE_TO_START,"Pro spuštění zmáčkněte 'Kalibrovat'"
CENTER_STICKS_POTS_SLIDERS_AND_CLICK_NEXT,"Vycentrujte páky/pot/slidery, zmáčkněte 'Další' když hotovo"
MOVE_STICKS_POTS_SLIDERS_AND_CLICK_NEXT,"Hýbejte pákami/poty/slidery do maxim, zmáčkněte 'Další' když hotovo","Hýbejte pákami/poty/slidery do maxim, 'Další' když hotovo"
CALIBRATION_COMPLETE_CLICK_CONFIRM_TO_STORE,"Kalibrace je kompletní, zmáčkněte 'Potvrdit' pro uložení do nastavení rádia","Kalibrace je kompletní, zmáčkněte 'Potvrdit' pro uložení"
BACKLIGHT,"Podsvícení"
DARK_MODE,"Tmavý režim"
HIGHLIGHT_COLOR,"Barva zvýraznění"
MODEL_NAME,"Název"
NO_AIRBRAKES,"Bez vzduch brzd"
SWR,"SWR"
CURRENT,"Proud"
VFAS,"VFAS"
TEMPERATURE_2,"Tepl 2"
TEMPERATURE_1,"Tepl 1"
FUEL,"Palivo"
ACCX,"AccX"
ACCY,"AccY"
ACCZ,"AccZ"
GPS_ALT,"GPS Alt"
GPS_SPEED,"GPS Rychlost"
GPS_COURSE,"GPS Směr"
AIR_SPEED,"Vzdušná rychlost"
BATTERY_1_VOLTAGE,"Napětí Bat1"
BATTERY_1_CURRENT,"Proud Bat1"
BATTERY_2_VOLTAGE,"Napětí Bat2"
BATTERY_2_CURRENT,"Proud Bat2"
RBOX_STATE_1,"RBOX S1"
RBOX_STATE_2,"RBOX S2"
BATTERY_1_CONSUMPTION,"Spotř. Bat1"
BATTERY_2_CONSUMPTION,"Spotř. Bat2"
SD1_CHANNEL,"SD1CH"
ESC_VOLTAGE,"Napětí ESC"
ESC_CURRENT,"Proud ESC"
ESC_RPM,"ESC RPM"
ESC_CONSUMPTION,"Spotřeba ESC"
ESC_TEMPERATURE,"Teplota ESC"
RB_OUTPUT_STATE,"Stav výstupu"
RB_CH1_A,"Proud CH1"
RB_CH2_A,"Proud CH2"
RB_CH3_A,"Proud CH3"
RB_CH4_A,"Proud CH4"
RB_CH5_A,"Proud CH5"
RB_CH6_A,"Proud CH6"
RB_CH7_A,"Proud CH7"
RB_CH8_A,"Proud CH8"
RB_CH9_A,"Proud CH9"
RB_OUTPUT_1_VOLTAGE,"Napětí Výstup 1"
RB_OUTPUT_2_VOLTAGE,"Napětí Výstup 2"
GASSUIT_TEMP1,"GASS Tepl 1"
GASSUIT_TEMP2,"GASS Tepl 2"
GASSUIT_SPEED,"GASS RPM"
GASSUIT_RES_VOL,"GASS Res. Vol."
GASSUIT_RES_PERC,"GASS Res. %"
GASSUIT_FLOW,"GASS průtok"
GASSUIT_MAX_FLOW,"GASS max průtok"
GASSUIT_AVG_FLOW,"GASS prům průtok"
BEC_VOLTAGE,"Napětí BEC"
BEC_CURRENT,"Proud BEC"
TELE_ADC4,"ADC4"
TELE_ADC3,"ADC3"
TELE_ADC2,"ADC2"
TELE_ADC1,"ADC1"
R9M_POWER,"Výkon R9M"
MINUS,"-"
DOT,"."
OK,"OK"
FLAP,"Klapky"
AIRBRAKE,"Vzdušná brzda"
ADD_SYMBOL," + "
FILE,"Soubor"
UNIT_BYTE,"B"
UNIT_KB,"kB"
UNIT_MB,"MB"
UNIT_GB,"GB"
FLASH_SPORT,"Flash S.portem"
PLAY_VALUE,"Přeh. hodnotu"
CATEGORY,"Kategorie"
MEMBER,"Položka"
ANALOGS,"Analogy"
SWITCHES_POSITIONS,"Pozice přepínačů"
TRIMS_POSITIONS,"Pozice trimů"
CONST_VALUE,"Hodoty constant"
SLIDER_LEFT,"Levý slider"
SLIDER_RIGHT,"Pravý slider"
RIGHT_HORIZONTAL,"Pravý horizontální"
TRIM_RIGHT_HORIZONTAL_LEFT,"TRIM_PHL"
TRIM_RIGHT_HORIZONTAL_RIGHT,"TRIM_PHR"
RIGHT_VERTICAL,"Pravý vertikální"
TRIM_RIGHT_VERTICAL_UP,"TRIM_PVN"
TRIM_RIGHT_VERTICAL_DOWN,"TRIM_PVD"
LEFT_VERTICAL,"Levý vertikální"
TRIM_LEFT_VERTICAL_UP,"TRIM_LVN"
TRIM_LEFT_VERTICAL_DOWN,"TRIM_LVD"
LEFT_HORIZONTAL,"Levý horizontální"
TRIM_LEFT_HORIZONTAL_LEFT,"TRIM_LHL"
TRIM_LEFT_HORIZONTAL_RIGHT,"TRIM_LHP"
T5,"T5"
TRIM_T5_LEFT,"T5L"
TRIM_T5_RIGHT,"T5P"
T6,"T6"
TRIM_T6_LEFT,"T6P"
TRIM_T6_RIGHT,"T6P"
TRIM_T5_DOWN,"T5D"
TRIM_T5_UP,"T5N"
TRIM_T6_DOWN,"T6D"
TRIM_T6_UP,"T6N"
DIFFERENTIAL,"Diferenciace"
SLOW,"Slow"
MULTIPLY,"Násobení"
WEIGHT_UP,"Horní váha"
WEIGHT_DOWN,"Dolní váha"
OUTPUT,"Výstup"
CLOSE,"Zavřít"
FLASHING,"Flešuji..."
RESET_DEVICE,"Reset zařízení..."
LOW_BATTERY,"Nízký stav baterie rádia!"
VOLTAGE_CALIBRATION,"Kalibrace napětí"
STARTING_MODEL_WIZARD,"Spouštím průvodce modelu..."
RADIO_DATA_LOAD,"Data rádia nahrána"
DEFAULT_SYSTEM_SETTINGS_RESTORED,"Chyba úložiště, obnoveno výchozí nastavení systému."
FLIGHT_MODE_SHORT,"LR"
PREFLIGHT_WARNING,"Předletové varování"
NEW_MODEL,"Nový model"
STARTING_CALIBRATION,"Zahajuji kalibraci..."
NO_SD_CARD_WARNING,"Varování, žádná SD karta"
ADD_CURVE_ERROR,"Přidání krivky selhalo!"
STEP,"Krok"
AILERON,"Křidélka"
SPACE_WITH_CHANNEL," kanál"
QUESTION_SWAP_SSS_AND_SSS_CHANNELS_SETTINGS,"Chcete zaměnit pojmenování kanálů %s a %s?"
INPUT,"Vstup"
ELE_TO_AIL,"Výšk do Křid"
THR_CURVE,"Křivka plyn"
PITCH_CURVE,"Křivka klop"
THROTTLE_CUT,"Škrtící klapka"
AIL_TO_RUD,"Křid do Směr"
ELE_TO_CAMBER,"Výšk do Camber"
RUD_TO_AIL,"Směr do Křid"
RUD_TO_ELE,"Směr do Výšk"
AIL_TO_FLAPS,"Křid do Klap"
FLAPS_TO_ELE,"Klap do Výšk"
FREE_MIX,"Volný mix"
SNAP_ROLL,"Výkrut"
TEST_MIX,"Testovací mix"
DELAY_UP,"Zpoždění nahoru"
DELAY_MID,"Zpoždení stredu"
DELAY_DOWN,"Zpoždění dolu"
NO_DELAY,"Žádné zpoždění"
V_TAIL,"V Tail"
DATA_REFUSED,"Data odmítnuta"
DEVICE_NOT_RESPONDING,"Zařízení neodpovádá"
NO_OUTPUT,"Žádný výstup"
WEIGHT_RATES,"Váha / Rates"
OTHERWISE,"Jinak"
AUTO,"Auto"
TRIM_STEP_FINE,"Jemný"
TRIM_STEP_COARSE,"Hrubý"
TRIM_STEP_EXPONENTIAL,"Exponenciální"
TRIM_STEP_EXTRA_FINE,"Extra jemný"
TRIM_STEP_MEDIUM,"Střední"
TRIM_STEP_CUSTOM,"Vlastní"
SCREENSHOT,"Screenshot"
SILENT,"Tichý"
ALARMS_ONLY,"Pouze alarmy"
OFTEN,"Častý"
ALWAYS,"Stále"
NEVER,"Never"
WHEN_TELEMETRY_STREAMING,"Při streamování telemetrie"
VOICE1,"Hlas 1 (Hlavní)"
VOICE2,"Hlas 2"
VOICE3,"Hlas 3"
NEGATIVE,"Negativní"
POSITIVE,"Pozitivní"
THROTTLE_HOLD,"Zámek plynu"
TRIGGER_VALUE,"Hraniční hodnota"
IDLE_OUTPUT_VALUE,"Hodnota uškrcení"
LOW_POSITION_TRIM,"Trim nízkého plynu"
AND,"AND"
OR,"OR"
XOR,"XOR"
SENSORS,"Senzory"
VARIOMETER,"Variometer"
ALARMS,"Alarmy"
SENSOR,"Senzor"
RX_BATT,"RxBatt"
RX_CURRENT,"RxProud"
ALTITUDE,"Výška"
VSPEED,"Vert. rychlost"
SELECT_LANGUAGE,"Výběr jazyka"
ONCE,"Jednou"
FLIGHT_DATA,"Letové údaje"
ALL_TIMERS,"Všechny stopky"
WHOLE_TELEMETRY,"Celou telemetrii"
REPEAT,"Opakovat"
WAV_FILE,"Soubor wav"
BUTTERFLY,"Butterfly"
CAMBER,"Camber"
PITCH_TO_RUD,"Kol do Vrt"
MISSING_BASIC_MIX,"Chybí základní mix"
MISSING_ENOUGH_CHANNEL,"Není dostatek kanálů k dispozici"
NOT_SUIT_FOR_THIS_MODEL,"Tento mix není vhodný pro Váš model"
THR_TO_ELE,"Plyn do Výšk"
THR_TO_RUD,"Plyn do Směr"
TEMPERATURE,"Teplota"
DATA_RATE,"Rychlost přenosu dat"
GPS,"GPS"
GAS_SUITE,"Gas Suite"
FLOW_RESET,"Reset průtoku"
CDI_OFF_SPEED_LIMIT,"Limit rychlosti vypnutí CDI"
FLOW_PULSE,"Puls průtoku"
AUTO_RESET,"Auto reset"
RESET_RESIDUAL_VOLUME,"Reset zbytkového objemu"
RESET_MAX_FLOW,"Reset max průtoku"
RESET_AVERAGE_FLOW,"Reset prům. průtoku"
VOLUME_ALARM,"Alarm objemu"
MAX_FLOW_ALARM,"Alarm max průtoku"
OVER_SPEED_ALARM,"Alarm vysoké rychlosti"
FLOW_TRIGGER,"Spoušť průtoku"
FACTORY_SETTING,"Tovární nastavení"
OVER_TEMP1_ALARM,"Alarm vysoké temp1"
OVER_TEMP2_ALARM,"Alarm vysoké temp2"
TEMPERATURE_UNIT,"Stupňů teploty"
AUTO_SAVE,"Auto ukládání"
GPS_POSITION_DATA_RATE,"Rychlost dat pozice GPS"
GPS_ALTITUDE_DATA_RATE,"Rychlost dat výšky GPS"
GPS_SPEED_DATA_RATE,"Rychlost dat rychlosti GPS"
GPS_COURSE_DATA_RATE,"Rychlost dat kurzu GPS"
GPS_TIME_DATA_RATE,"Rychlost dat času GPS"
RB_30_40,"RB 30/40"
EW,"EW"
NS,"NS"
DEFAULT_FLIGHT_MODE,"Výchozí let. režim"
SKIP_ON_STARTUP,"Přeskočit při startu"
LOW_VALUE_WARNING,"Alarm nízké hodnoty"
CRITICAL_VALUE,"Alarm kritické hodnoty"
UPGRADE_MODULE,"Aktualizace modulu"
AUTHENTICATION_FAILURE,"Selhání autentizace"
MODULE_NEEDS_UPGRADE,"Module potřebuje aktualizaci"
CLEAR,"Vymazat"
MIX_SWITCH_DESCRIPTION,"Zvolte přepínač k aktivaci/deaktivaci mixu"
MIX_WEIGHT_DESCRIPTION,"Násobitel v % je aplikován na příchozí zdroj k určení výstupní hodnoty mixu"
MIX_CURVE_DESCRIPTION,"Zvolte křivku pro mix"
MIX_DIFFERENTIAL_DESCRIPTION,"Vyberte velikost rozdílového pohybu pro kanály"
MIX_OUTPUT_DESCRIPTION,"Vyberte kanál, který má být tímto mixerem ovlivněn"
MIX_INPUT_DESCRIPTION,"Vyberte zdroj ovládání tohoto mixu"
MIX_OPERATION_DESCRIPTION,"Vyberte typ funkce tohoto mixu: Přidat, Násobit nebo Zaměnit"
MIX_REVERSE_DESCRIPTION,"Otočit směr ovládání"
MIX_OFFSET_DESCRIPTION,"Vyberte velikost offsetu od středu"
MIX_WEIGHTUP_DESCRIPTION,"Vyberte rozsah pohybu nahoru"
MIX_WEIGHTDOWN_DESCRIPTION,"Vyberte rozsah pohybu dolu"
MIX_SPEEDUP_DESCRIPTION,"Vyberte hodnotu zrychlení"
MIX_SPEEDDOWN_DESCRIPTION,"Vyberte hodnotu zpomalení"
MIX_LOWPOSTRIM_DESCRIPTION,"Trim pouze pro nízkou polohu plynu"
HELI_PITCH,"Kolektiv"
HELI_GYRO,"Gyro"
MISSING_THROTTLE,"Váš model nemá žádné škrticí klapky"
SIX_POSITIONS_SWITCH,"6-POS přepínač"
GYRO_X_AXIS,"Gyro osa X"
GYRO_Y_AXIS,"Gyro osa Y"
AILERON_LETTER,"K"
RUDDER_LETTER,"S"
ELEVATOR_LETTER,"V"
THROTTLE_LETTER,"P"
NOT,"NOT"
STICKY,"Sticky"
EDGE,"Edge"
MIDDLE,"Střed"
NO_CHECK,"Bez kontroly"
CUSTOM,"Vlastní"
HOLD,"Držet"
NO_PULSES,"Bez pulzů"
NOT_SET,"Nenastaveno"
NO_ENGINE,"Bez motoru"
NO_FLAPS,"Bez klapek"
NO_RUDDERS,"Bez směrovky"
NO_ELEVATORS,"Bez výškovky"
NO_AILERONS,"Bez křidélek"
CHANNELS_1,"1 kanál"
CHANNELS_2,"2 kanály"
CHANNELS_3,"3 kanály"
CHANNELS_4,"4 kanály"
BEEP,"Beep"
IN_RANGE,"v dosahu"
REPLACE,"Nahradit"
USE_A_SOURCE,"Použít zdroj"
CONVERT_TO_VALUE,"Změnit na hodnotu"
SPECIAL,"Speciál"
MAXIMUM,"Maximum"
MINIMUM,"Minimum"
MOMENTARY,"Moment"
TWO_POS,"2-Poz"
THREE_POS,"3-Poz"
GYRO_CALIBRATION_PLACE_LEVEL,"Umístěte rádio do roviny a po dokončení klikněte na Hotovo"
GYRO_CALIBRATION_LEFT,"Nakloňte rádio do LEVA a po dokončení klikněte na Hotovo"
GYRO_CALIBRATION_RIGHT,"Nakloňte rádio do PRAVA a po dokončení klikněte na Hotovo"
GYRO_CALIBRATION_NOSE_UP,"Nakloňte rádio NAHORU a po dokončení klikněte na Hotovo"
GYRO_CALIBRATION_NOSE_DOWN,"Nakloňte rádio DOLU a po dokončení klikněte na Hotovo"
DEFAULT,"Výchozí"
STRENGTH,"Síla"
AM,"dop"
PM,"odp"
PLAY_VARIO,"Zvuk vária"
RF_ALWAYS_OFF,"Speciální režim, RF bude vždy vypnuto."
STAB_FUNC,"Funkce stabilizace"
RX_PROTOCOL,"RX protokol"
NO_MAP,"Bez mapovaní"
DIRECTION,"Směr"
CLOCKWISE,"Dopředu"
ANTICLOCKWISE,"Opačně"
PWM_PULSE_TYPE,"Typ PWM pulzu"
BASIC_CONFIG,"Základní nast."
RX1_MAP,"RX1 Map"
RX2_MAP,"RX2 Map"
RX3_MAP,"RX3 Map"
ALL_FREQUENCY,"Všechny frekvence"
STICKS_NAME,"Názvy pák"
CHANNELS_COUNT,"Počet kanálů"
EXT,"Ext"
INT,"Int"
PLACE_RECEIVE_LEVEL,"Položte přijímač do roviny."
PLACE_RECEIVE_LEVEL_REVERSE,"Položte přijímač opačně."
PLACE_RECEIVE_LEFT,"Položte přijímac na levou stranu."
PLACE_RECEIVE_RIGHT,"Položte přijímac na pravou stranu."
PLACE_RECEIVE_FORWARD,"Položte přijímac na přední stranu."
PLACE_RECEIVE_BACKWARD,"Položte přijímac na zadní stranu."
ADD_A_NEW_WEIGHT,"+ Přidat váhu"
ADD_A_NEW_CURVE,"+ Přidat křivku"
AUDIO,"Audio"
VOICE,"Hlas"
VAR,"Var"
VOLUME,"Objem"
SAVE_TO_FLASH,"Uložit do paměti"
SAVE_TO_FLASH_MESSAGE,"Všechna nastavení byla uspěšně uložena do paměti!"
TIMER_GENERATOR,"Časový generátor"
CONFIRM_CLEAR_CHANNEL_DDD_NAME,"Kanál %d není použit v žádnem mixu.\nChcete smazat jeho jméno?"
EDIT_SSS,"Upravit %s"
RESET_SSS,"%s Reset"
OPTIONS_3DOTS,"Možnosti..."
QUESTION_COPY_CHANNEL_NAME,"Kánal nemá název.\nChcete zkopírovát název mixéru do kanálu?"
FLY_BAR_LESS,"Flybarless"
WING_RUD_ELE_AIL,"Letadlo normál"
WING_FLYING,"Delta"
WING_VTAIL_AIL,"Letadlo VTail"
LEVEL,"Horizontál"
LEVEL_REVERSED,"Horizontál revers"
UPRIGHT,"Vertikál"
UPRIGHT_REVERSED,"Vertikál revers"
WING_TYPE,"Typ křídla"
MOUNTING_TYPE,"Způsob montáže"
SXR_ENABLE,"Zapnutí stabilizace"
AIL_INVERTED,"Inverze křid"
AIL2_INVERTED,"Inverze křid2"
ELE_INVERTED,"Inverze výšk"
ELE2_INVERTED,"Inverze výšk2"
RUD_INVERTED,"Inverze směr"
AUX1_ENABLE,"Zapnutí AUX1"
AUX2_ENABLE,"Zapnutí AUX2"
QUICK_MODE,"Quick Mode"
SELF_CHECK,"Self Check"
STAB_GAIN_OF_AIL,"Zisk stab křidélek"
STAB_GAIN_OF_ELE,"Zisk stab výškovky"
STAB_GAIN_OF_RUD,"Zisk stab šmerovky"
AUTO_LEVEL_GAIN_OF_AIL,"Zisk level křidélek"
AUTO_LEVEL_GAIN_OF_ELE,"Zisk level výškovky"
HOVER_GAIN_OF_ELE,"Zisk svíčka výškovky"
HOVER_GAIN_OF_RUD,"Zisk svíčka směrovky"
KNIFE_EDGE_GAIN_OF_AIL,"Zisk nožák kridélek"
KNIFE_EDGE_GAIN_OF_RUD,"Zisk nožák směrovky"
AUTO_LEVEL_OFFSET_OF_AIL,"Offset úhlu level křidélek"
AUTO_LEVEL_OFFSET_OF_ELE,"Offset úhlu level výškovky"
HOVER_OFFSET_ANGLE_OF_ELE,"Offset úhlu svíčka výškovky"
HOVER_OFFSET_ANGLE_OF_RUD,"Offset úhlu svíčka směrovky"
KNIFE_EDGE_OFFSET_OF_AIL,"Offset úhlu nožák křidélek"
KNIFE_EDGE_OFFSET_OF_RUD,"Offset úhlu nožák směrovky"
OUTPUT_VOLTAGE,"Výstupní napětí"
LIPO_VOLTAGE,"Napětí Lipo"
RB_10_20,"RB 10/20"
ALTITUDE_DATA_RATE,"Obnovovací frekvence výšky"
VARIO_DATA_RATE,"Obnovovací frekvence Vspd"
CURRENT_DATA_RATE,"Obnovovací frekvence proudu"
VOLTAGE_DATA_RATE,"Obnonovcí frekvence napětí"
RPM,"RPM"
POLES_COUNT,"Počet pólů"
NEED_FIRMWARE_UPDATE,"Nutnost aktualizace firmware"
SYSTEM_VALUE,"Systémová hodnota"
GPS_CLOCK,"Datum Čas GPS"
RACING_MODE_ACTIVE,"Aktivován zavodní mód."
RACING_MODE_IS_UNSUPPORTED,"Závodní mód není podporován."
POTS_SLIDERS,"Pot / Slidery"
STICKS_POTS_SLIDERS,"Páky / Pot / Slidery"
WRITE_INTERVAL,"Interval zápisu"
TX_BATT,"TxBatt"
AVERAGE,"Průměr"
TOTALIZE,"Souhrn"
CELL,"Článek"
CONSUMPTION,"Spotřeba"
DISTANCE,"Vzdálenost"
FALLING_EDGE_OF_SSS_BETWEEN_SSS_AND_SSS,"↑↓Pulz %s mezi %s a %s"
RISING_EDGE_OF_SSS_DURING_SSS,"↑Edge %s během %s"
FALLING_EDGE_OF_SSS_DURING_SSS,"↓Edge %s během %s"
FALLING_EDGE_OF_SSS,"↓Edge %s"
RISING_EDGE_OF_SSS,"↑Edge %s"
STALL,"Stall"
EDITABLE_SRV_DDD_CURR,"SRV%d Proud"
EDITABLE_SRV_DDD_VOLT,"SRV%d Volt"
EDITABLE_SRV_DDD_TEMP,"SRV%d Tepl"
EDITABLE_SRV_DDD_STATUS,"SRV%d Status"
CONDITION,"Podmínka"
TIMER_LOGS,"Logy stopek"
SAVE_TO_SD,"Uložit na SD"
CLEAR_LOGS,"Vymazat logy"
TITLE,"Název"
LOWEST,"Nejnižší"
COUNT,"Počet"
HIGHEST,"Nejvyšší"
BLADES,"Listy"
MAINGEAR_TEETH,"Zuby hl. kola"
PINION_TEETH,"Zuby pastorku"
GEAR,"Převodový poměr"
PROPELLER,"Vrtule"
FLIGHT_VALUE,"Hodnota L.R."
CURRENT_FLIGHT_MODE,"Aktuální L.R."
NO_DESTINATION,"Bez cíle"
ENT_LONG,"ENT dlouze"
RX_STILL_ON_TURN_OFF_TRANSMITTER,"Přijímač je stále zapnutý, vypnout rádio ?"
CONFIRM_RESET_SENSOR,"Hodnota tohoto senseru bude resetována.\nChcete opravdu pokračovat?"
LATITUDE,"Latitude"
LONGITUDE,"Longitude"
GPS_MAP,"GPS Mapa"
MAP,"Mapa"
INTERNAL_GPS,"Interní GPS"
CLOCK,"Hodiny"
TRIP,"Cesta"
SYSTEM_EVENT,"Systémová událost"
RSSI_LOW,"Nízké RSSI"
TRAINER_ACTIVE,"Trenér aktivní"
MULTIPLIER,"Násobitel"
VERTICAL,"Vertikální"
HORIZONTAL,"Horizontální"
TOTAL,"Celkem"
CELLS,"Články"
MULTI_LIPO,"Multi LiPo"
LIPO,"LiPo"
LINE_CHART,"Čárkový graf"
LOG_PERIOD,"Rychlost logování"
RESUME,"Obnovit"
PAUSE,"Pozastavit"
AUTO_RANGE,"Flexibilí rozsah"
LOCK,"Zámek"
Xx2POS,"{HARDWARE_FUNCTION_SWITCHES} x 2-Poz"
XPOS_WITH_OFF,"{HARDWARE_FUNCTION_SWITCHES}-Poz s vyp"
XPOS,"{HARDWARE_FUNCTION_SWITCHES}-Poz"
2xXPOS,"2 x {HARDWARE_FUNCTION_SWITCHES_PER_SIDE}-Poz"
GLOBAL,"Globální"
_2DOTS,": "
SUMMARY,"Souhrn"
CONFIRM_STOP_USING_CURVE,"Jste si jisti přestat používat tuto křivku?"
CONFIRM_STOP_USING_RATE,"Jste si jisti přestat používat tento rate?"
PATTERN,"Vzor"
ROLL_ANGLE,"R.Angle"
PITCH_ANGLE,"P.Angle"
HYDRAULIC_PRESSURE,"H.Tlak"
IGNORE_TRAINER_INPUT,"Není ovládáno žákem"
FULL_RANGE,"Full range"
HALF_RANGE,"Half range"
LAST_POSITION,"Poslední pozice"
SLEEP_BRIGHTNESS,"Jas během spánku"
TOP_LCD_SLEEP,"Spánek horní obrazovky"
VIEW_PER_CHANNEL,"Zobrazení po kanálech"
VIEW_TABLE,"Tabulkové zobrazení"
GENERAL,"Nastavení"
RX_STILL_ON_TURN_OFF_RF,"Přijímač je stále připojen.\nOpravdu chete pokračovat?"
LOAD_ALL_FUNCTION_SWITCH_POSITIONS,"Načíst polohy všech funkčních tlačítek","Načíst polohy všech tlačítek"
CONFIRM_LOAD_ALL_FUNCTION_SWITCH_POSITIONS,"Tato operace přepíše pozice všech tlačítek za aktuální. Přejete si pokračovat?"
STORAGE_LOCATION,"Umístení uložiště"
RADIO,"Rádio"
MODELS,"Modely"
USER_BITMAPS,"Uživatelské bitmapy"
SCRIPTS,"Scripty"
LOGS,"Logy"
SCREENSHOTS,"Screenshoty"
PRESSURE,"Tlak"
COLOR,"Barva"
CONFIRM_CLEAR_CHANNELS_SSS_NAME,"Nejsou žádne mixy uživající kanál %s. Přejete si smazat název těchto kanálů?"
CHANNEL_SBUS_VALUE_LIMIT_WARNING,"Nová hodnota kanálů neni kompatibilní s užitím SBUS/redundancy. Opravdu chcete pokračovat?"
VOLTAGE,"Napětí"
SAVE_TO_FILE,"Uložit do souboru"
FLASH_VIDEO_COMPONENT,"Flash Video komponenty"
RX_BAT_VOLTAGE,"Napětí baterie RX"
RX_BAT_2_VOLTAGE,"Napětí baterie RX 2"
EXT_ADC_VOLTAGE,"Externí napětí ADC"
BOARD_CURRENT,"Proud desky"
POWER_ON_RESET,"Reset při zapnutí"
PIN_RESET,"Reset pinu"
WAKE_UP_RESET,"Reset při probuzení"
WATCHDOG_RESET,"Watchdog Reset"
LOCKUP_RESET,"Lockup Reset"
BROWN_DOWN_DET_RESET,"Zjištěn reset selhání napájení"
RX_RESET_CASE,"Kdy resetovat RX"
OPERATION_ASSIGN,"Přiřadit(=)"
OPERATION_ADD,"Přidat(+)"
OPERATION_SUBTRACT,"Odebrat(-)"
OPERATION_MULTIPLY,"Násobit(*)"
OPERATION_DIVIDE,"Dělit(/)"
OPERATION_MIN,"Min"
OPERATION_MAX,"Max"
REPURPOSE,"Znovu použít trim"
SENSOR_CONFLICT_WARNING,"Varování konflikt senzorů"
NIGHTLY_BUILD_NOT_FOR_FLYING,"Noční sestavení, nevhodné k letu!"
READING_FILE,"Načítám soubor ..."
NOT_ENOUGH_MEMORY,"Nedostatek paměti"
CLEAN_LOGS,"Odstranit logy"
CONFIRM_CLEAN_LOGS,"Tato operace odstraní všechny .csv soubory z adresáře. Jste si jisti, že chete pokračovat?"
CLEANING_LOGS,"Odstraňuji logy ..."
PAUSE_CONDITION,"Pauza"
RESET_SETTINGS,"Resetovat nastavení"
SWAP_CHANNELS,"Swap channels"
CONFIRM_RESET_SETTINGS,"Nastavení budou obnovena na výchozí hodnoty.\nOpravdu chcete pokračovat?"
CONFIRM_SWITCH_EXTERNAL_MODULE,"Nyní je použit externí modul. Bude zastaven.\nOpravdu chcete pokračovat?"
CONFIRM_SWITCH_TRAINER,"Tréner nyní používá externí modul. Bude zastaven.\nOpravdu chcete pokračovat?"
COMPETITION_OPTION,"Soutěž (pouze RSSI a Baterie)"
CONFIRM_BLUETOOTH_USED_BY_SSS,"Bluetooth nyní používá %s. Bude zastaveno.\nOpravdu chcete pokračovat?"
BOTH_MODULES,"Oba moduly"
SPORT_CONNECTOR,"S.Port konektor"
CONFIRM_SPORT_USED_BY_SSS,"S.Port konektor je nyní používán %s. Jste si jistý, že chcete pokračovat?"
TRAINER_CABLE,"Kabel učitel/žák"
BLUETOOTH,"Bluetooth"
SBUS_EXTERNAL_MODULE,"Externí modul SBUS"
CPPM_EXTERNAL_MODULE,"Externí modul CPPM"
LUA_TASKS,"Úlohy LUA"
LUA_SOURCES,"Zdroje LUA"
MISSING_SCRIPT_FILE,"Chybí soubor skriptu"
BITMAP,"Bitmapa"
BITMAP_TYPE,"Typ bitmapy"
BITMAP_FILE,"Soubor bitmapy"
FILE_PATH,"cesta k souboru"
TEXT,"Text"
DOCUMENTS,"Dokumenty"
USB_MODE_PRESELECTION,"Přednastavení USB módu"
USB_MODE,"USB mód"
JOYSTICK,"Joystick"
SERIAL,"Serial"
SELECT_MODEL_AT_POWER_ON,"Vybrat model po zapnutí"
LOAD_MODEL,"Nahrát model"
TELEMETRY_ACTIVE,"Telemetrie aktivní"
FLIGHT_RESET,"Flight reset"
THROTTLE_ACTIVE,"Plyn aktivní"
COUNTING_SOURCE,"Zdroj proporcionálního odpočtu"
SEND_FILE,"Pošli soubor"
FILE_TRANSFER,"Přenos souboru"
RECEIVE_FILE_HERE,"Přijmout soubor zde"
WAITING_FOR_CONNECTION,"Čekám na spojení"
WAITING_FOR_RECEIVER_CONFIRMATION,"Čekám na potvrzení příjemcem..."
FILE_TRANSFER_FAILED,"Přenos souboru selhal"
CONFIRM_RECEIVE_FILE_SSS_IN_FOLDER_SSS_SIZE_IS_SSS,"Chystáte se přijmout soubor %s do složky %s\nVelikost souboru je %s"
CONFIRM_OVERWRITE_FILE_SSS_IN_FOLDER_SSS_SIZE_IS_SSS,"Chystáte se přepsat soubor %s ve složce %s\nVelikost souboru je %s"
SENDING_SSS,"Posílám %s..."
RECEIVING_SSS,"Přijímám %s..."
SEND_MODEL,"Poslat model"
RECEIVE_MODEL,"Přijímout model"
ARE_YOU_USING_A_FRSKY_SELF_STAB_RECEIVER,"Používáte stabilizační přijímač od FrSky?"
EMERGENCY,"Nouze"
GAIN_ADJUST,"Úprava zisku"
UNIT_MILLIVOLT,"mV"
UNIT_VOLT,"V"
UNIT_MILLIAMPERE,"mA"
UNIT_AMPERE,"A"
UNIT_MILLIAMPERE_HOUR,"mAh"
UNIT_AMPERE_HOUR,"Ah"
UNIT_MILLIWATT,"mW"
UNIT_WATT,"W"
UNIT_CENTIMETER,"cm"
UNIT_METER,"m"
UNIT_KILOMETER,"km"
UNIT_FOOT,"ft"
UNIT_CENTIMETER_PER_SECOND,"cm/s"
UNIT_METER_PER_SECOND,"m/s"
UNIT_METER_PER_MINUTE,"m/min"
UNIT_FOOT_PER_SECOND,"ft/s"
UNIT_FOOT_PER_MINUTE,"ft/min"
UNIT_KILOMETER_PER_HOUR,"km/h"
UNIT_MILE_PER_HOUR,"mph"
UNIT_KNOT,"knots"
UNIT_CELSIUS,"°C"
UNIT_FAHRENHEIT,"°F"
UNIT_MICROSECOND,"us"
UNIT_PERCENT,"%"
UNIT_MILLISECOND,"ms"
UNIT_SECOND,"s"
UNIT_MINUTE,"m"
UNIT_HOUR,"h"
UNIT_DB,"dB"
UNIT_DBM,"dBm"
UNIT_HERTZ,"Hz"
UNIT_MEGAHERTZ,"MHz"
UNIT_G,"g"
UNIT_DEGREE,"°"
UNIT_RADIAN,"rad"
UNIT_MILLILITER,"ml"
UNIT_MILLILITER_PER_MINUTE,"ml/m"
UNIT_MILLILITER_PER_PULSE,"ml/p"
UNIT_RPM,"r/m"
UNIT_PA,"Pa"
UNIT_KPA,"kPa"
UNIT_MPA,"MPa"
UNIT_BAR,"bar"
UNIT_PSI,"PSI"
ASSIGN_INPUT_HINT,"Přiřadte prosím vstupní zdroje pro následující funkce"
CONFIRMATION,"Potvrzení"
ENABLE_XXX,"Enable %s?"
DISABLE_XXX,"Disable %s?"
CONFIRMATION_BEFORE_ACTIVE,"Confirmation before active"
CONFIRMATION_BEFORE_INACTIVE,"Confirmation before inactive"
REMOTE_NFC,"NFC"
SWITCH_CHANNEL,"Přepnout kanál"
WIRELESS,"Bezdrátový"
TIMEOUT,"Časový limit"
NO_ENABLED_MODULE,"Povolte modul, který chcete spárovat s NFC"
GET_MODULE_UUID_FAILED,"Nepodařilo se získat UUID modulu.\nZkontrolujte prosím stav svého modulu!"
BIND_NFC_FAILED,"Nepodařilo se spojit NFC s modulem!"
PROTOCOL_NOT_SUPPORTED,"Aktuální protokol modulu není podporován!"
CONFIRM_DELETE_TRIM,"Opravdu chcete smazat tento extra trim?"
LEFT_STICK,"Levá páka"
RIGHT_STICK,"Pravá páka"
ALL_MOTORS,"Všechny motory"
SELECT,"Vybrat"
SINGLE_MOTOR,"Jeden motor"
STICK_MOTORS,"Sloučit motory"
CONFIRM_DELETE_ACTION,"Opravdu chcete odstranit tuto akci?"
CONFIRM_DELETE_SCREEN,"Opravdu chcete odstranit tuto obrazovku?"
CONFIRM_DELETE_SENSOR,"Opravdu chcete tento senzor odstranit?"
