TRANSLATION_NAME,"Deutsch"
TRANSLATION_KEY,"de"
FORMULA,"Formel"
CALCULATED_SENSOR,"berechneter Sensor"
NAME,"Name"
DECIMALS,"Kommastellen"
VALUE,"Wert"
SENSOR_LOST_WARNING_DELAY,"Sensor verl., Ansage verz.:"
WARNING_DISABLED,"Warnung deaktiviert"
RANGE,"Bereich"
SPACE_WITH_SAMPLES," Messungen"
RESET,"zurücksetz."
TELEMETRY_SENSOR,"Telemetrie Sensor"
UNIT,"Physikalische Einheit"
WRITE_LOGS,"schreibe Logs"
ID,"ID"
CENTER,"Mittelstellung"
SUBTRIM,"Subtrim"
PWM_CENTER,"PWM Mitte"
NORMAL,"normal"
EQUAL,"gleich"
UNPLUGGED,"nicht ausgewählt"
BEHAVIOUR,"Aktion"
ADD_NEW_BEHAVIOUR,"Neue Aktion hinzufügen"
ADD_EXTRA_TRIM,"Extra Trimmer hinzufügen"
EXTRA_TRIM,"Extra trim"
SLOW_UP,"Servo-Geschw. (< Richt.)"
MIN,"min."
CURVE,"Kurve "
MAX,"max."
CHANNEL,"Kanal  "
INVERTED_CHANNEL,"Inverted channel"
INVERT,"invers"
SLOW_DOWN,"Servo-Geschw. (Richt. >)"
INVERTED,"invert."
FLIGHT_MODES,"Flugphasen"
MIX_FLIGHT_MODES_DESCRIPTION,"Flugphasen-Auswahl"
MIX_NAME_DESCRIPTION,"Mixer Namen bearbeiten"
TRIGGER_ON_CONDITION,"Trigger-EIN-Bedingung"
COMMENT,"Kommentar"
FUNCTION,"Funktion"
VALUES,"Wert"
ADD_NEW_VALUE,"+ Neuen Wert hinzufügen"
ACTIONS,"Aktionen"
ADD_NEW_ACTION,"+ Neue Aktion hinzufügen"
DURATION_HIGH,"Laufzeit aktiv"
RISING_EDGE,"Flanke steig."
DURING,"während"
VALUE1,"Wert 1"
VALUE_X,"Wert (X)"
CHECK_INTERVAL,"Prüfe Intervall"
ACTIVE_CONDITION,"aktiviert"
MIN_DURATION,"Min. Laufzeit"
MAX_DURATION,"Max Laufzeit"
DURATION_LOW,"Laufzeit inaktiv"
VALUE2,"Wert 2"
DELAY_BEFORE_ACTIVE,"Verzögerung bevor aktiv"
DURATION,"Dauer"
SOURCE_A,"Quelle (A)"
TRIGGER_OFF_CONDITION,"Trigger-AUS-Bedingung"
DELAY_BEFORE_INACTIVE,"Verzögerung bevor inaktiv"
DELAY_ON_OFF,"Verz. ON / OFF"							 
SOURCE,"Quelle"
APPLICATION_ID,"Anwendungs ID"
PHYSICAL_ID,"Physikalische ID"
ACTION,"Aktion"
TRAINER,"L/S Konfiguration"
TRAINER_MODE,"L/S Mode"
CHANNEL_RANGE,"Kanalbereich"
CH,"K"
OUTPUTS,"Ausgänge"
LAST_MODIFICATION,"Letzte Änd."
CLONE,"klonen"
MODEL_MATCH,"Modell ID"
MODEL_DATA_LOAD,"Modelldaten werden geladen"
FILE_SIZE,"Dat-Größe"
MODEL_SELECT,"Modelle"
NO_MODELS_DIRECTORY,"Kein Modellverzeichnis!"
ARE_YOU_SURE_YOU_WANT_TO_DELETE_THIS_MODEL,"Modell wirklich löschen?"
SUCCESS,"erfolgreich!"
CLONE_MODEL_SUCCESSFULLY,"Das Modell wurde erfolgreich geklont!"
FILENAME_TOO_LONG,"Dateiname zu lang!"
RX_STILL_ON_SELECT_ANOTHER_MODEL,"Empfänger noch EIN, sicher das sie das Modell wechseln wollen?"
CONFIRM_SELECT_ANOTHER_MODEL,"Sicher, dass Sie ein anderes Modell wählen wollen?"
FILE_NAME,"Dat-Name"
MODEL_TYPE,"Modell Typ"
CONFIRM,"bestätigen"
SET_CURRENT_MODEL,"Modell auswählen"
UNCATEGORIZED,"keine Kategorie"
CHANGE_FOLDER,"Ordner wechseln"
OPERATION,"Operation"
OPERATION_FAILED,"Operation fehlgeschlagen!"
DELETE_FOLDER,"Ordner löschen"
RENAME_FOLDER,"Ordner umbenennen"
CREATE_FOLDER,"Ordner anlegen"
CONFIRM_DELETE_FLIGHT_MODE,"Diese Flugphase wirklich löschen?"
MOVE,"verschieben"
EDIT,"bearbeiten"
ADD,"add./hinzuf."
TELEMETRY_PORT,"Telem. Port"
WARNING,"Warnung"
ERRORS,"FEHLER" 
OPTIONS,"Optionen"
CONFIGURE,"Konfigurieren"
WAITING_FOR_RECEIVER,"Wartet auf Empfänger..."
PIN,"PIN"
TELEMETRY,"Telemetrie"
RX_SETTINGS,"Empf. Einstellungen"
NO_RESPONSE_FROM_RECEIVER,"Empfänger antwortet nicht"
SBUS_OUT,"SBUS OUT"
SBUS_IN,"SBUS IN"
TELEMETRY_25_MW,"Telemetrie 25mW"
HIGH_PWM_SPEED,"HS-PWM Rate EIN=7ms - AUS=21ms"
FLIGHT_DATA_RECORDER,"Flugdaten-Aufz."
RX_HAS_NO_FLIGHT_DATA_RECORD,"Empfänger hat keinen Flugdaten-Rec."
SENSOR_CONFIG,"Sensor Konfig."
CONFIRM_DELETE_TIMER,"Stoppuhr löschen?"
TIMER,"Stoppuhr "
MODE,"Mode"
PASTE,"einfügen"
TIMERS,"Stoppuhren"
COPY,"kopieren"
NO_TIMER_HINT,"Keine Stoppuhr eingestellt. Plus Button drücken zum Erstellen!"
ANTENNA,"Antenne"
POWER_HAS_BEEN_CHANGED_PLEASE_REBIND,"Sendeleistung verändert, bitte neu binden!"
NO_RESPONSE_FROM_MODULE,"Modul antwortet nicht!"
POWER,"Leistung"
BAUDRATE,"Baudrate"
WAITING_FOR_MODULE,"Warten auf HF-Modul..."
TX_SETTINGS,"Sender Einstellungen"
MIXES,"Mischer"
CHANNELS,"Kanäle"
FLIGHT_MODE,"Flugphase"
D,"D"
CONFIRM_DELETE_MIX,"Mischer wirklich löschen?"
CONFIRM_DELETE_SSS,"Are you sure you want to delete %s"
NONE,"keine Auswahl"
NO_MIX_HINT,"Kein Mischer vorhanden. Plus Button drücken zum Erstellen!"
TYPE,"Typ"
SHARE,"teilen"
RX,"EMPF."
RACING_MODE,"Racing Mode"
RANGE_CHECK,"Reichweitentest"
EXTERNAL_MODULE,"Ext. HF-Modul"
BIND_OK,"Bind O.K."
BINDING_3DOTS,"Binding..."
BIND,"BIND"
FAILSAFE,"Failsafe"
INTERNAL_MODULE,"Int. HF-Modul"
SET_FAILSAFE,"Failsafe"
RESET_BIND,"Binding löschen"
FACTORY_RESET,"Werkseinstellungen"
RF_SYSTEM,"HF-System"
OWNER_REGISTRATION_ID,"Sender-ID"
SELECT_DEVICE,"Empf./Laufw. auswählen"
REGISTER,"Registrierung"
VALID_FRAME_RATE,"VFR"
STATE,"Zustand"
PROTOCOL,"Protokoll"
RSSI,"RSSI"
ARE_YOU_SURE_TO_RESET_THIS_RECEIVER,"Empfänger wirklich zurücksetzen?"
SET,"Einstellungen"
EXPO,"Expo"
UNIT_POINTS_COUNT,"Punkte"
WEIGHT,"Gew."
POINTS,"Punkte"
OFFSET,"Offset"
AUTO_OFFSET,"Auto offset"
OFFSET_WHEN_ACTIVE,"Offset wenn aktiv"
OFFSET_WHEN_INACTIVE,"Offset wenn inaktiv"
SMOOTH,"gerundet"
POINT,"Punkt "
POINTS_COUNT,"X Pkt. Kurve"
EASY_MODE,"einfacher Modus"
LOGIC_SWITCHES,"Log. Schalter"
ARE_YOU_SURE_YOU_WANT_TO_DELETE_THIS_LOGIC_SWITCH,"Sicher, dass der logische Schalter gelöscht werden soll?"
NO_LOGIC_SWITCH_HINT,"Kein logischer Schalter vorhanden. Plus Button drücken zum Erstellen!"
START_CONDITION,"Zustand starten"
STOP_CONDITION,"Zustand anhalten"
TIMER_EDIT,"Stoppuhr-Einst."
PERSISTENT,"Wert speich. wenn TX AUS?"
START_VALUE,"Start Wert"
AUDIO_ACTIONS,"Audio-Aktionen"
AUDIO_ACTION,"Audio-Aktion"
ADD_A_NEW_AUDIO_ACTION,"Neue Audio-Aktion hinzufügen"
ALARM_VALUE,"Alarm Wert"
HAPTIC,"Haptik"
COUNTDOWN,"Countdown"
BEEP_COUNTDOWN,"Signalton Countdown"
START,"Start"
PLAY_FILE,"Datei abspielen"
SPACE_WITH_OTHERS," andere..."
CONFIRM_DELETE_CURVE,"Kurve tatsächlich löschen?"
CURVE_USED_BY,"Diese Kurve wird genutzt von:"
AND_WITH_TWO_SPACES," und "
CURVES,"Kurven"
VARS,"Vars"
NO_VAR_HINT,"Keine Variable vorh. + Button klicken um eine zu erstellen!"
ARE_YOU_SURE_YOU_WANT_TO_DELETE_THIS_VAR,"Sicher, dass Sie die Variable löschen wollen?"
NO_CURVE_HINT,"Keine Kurve vorhanden. Plus Button drücken zum Erstellen!"
CONFIRM_RESET_MIXES,"Es werden alle Mischer gelöscht. Wollen Sie wirklich fortfahren?"
ELEVATORS,"HR"
YAW,"Gier"
SWASH_PLATE,"Taumelscheibe"
EDIT_MODEL,"Modell-Konfig."
PICTURE,"Foto"
TAIL,"Leitwerk-Typ"
AILERONS,"QR"
PITCH,"Pitch"
THROTTLE,"Gas"
FLAPS,"Klappen"
ENGINE,"Motor"
RUDDERS,"SR"
ROLL,"Roll"
FUNCTION_SWITCHES,"Funkt.-Schalter"
RESET_ALL_MIXES,"Setzt alle Mischer zurück!"
CREATE_CALCULATED_SENSOR,"berechneten Sensor erstellen"
CONFIRM_DELETE_SENSORS,"Alle Sensoren löschen?\nSicher das sie fortfahren wollen?"
ON,"EIN"
OFF,"AUS"
DISCOVER_NEW_SENSORS,"Sensoren finden"
DELETE_ALL,"Lösche alle"
CREATE_DIY_SENSOR,"DIY Sensor erstellen"
CONFIRM_LOAD_ALL_SWITCH_POSITIONS,"Dieser Vorgang überschreibt alle Schalterprüf-Positionen mit den aktuellen Positionen. Sicher, dass Sie fortfahren möchten?"
CHECK_FUNCTION,"Prüfe Funktion"
LOAD_ALL_SWITCH_POSITIONS,"Alle Schalter-Stellungen laden"
CONFIRM_LOAD_ALL_POT_POSITIONS,"Dieser Vorgang überschreibt alle Potentiometer-Positionen mit den aktuellen Positionen. Sicher, dass Sie fortfahren möchten?"
LOAD_ALL_POT_POSITIONS,"Alle Poti-Stellungen laden"
CALIBRATION_FINISH,"Kalibrierung abgeschlossen!"
SXR_CALIBRATION,"SxR Kalibrierung"
CLICK_WHEN_DONE,"Klicke wenn fertig."
CALIBRATING,"Kalibrierung..."
SXR_CALIBRATION_DESCRIPTION,"Positionieren Sie den SXR gemäß Grafik. Achten Sie auf die Lage der Beschriftung und der Steckerpins."
SLAVE_CH,"Ersatzkanal  "
PERCENT,"Prozent"
DESTINATION,"Zielort"
ENABLE,"AKTIV"
NO_FUNCTION_HINT,"Keine Funktion vorhanden. Plus Button drücken zum Erstellen!"
SPECIAL_FUNCTIONS,"Spez.- Funktionen"
SF,"SF"
DISABLE,"INAKT."
ARE_YOU_SURE_YOU_WANT_TO_DELETE_THIS_SPECIAL_FUNCTION,"Diese Spezial-Funktion wirklich löschen?"
REGISTRATION_OK,"Registrierung O.K."
UID,"UID"
REGISTRATION_ID,"Sender-ID"
RX_NAME,"EMPF. Name"
RECEIVER_CONNECTED,"Empfänger verbunden"
REGISTRATION,"Registrierung"
TRIMS,"Trimmungen"
FADE_IN,"Fade In"
FADE_OUT,"Fade Out"
AUTO_DETECT,"Erkennung automatisch"
DISPLAY_DECIMALS_AND_UNIT,"Bildschirm Präzision / Einheit"
SELECT_SENSOR,"Sensor auswählen"
DIY_SENSOR,"DIY Sensor"
WAITING,"warten"
BAND,"Band"
RATIO,"Verhältnis"
MODULE,"Modul"
PROTOCOL_DECIMALS_AND_UNIT,"Protokoll Präzision / Einheit"
CROSS_TRIM,"Kreuz-Trimmung"
MOVE_TRIM_TO_SUBTRIM,"Versch. Trimmer zu Sub-Trimmer"
INSTANT_TRIM,"Direkt Trim"
CONFIRM_MOVE_TRIM_TO_SUBTRIM,"Trim zu Sub-Trim wirklich verschieben?"
MOVE_TRIMS_TO_SUBTRIMS,"Versch. Trimmungen zu Sub-Trimmungen"
CONFIRM_MOVE_TRIMS_TO_SUBTRIMS,"Trimmungen zu Sub-Trimmungen verschieben?"
INDEPENDENT_PER_FLIGHT_MODE,"Trimmung je Flugphase"
STICK,"Steuerknüppel "
CONFIGURE_SCREENS,"Bildschirm konfig."
TOP_SCREEN,"Bildschirm oben"
CHANGE_LAYOUT,"Ändere Layout"
FULL_SCREEN,"Vollbild"
WIDGET,"Widget"
SET_MAIN_SCREEN,"Hauptbildschirm wählen"
CONFIGURE_WIDGET,"konfiguriere Widget"
NEW_SCREEN,"Bildschirm neu"
SCREEN,"Bildsch."
CHANGE_WIDGET,"Tausche Widget"
MOVE_FORWARD,"← vorwärts bewegen"
MOVE_BACKWARD,"→ zurück bewegen"
RESET_FLIGHT,"Flug zurücksetzen"
RESET_TIMERS,"Stoppuhren zurücksetzen"
RESET_TELEMETRY,"Telemetrie zurücksetzen"
HOME,"Startseite"
ADD_AFTER,"hinzufügen nach..."
ADD_MIX_FAILED,"Mischer hinzufügen, fehlgeschlagen!"
MAX_MIXES_REACHED,"Die maximale Anzahl der Mischer ist erreicht!"
FIRST_POSITION,"erste Position"
LAST_POSITION,"letzte Position"
MIXES_LIBRARY,"Mischer-Bibliothek"
LOCAL_ADDRESS,"Lokale Adresse"
WAITING_FOR_DEVICES,"Wartet auf Laufwerk..."
LOCAL_NAME,"Lokaler Name"
SEARCH_DEVICES,"suche Laufwerke"
BLUETOOTH_DEVICE_CONNECTED,"Bluetooth Gerät verbunden!"
CONNECT_LAST_DEVICE,"Letztes Gerät anschließen"
NO_BLUETOOTH_DEVICE_FOUND,"Kein Bluetooth-Gerät gefunden!"
DISCONNECT,"Verb. trennen"
WAITING_FOR_DEVICE,"Warten auf Verbindung"
DIST_ADDRESS,"Externe Adresse"
CONNECTING,"Verbinden"
RESET_MODULE,"Module zurücksetzen"
HIGH_SPEED,"Geschw. HOCH"
NORMAL_SPEED,"Geschw. NORMAL"
MODEL,"Modell"
CHECKLIST,"Checkliste"
FILE_MANAGER,"Datei Manager"
SOUND,"Warntöne & Vibr."
STICKS,"Knüppel Mode"
DATE_TIME,"Datum & Uhrzeit"
HARDWARE,"Hardware"
INFO,"Info"
SERIAL_NUMBER,"Seriennummer"
RESET_FACTORY_SETTINGS,"Auf Werkseinst. zurücksetz."
CONFIRM_RESET_FACTORY_SETTINGS,"Wirklich zurücksetzen?"
SYSTEM,"System"
DISPLAY,"Bildschirm"
KEYBOARD,"Tastatur"
ENABLE_SLIDER,"Schiebereg. ein"
DISABLE_SLIDER,"Schiebereg. aus"							 
ALERTS,"Alarme"
SPECTRUM_ANALYSER,"Spekt. Analyser"
BATTERY,"TX-Akku & Sp. Bat."
CHECKLIST_WARNING,"CHECKLISTEN WARNUNG"
PRESS_ANY_KEY_TO_SKIP,"Überspringen mit beliebiger Taste"
RADIO_IS_IN_SILENT_MODE,"Sender ist im lautlosen Modus"
RADIO_BATTERY_IS_LOW,"Spannung, Senderakku niedrig"
THROTTLE_IS_NOT_IDLE,"Gas ist nicht in Leerlaufstellung!"
ARE_NOT_IN_SAFE_POSITION," sind nicht in sicherer Position"
IS_NOT_IN_SAFE_POSITION," ist nicht in sicherer Position"
FUNCTION_SWITCHES_ARE_NOT_IN_SAFE_POSITION,"Funktionsschalter sind nicht in sicherer Position"
FAILSAFE_IS_NOT_SET,"Failsafe ist nicht eingestellt"
RTC_BATTERY_IS_LOW,"Spannnung, Uhr/Dat.-Batterie niedrig"
ALWAYS_ON,"EIN"
YES,"JA"
DIGITAL_RSSI,"RSSI Digital"
GYRO,"Kreisel"
LANGUAGE,"Sprache"
SWITCHES,"Schalter"
TOP_TOOLBAR,"Symbolleiste oben"
NO,"NEIN"
BRIGHTNESS,"Helligkeit"
KEYS,"Tasten"
WAKE_UP,"Bildschirm einschalten durch"
DIGITAL_VOLTAGE,"Spannung-Senderakku Digital"
SLEEP,"Helligkeit reduzieren nach"
SYSTEM_ALERTS,"System Alarme"
INACTIVITY,"Inaktivitäts-Warnung nach"
AUTO_ADJUST_FROM_GPS,"Autom. Abgl. Uhrz. über GPS"
DATE,"Datum"
ADJUST_RTC_SPEED,"Man. Abgl. Uhrz.-Genauigkeit"
SHOW_SECONDS,"zeige Sekunden"
IS24HOUR,"Zeitformat 24 Std."
TIME_ZONE,"Zeitzone"
YEAR,"Jahr"
MONTH,"Monat"
TIME,"Uhrzeit"
NEXT,"weiter"
GYRO_CALIBRATION,"Kreisel  Kalibrierung"
PREV,"zurück"
MDL_LONG,"MDL lang"
HARDWARE_CHECK,"Hardware  Test"
SWITCHES_SETTINGS,"Einst. Schalter"
ADC_INSPECTOR,"ADC  Wert  Prüfer"
SYS_LONG,"SYS lang"
HOME_KEYMAP,"Startseite Tastaturbelegung"
POTS_SLIDERS_SETTINGS,"Einst. Potis/Sliders"
SWITCH_MIDDLE_DETECT_DELAY,"Schaltermitte erkennt Verz."
DISP_SHORT,"{DISP_LABEL} kurz"
DISP_LONG,"{DISP_LABEL} lang"
SWITCH,"Schalter"
ANALOGS_FILTER,"Analoge Filter"
ANALOGS_CALIBRATION,"Kalib. analoge Geber"
CONFIRM_CONTINUE,"fortsetzen?"
THR_NOT_LOW_WARNING,"Gas nicht in Leerlaufstellung!"
CHANNELS_ORDER,"Kanal Reihenfolge"
STICKS_MODE,"Steuerknüppel Mode"
STICKS_MODE_1,"Steuerknüppel Mode 1"
STICKS_MODE_2,"Steuerknüppel Mode 2"
STICKS_MODE_3,"Steuerknüppel Mode 3"
STICKS_MODE_4,"Steuerknüppel Mode 4"
FIRST_FOUR_CHANNELS_FIXED,"Ersten 4 Kanäle sind festgel."
NO_SD_CARD,"Keine SD Karte"
FLASH_BOOTLOADER,"Flash Bootloader"
FLASH_INTERNAL_MODULE,"Flash Internes HF-Modul"
PLAY,"abspielen"
CURRENT_VERSION,"Empf. Software Version"
FLASH_RECEIVER_BY_INTERNAL_MODULE_OTA,"Flash Empf. via int. OTA"
FLASH_RECEIVER_BY_EXTERNAL_MODULE_OTA,"Flash Empf. via ext. OTA"
OTA_UPDATE,"OTA Update"
FLASH_EXTERNAL_DEVICE,"Flash externe Geräte"
OPEN,"öffnen"
FLASH_EXTERNAL_MODULE,"Flash Externes Modul"
FLASH_EXTERNAL_MULTIMODULE,"Flashe externes Multi-Modul"
MOVE_HERE,"versch. hierher"
OTA_UPDATE_ERROR,"OTA Update Fehler"
UNSUPPORTED_RX,"Empf. nicht unterstützt"
MAIN_VOLTAGE,"Senderakku -kalibriert?-"
DISPLAY_VOLTAGE_RANGE,"Anzeige Spannungsbereich"
LOW_VOLTAGE,"Warnschwelle Akkuspannung"
RTC_VOLTAGE,"Uhr/Dat. -Batterie-"
UNKNOWN,"unbekannt"
FIRMWARE,"Firmware"
FIRMWARE_VERSION,"Version (Firmware)"
VIDEO_HARDWARE_VERSION,"Video Hardware Version"
RECEIVER,"Empfänger"
NON_STABILIZED_RECEIVER,"Kein stabi. Empf."
VARIO,"Vario"
MAIN_VOLUME,"Lautstärke"
AUDIO_VOLUME,"Volumen"
PITCH_AT_ZERO,"Tonfrequenz Sinken"
SEQUENCE,"Sequence"
PITCH_AT_MAX,"Tonfrequenz Steigen"
REPEAT_AT_ZERO,"Wiederholrate"
FIXED_WING,"Motor/Jet"
GLIDER,"Segler"
HELI,"Hubschrauber "
MULTI,"Copter"
OTHER,"Andere"
CALIBRATION,"Kalibrierung"
INPUTS,"Eing.-Ausw."
UPDATE,"Update"
SDCARD,"SD-Karte"
SDCARD_ERROR,"SD-Karten Fehler"
INVALID_DATA,"Daten ungültig"
FILE_BAD_FORMAT,"Daten-Format unbekannt"
NO_FILES_ON_SD,"SD-Karte ohne Dateien"
READ_ERROR,"Lesefehler"
WRITE_ERROR,"Schreibfehler"
WRONG_HEADER,"Kopfzeile falsch"
WRONG_FORMAT,"Format falsch"
WRONG_CRC,"CRC falsch"
WRONG_FILE_SIZE,"Dateigrösse falsch"
WRONG_FILE,"Datei falsch"
ERROR,"Fehler"
RUDDER,"SR"
ELEVATOR,"HR"
DELETE,"löschen"
MODEL_BITMAP,"Modell-Foto"
TAIL_TYPE,"Heck Typ"
TRADITIONAL,"Kreuz-Leitw."
VTAIL,"V-Leitwerk"
REVERSE,"invert."
RATE,"Rate"
UP,"↑ hoch"
DOWN,"↓ runter"
RIGHT,"Eingabe posi."
LEFT,"Eingabe nega."
TOP,"Zw.wert posi."
BOTTOM,"Zw.wert nega."
TIMER_UP,"↑ hoch"
TIMER_DOWN,"↓ runter"
LIMIT,"Limit"
SPEED,"Geschwindigkeit"
SET_DATE,"Datum einstellen"
SET_TIME,"Uhrzeit einstellen"
SILENT_MODE,"Stummer Modus"
KEY,"Passwort"
ALARM,"Alarm"
TRIM,"Trim"
SETUP_CHANNEL,"Kanal-Einstellungen"
LOGIC_SWITCH,"Log. Schalter"
CREATE_MODEL,"Modell erstellen"
CANCEL,"löschen"
DELAY,"verzögern"
SAVE,"speichern"
LS,"LS"
FS,"FS"
OP,"OP"
TRAINER_MASTER,"Lehrer"
TRAINER_SLAVE,"Schüler"
LINK_MODE,"Verbindungs-Modus"
TRAINEE_CHANNEL,"Schüler Kanal"
SUNDAY,"Sonntag"
MONDAY,"Montag"
TUESDAY,"Dienstag"
WEDNESDAY,"Mittwoch"
THURSDAY,"Donnerstag"
FRIDAY,"Freitag"
SATURDAY,"Sonnabend"
JANUARY,"Januar"
FEBRUARY,"Februar"
MARCH,"März"
APRIL,"April"
MAY,"Mai"
JUNE,"Juni"
JULY,"Juli"
AUGUST,"August"
SEPTEMBER,"September"
OCTOBER,"Oktober"
NOVEMBER,"November"
DECEMBER,"Dezember"
RECEIVER_TYPE,"Empf. Typ"
BACK,"zurück"
INTERNAL,"INTERN"
EXTERNAL,"EXTERN"
RF_PROTOCOL,"HF Protokoll"
EXTERNAL_RF,"HF Extern"
LOGIC_SWITCH_RANGE,"Bereich Log.Sch."
PLAY_SEQUENCE,"AUDIO abspielen"
WAIT_DURATION,"Wartezeit"
WAIT_CONDITION,"Bedingung abwarten"
CONFIRM_DELETE_LINE,"Wollen Sie diese Zeile wirklich löschen?"
ADD_A_NEW_LINE_IN_SEQUENCE,"Eine neue Zeile in der Reihenfolge hinzufügen"
PLAY_TEXT,"Text abspielen"
GO_TO_SCREEN,"weiter zum Bildschirm"
LOCK_TOUCHSCREEN,"Bildschirm sperren"
BLANK,"leer"
CALIBRATE,"kalibrieren"
CLICK_CALIBRATE_TO_START,Klicke -kalibrieren- um zu beginnen
CENTER_STICKS_POTS_SLIDERS_AND_CLICK_NEXT,Stelle Sticks/Potis/Slider auf Mitte. Dann klicke -weiter-.
MOVE_STICKS_POTS_SLIDERS_AND_CLICK_NEXT,Bewege Sticks/Potis/Slider in jede Endpos..\nDann klicke -weiter-.
CALIBRATION_COMPLETE_CLICK_CONFIRM_TO_STORE,Kalibrierung abgeschlossen. Klicke -bestätigen- zum Speichern.
BACKLIGHT,"Hintergrund-Beleuchtung"
DARK_MODE,"Bildschirm-Gestaltung -dunkel-"
HIGHLIGHT_COLOR,"Highlight Farbe"
MODEL_NAME,"Name"
NO_AIRBRAKES,"keine Bremsklappen"
SWR,"SWR"
CURRENT,"FASS"
VFAS,"VFAS"
TEMPERATURE_2,"Temp. 2"
TEMPERATURE_1,"Temp. 1"
FUEL,"Kraftstoff"
ACCX,"AccX"
ACCY,"AccY"
ACCZ,"AccZ"
GPS_ALT,"GPS Alt"
GPS_SPEED,"GPS Geschw."
GPS_COURSE,"GPS Kurs"
AIR_SPEED,"Fluggeschw."
BATTERY_1_VOLTAGE,"Bat1 Spannung"
BATTERY_1_CURRENT,"Bat1 Strom"
BATTERY_2_VOLTAGE,"Bat2 Spannung"
BATTERY_2_CURRENT,"Bat2 Strom"
RBOX_STATE_1,"RBOX S1"
RBOX_STATE_2,"RBOX S2"
BATTERY_1_CONSUMPTION,"Bat1 Verbr."
BATTERY_2_CONSUMPTION,"Bat2 Verbr."
BATTERY_1_TEMPERATURE,"Bat1 temp."
BATTERY_2_TEMPERATURE,"Bat2 temp."
SD1_CHANNEL,"Kanal SD1"
ESC_VOLTAGE,"ESC Spannung"
ESC_CURRENT,"ESC Strom"
ESC_RPM,"ESC U/min"
ESC_CONSUMPTION,"ESC Verb."
ESC_TEMPERATURE,"ESC Temp."
RB_OUTPUT_STATE,"Ausgangs-Zustand"
RB_CH1_A,"RB K1_A"
RB_CH2_A,"RB K2_A"
RB_CH3_A,"RB K3_A"
RB_CH4_A,"RB K4_A"
RB_CH5_A,"RB K5_A"
RB_CH6_A,"RB K6_A"
RB_CH7_A,"RB K7_A"
RB_CH8_A,"RB K8_A"
RB_CH9_A,"RB k9_A"
RB_OUTPUT_1_VOLTAGE,"RB Ausg.1"
RB_OUTPUT_2_VOLTAGE,"RB Ausg.2"
GASSUIT_TEMP1,"GASS.Temp. 1"
GASSUIT_TEMP2,"GASS.Temp. 2"
GASSUIT_SPEED,"GASS.U/min"
GASSUIT_RES_VOL,"GASS.Res.Vol."
GASSUIT_RES_PERC,"GASS.Res.%"
GASSUIT_FLOW,"GASS.Durchfl."
GASSUIT_MAX_FLOW,"GASS.max.Durchfl."
GASSUIT_AVG_FLOW,"GASS.Ø-Durchfl."
BEC_VOLTAGE,"BEC Voltage"
BEC_CURRENT,"BEC Current"
R9M_POWER,"R9M Leistung"
OK,"OK"
FLAP,"Klappe"
AIRBRAKE,"Multi-Offset"
FILE,"Datei"
FLASH_SPORT,"Flash S.Port"
PLAY_VALUE,"Wert ansagen"
CATEGORY,"Kategorie"
MEMBER,"Teil"
ANALOGS,"Analog"
SWITCHES_POSITIONS,"Schalter-Pos."
TRIMS_POSITIONS,"Trimm.-Pos."
CONST_VALUE,"konst. Werte"
SLIDER_LEFT,"Drehg. li."
SLIDER_RIGHT,"Drehg. re."
RIGHT_HORIZONTAL,"T1"
TRIM_RIGHT_HORIZONTAL_LEFT,"T1 links"
TRIM_RIGHT_HORIZONTAL_RIGHT,"T1 rechts"
RIGHT_VERTICAL,"T2"
TRIM_RIGHT_VERTICAL_UP,"T2 hoch"
TRIM_RIGHT_VERTICAL_DOWN,"T2 tief"
LEFT_VERTICAL,"T3"
TRIM_LEFT_VERTICAL_UP,"T3 hoch"
TRIM_LEFT_VERTICAL_DOWN,"T3 tief"
LEFT_HORIZONTAL,"T4"
TRIM_LEFT_HORIZONTAL_LEFT,"T4 links"
TRIM_LEFT_HORIZONTAL_RIGHT,"T4 rechts"
TRIM_T5_LEFT,"T5 links"
TRIM_T5_RIGHT,"T5 rechts"
TRIM_T6_LEFT,"T6 links"
TRIM_T6_RIGHT,"T6 rechts"
TRIM_T5_DOWN,"T5 tief"
TRIM_T5_UP,"T5 hoch"
TRIM_T6_DOWN,"T6 tief"
TRIM_T6_UP,"T6 hoch"
DIFFERENTIAL,"Diff."
SLOW,"Slow"
MULTIPLY,"multiplizieren"
WEIGHT_UP,"Gewichtung höher"
WEIGHT_DOWN,"Gewichtung niedriger"
OUTPUT,"Ausgang"
CLOSE,"schließen"
FLASHING,"flashen..."
RESET_DEVICE,"Gerät zurücksetzen..."
LOW_BATTERY,"Akkuspannung niedrig!"
VOLTAGE_CALIBRATION,"Spannungsanzeige kalibrieren"
STARTING_MODEL_WIZARD,"Modell Wizzard starten..."
RADIO_DATA_LOAD,"Senderdaten werden geladen"
DEFAULT_SYSTEM_SETTINGS_RESTORED,"Speicherfehler! Standard-Systemeinstellungen wiederhergestellt."
FLIGHT_MODE_SHORT,"FP"
PREFLIGHT_WARNING,"Vorflug-Warnungen"
NEW_MODEL,"Neues  Modell"
STARTING_CALIBRATION,"Kalibrierung starten..."
NO_SD_CARD_WARNING,"Warnung, keine SD Karte"
ADD_CURVE_ERROR,"Kurve hinzufügen fehlgeschlagen!"
STEP,"Schritt"
AILERON,"QR"
SPACE_WITH_CHANNEL," Kanal"
QUESTION_SWAP_SSS_AND_SSS_CHANNELS_SETTINGS,"Möchten Sie die Einstellungen der Kanäle %s und %s tauschen?"
INPUT,"Eingang"
ELE_TO_AIL,"HR → QR"
THR_CURVE,"Gas-Kurve"
PITCH_CURVE,"Pitch-Kurve"
THROTTLE_CUT,"Motor AUS"
AIL_TO_RUD,"QR → SR"
ELE_TO_CAMBER,"HR → WLB"
RUD_TO_AIL,"SR → QR"
RUD_TO_ELE,"SR → HR"
AIL_TO_FLAPS,"QR → KLP"
FLAPS_TO_ELE,"WLB → HR"
FREE_MIX,"Freier Mischer"
SNAP_ROLL,"Snap Roll"
TEST_MIX,"Servotest"
DELAY_UP,"Verzögerung Oben"
DELAY_MID,"Verzögerung Mitte"
DELAY_DOWN,"Verzögerung Unten"
NO_DELAY,"Verzögerung AUS"
V_TAIL,"V Leitwerk"
DATA_REFUSED,"Daten abgelehnt"
DEVICE_NOT_RESPONDING,"Gerät gibt keine Rückmeldung"
NO_OUTPUT,"keine Ausgabe"
WEIGHT_RATES,"Gewichtung / Anteile"
OTHERWISE,"sonst"
AUTO,"Auto"
TRIM_STEP_FINE,"FEIN"
TRIM_STEP_COARSE,"GROB"
TRIM_STEP_EXPONENTIAL,"EXPONENTIAL"
TRIM_STEP_EXTRA_FINE,"EXTRA FEIN"
TRIM_STEP_MEDIUM,"MITTEL"
TRIM_STEP_CUSTOM,"FREI DEFINIERT"
SCREENSHOT,"Screenshot"
SILENT,"lautlos"
ALARMS_ONLY,"nur Alarm"
OFTEN,"öfter"
ALWAYS,"immer"
NEVER,"nie"
WHEN_TELEMETRY_STREAMING,"Wenn Telemetrie-Übertragung"
VOICE1,"Stimme 1 (Hauptst.)"
VOICE2,"Stimme 2"
VOICE3,"Stimme 3"
NEGATIVE,"negativ"
POSITIVE,"positiv"
THROTTLE_HOLD,"Gasstellung halten"
TRIGGER_VALUE,"Trigger-Wert"
IDLE_OUTPUT_VALUE,"Leerlauf-Wert"
LOW_POSITION_TRIM,"Leerlauf-Trimmung"
AND,"UND"
OR,"ODER"
XOR,"XOR"
SENSORS,"Sensoren"
VARIOMETER,"Variometer"
ALARMS,"Alarme"
SENSOR,"Sensor"
RX_BATT,"Empf.Bat."
RX_CURRENT,"Empf.Strom"
ALTITUDE,"Flughoehe"
VSPEED,"Steigr. Vario"
SELECT_LANGUAGE,"Sprache auswählen"
ONCE,"1x"
FLIGHT_DATA,"Flugdaten"
ALL_TIMERS,"Stoppuhren alle"
WHOLE_TELEMETRY,"Telemetrie gesamt"
REPEAT,"wiederholen"
WAV_FILE,"WAV  Datei"
BUTTERFLY,"Butterfly"
CAMBER,"Wölbklappen"
PITCH_TO_RUD,"Pitch zu Heck"
MISSING_BASIC_MIX,"fehlender Grundmischer"
MISSING_ENOUGH_CHANNEL,"Es stehen nicht genügend Kanäle zur Verfügung!"
NOT_SUIT_FOR_THIS_MODEL,"Dieser Mischer ist für dieses Modell nicht geeignet!"
THR_TO_ELE,"GAS → HR"
THR_TO_RUD,"GAS → SR"
TEMPERATURE,"Temperatur"
DATA_RATE,"Datenrate"
GPS,"GPS"
GAS_SUITE,"Gas Suite"
FLOW_RESET,"Durchfl. zurücksetzen"
CDI_OFF_SPEED_LIMIT,"CDI Drehzahlbegrenzung"
FLOW_PULSE,"Durchfl.-Impuls"
AUTO_RESET,"Automatisch zurücks."
RESET_RESIDUAL_VOLUME,"Restvolumen zurücks."
RESET_MAX_FLOW,"Max. Durchfluß zurücks."
RESET_AVERAGE_FLOW,"Durchschn. Durchfluß zurücks."
VOLUME_ALARM,"Volume Alarm"
MAX_FLOW_ALARM,"Max. Durchfl. Alarm"
OVER_SPEED_ALARM,"Alarm bei Drehzahlüberschreitung"
FLOW_TRIGGER,"Durchfl. Trigger"
FACTORY_SETTING,"Werkseinstellung"
OVER_TEMP1_ALARM,"Alarm Übertemp. 1"
OVER_TEMP2_ALARM,"Alarm Übertemp. 2"
TEMPERATURE_UNIT,"Temp. °C"
AUTO_SAVE,"Autom. speichern"
GPS_POSITION_DATA_RATE,"Datenrate GPS-Position"
GPS_ALTITUDE_DATA_RATE,"Datenrate GPS-Flughoehe"
GPS_SPEED_DATA_RATE,"Datenrate GPS-Geschw."
GPS_COURSE_DATA_RATE,"Datenrate GPS-Kurs"
GPS_TIME_DATA_RATE,"Datenrate GPS-Zeit"
RB_30_40,"RB 30/40"
EW,"EW"
NS,"NS"
DEFAULT_FLIGHT_MODE,"Basis Flugphase"
SKIP_ON_STARTUP,"Nicht beim Start"
LOW_VALUE_WARNING,Warnschwelle "NIEDRIG"
CRITICAL_VALUE,Warnschwelle "KRITISCH"
UPGRADE_MODULE,"Upgrade Modul"
AUTHENTICATION_FAILURE,"Fehler Authentifikation"
MODULE_NEEDS_UPGRADE,"Modul benötigt Upgrade"
CLEAR,"Name löschen"
MIX_SWITCH_DESCRIPTION,"Auswahl von verschiedenen Möglichkeiten den Mischer aktiv/inaktiv zu schalten."
MIX_WEIGHT_DESCRIPTION,"Der Eingangswert (Quelle), multipliziert mit diesem Wert in Prozent, ergibt den Ausgangswert des Mischers. Dies wird nach der Kurve berechnet"
MIX_CURVE_DESCRIPTION,"Erstellen oder wählen sie eine Kurve für den Mischer. Dies wird vor dem Parameter-Gewicht berechnet"
MIX_DIFFERENTIAL_DESCRIPTION,"Wählen Sie aus wie stark die Differenzierung (-100 bis +100%) des Kanals sein soll."
MIX_OUTPUT_DESCRIPTION,"Wählen sie den Kanal auf den dieser Mischer wirken soll."
MIX_INPUT_DESCRIPTION,"Wählen sie die Steuerquelle um diesen Mischer zu steuern."
MIX_OPERATION_DESCRIPTION,"Wählen sie den Funktionstyp für den Mischer aus: Addieren, Multiplizieren oder Ersetzen."
MIX_REVERSE_DESCRIPTION,"Drehrichtung ändern"
MIX_OFFSET_DESCRIPTION,"Wählen sie einen Offsetwert aus -abweichend von der Mittelstellung-."
MIX_WEIGHTUP_DESCRIPTION,"Servoweg vergrössern"
MIX_WEIGHTDOWN_DESCRIPTION,"Servoweg verkleinern"
MIX_SPEEDUP_DESCRIPTION,"Servogeschwindigkeit erhöhen"
MIX_SPEEDDOWN_DESCRIPTION,"Servogeschwindigkeit verringern"
MIX_LOWPOSTRIM_DESCRIPTION,"Trimmung nur untere Position aktivieren"
HELI_PITCH,"Pitch"
HELI_GYRO,"Kreisel"
MISSING_THROTTLE,"Das Modell hat keine Gasfunktion."
SIX_POSITIONS_SWITCH,"6-Pos. Schalter"
GYRO_X_AXIS,"X Achse"
GYRO_Y_AXIS,"Y Achse"
AILERON_LETTER,"QR"
RUDDER_LETTER,"SR"
ELEVATOR_LETTER,"HR"
THROTTLE_LETTER,"GAS"
NOT,"NICHT"
STICKY,"SR FlipFlop"
EDGE,"Impuls/Übergang nach"
MIDDLE,"Mitte"
NO_CHECK,"nicht geprüft"
CUSTOM,"Benutzer"
HOLD,"Position halten"
NO_PULSES,"kein Impuls"
NOT_SET,"nicht eingestellt"
NO_ENGINE,"kein Motor"
NO_FLAPS,"keine Klappen"
NO_RUDDERS,"kein SR"
NO_ELEVATORS,"kein HR"
NO_AILERONS,"kein QR"
CHANNELS_1,"1 Kanal"
CHANNELS_2,"2 Kanäle"
CHANNELS_3,"3 Kanäle"
CHANNELS_4,"4 Kanäle"
BEEP,"Piepton"
IN_RANGE,"im Ber."
REPLACE,"ersetzen"
USE_A_SOURCE,"Signalquelle verwenden"
CONVERT_TO_VALUE,"in Wert wandeln"
SPECIAL,"Spezial"
MAXIMUM,"Maximum"
MINIMUM,"Minimum"
MOMENTARY,"Taster"
TWO_POS,"2-Pos."
THREE_POS,"3-Pos."
GYRO_CALIBRATION_PLACE_LEVEL,Sender in Position bringen. Dann -weiter- drücken.
GYRO_CALIBRATION_LEFT,Zur LINKEN Seite neigen. Dann -weiter- drücken."
GYRO_CALIBRATION_RIGHT,"Zur RECHTEN Seite neigen. Dann -weiter- drücken."
GYRO_CALIBRATION_NOSE_UP,"Nach OBEN drehen. Dann -weiter- drücken."
GYRO_CALIBRATION_NOSE_DOWN,"Nach UNTEN drehen. Dann -weiter- drücken."
DEFAULT,"Standard"
STRENGTH,"Intensität"
AM,"AM"
PM,"PM"
PLAY_VARIO,"Vario abspielen"
RF_ALWAYS_OFF,"Spezial Modus, HF-Modul ist immer AUS"
STAB_FUNC,"Kreisel Funktion"
RX_PROTOCOL,"Empf. Protokoll"
NO_MAP,"keine Zuordnung"
DIRECTION,"Richtung"
CLOCKWISE,"Uhrzeigersinn"
ANTICLOCKWISE,"gegen den Uhrzeigersinn"
PWM_PULSE_TYPE,"PWM Impuls Typ"
BASIC_CONFIG,"Basis Konfiguration"
RX1_MAP,"Empf. 1   Zuordnung"
RX2_MAP,"Empf. 2   Zuordnung"
RX3_MAP,"Empf. 3   Zuordnung"
ALL_FREQUENCY,"alle Frequenzen"
STICKS_NAME,"Steuerknüppel Name"
CHANNELS_COUNT,"Anzahl Kanäle"
EXT,"EXT."
INT,"INT."
PLACE_RECEIVE_LEVEL,"Horiz., Oberseite ↑"
PLACE_RECEIVE_LEVEL_REVERSE,"Horiz., Oberseite ↓"
PLACE_RECEIVE_LEFT,"Vert., Pins ↑"
PLACE_RECEIVE_RIGHT,"Vert., Pins ↓"
PLACE_RECEIVE_FORWARD,"Horiz., Obers., Pins →"
PLACE_RECEIVE_BACKWARD,"Horiz., Obers., Pins ←"
ADD_A_NEW_WEIGHT,"+ Gewichtung hinzufügen"
ADD_A_NEW_CURVE,"+ Füge eine neue Kurve hinzu"
AUDIO,"Audio"
VOICE,"Stimme"
VAR,"VAR"
VOLUME,"Tank-Volumen"
SAVE_TO_FLASH,"Speichern int. Speicher"
SAVE_TO_FLASH_MESSAGE,"Alle Einstellungen wurden erfolgreich gespeichert!"
TIMER_GENERATOR,"Taktgenerator"
CONFIRM_CLEAR_CHANNEL_DDD_NAME,"Kanal %d wird von keinem Mix verwendet.\nWollen Sie den Namen löschen?"
EDIT_SSS,"%s bearbeiten"
RESET_SSS,"%s zurücksetz."
OPTIONS_3DOTS,"Optionen..."
QUESTION_COPY_CHANNEL_NAME,"Der Kanal hat keinen Namen.\nMöchten Sie den Namen des Mischers in den Kanal kopieren?"
FLY_BAR_LESS,"Flybarless"
SPEAKER_MUTE,"Lautsprecher AUS"
WING_RUD_ELE_AIL,"Standard"
WING_FLYING,"Delta / Nurflügel"
WING_VTAIL_AIL,"Standard V-Leitwerk"
LEVEL,"Oberseite oben"
LEVEL_REVERSED,"Oberseite unten"
UPRIGHT,"Linke Seite ↑, Ant. in Flugr."
UPRIGHT_REVERSED,"Linke Seite ↓, Ant. in Flugr."
WING_TYPE,"Modelltyp"
MOUNTING_TYPE,"Einbaulage"
SXR_ENABLE,"Kreisel aktiv / inaktiv"
AIL_INVERTED,"QR invertiert"
AIL2_INVERTED,"QR 2 invertiert"
ELE_INVERTED,"HR invertiert"
ELE2_INVERTED,"HR 2 invertiert"
RUD_INVERTED,"SR invertiert"
AUX1_ENABLE,"AUX1 K5 EIN=frei - AUS=Stabi QR2"
AUX2_ENABLE,"AUX2 K6 EIN=frei - AUS=Stabi HR2"
QUICK_MODE,"Quick Mode"
SELF_CHECK,"Selbst-Test (K3 <-85%)"
STAB_GAIN_OF_AIL,"Stabi-Mode Empfindl. QR"
STAB_GAIN_OF_ELE,"Stabi-Mode Empfindl. HR"
STAB_GAIN_OF_RUD,"Stabi-Mode Empfindl. SR"
AUTO_LEVEL_GAIN_OF_AIL,"Rettungs-Mode Empfindl. QR"
AUTO_LEVEL_GAIN_OF_ELE,"Rettungs-Mode Empfindl. HR"
HOVER_GAIN_OF_ELE,"Torque-Mode Empfindl. HR"
HOVER_GAIN_OF_RUD,"Torque-Mode Empfindl. SR"
KNIFE_EDGE_GAIN_OF_AIL,"Messerflug-Mode Empfindl. QR"
KNIFE_EDGE_GAIN_OF_RUD,"Messerflug-Mode Empfindl. SR"
AUTO_LEVEL_OFFSET_OF_AIL,"Offset Rettungs-Mode QR"
AUTO_LEVEL_OFFSET_OF_ELE,"Offset Rettungs-Mode HR"
HOVER_OFFSET_ANGLE_OF_ELE,"Offset Hover-Mode HR"
HOVER_OFFSET_ANGLE_OF_RUD,"Offset Hover-Mode SR"
KNIFE_EDGE_OFFSET_OF_AIL,"Offset Messerfl.-Mode QR"
KNIFE_EDGE_OFFSET_OF_RUD,"Offset Messerfl.-Mode SR"
OUTPUT_VOLTAGE,"Ausgangsspannung"
LIPO_VOLTAGE,"Lipo Spannung"
RB_10_20,"RB 10/20"
ALTITUDE_DATA_RATE,"Datenrate -Höhe-"
VARIO_DATA_RATE,"Datenrate -Vario-"
CURRENT_DATA_RATE,"Datenrate -aktuell-"
VOLTAGE_DATA_RATE,"Datenrate -Spannung-"
RPM,"U/min"
POLES_COUNT,"Anzahl Pole"
NEED_FIRMWARE_UPDATE,"Firmeware-Update nötig"
SYSTEM_VALUE,"Systemwert"
GPS_CLOCK,"GPS Zeit"
RACING_MODE_ACTIVE,"Racing Mode aktiv"
RACING_MODE_IS_UNSUPPORTED,"Racing Mode, keine Unterstütz.."
POTS_SLIDERS,"Potis / Sliders"
STICKS_POTS_SLIDERS,"Steuerknüppel / Potis / Sliders"
WRITE_INTERVAL,"Schreibe Intervall"
TX_BATT,"Sender-Batt"
AVERAGE,"Durchschnittswert aus"
TOTALIZE,"Gesamt"
CELL,"Zelle"
CONSUMPTION,"Verb."
DISTANCE,"Abstand"
FALLING_EDGE_OF_SSS_BETWEEN_SSS_AND_SSS,"↓Flanke von %s zw.>%s u. <%s"
RISING_EDGE_OF_SSS_DURING_SSS,"↑Flanke von %s verzögert %s"
FALLING_EDGE_OF_SSS_DURING_SSS,"↓Flanke von %s verzögert %s"
FALLING_EDGE_OF_SSS,"↓Flanke von %s sofort"
RISING_EDGE_OF_SSS,"↑Flanke von %s sofort"
STALL,"blockiert"
EDITABLE_SRV_DDD_CURR,"SRV%d Strom"
EDITABLE_SRV_DDD_VOLT,"SRV%d Volt"
EDITABLE_SRV_DDD_TEMP,"SRV%d Temp."
EDITABLE_SRV_DDD_STATUS,"SRV%d Status"
CONDITION,"akti. durch"
TIMER_LOGS,"Stoppuhr logs"
SAVE_TO_SD,"auf SD-K. speich."
CLEAR_LOGS,"lösche Logs"
TITLE,"Titel"
LOWEST,"niedrigste"
COUNT,"Anzahl"
HIGHEST,"höchster"
BLADES,"Blätter"
MAINGEAR_TEETH,"Polzahl"
PINION_TEETH,"Übersetzungsverh."
GEAR,"Getriebe"
PROPELLER,"Propeller"
FLIGHT_VALUE,"Flugphase X"
CURRENT_FLIGHT_MODE,"aktuelle Flugphase"
NO_DESTINATION,"Kein Zielort"
ENT_LONG,"ENT lang"
RX_STILL_ON_TURN_OFF_TRANSMITTER,"Empfänger noch an, Sender wirklich ausschalten?"
CONFIRM_RESET_SENSOR,"Der Wert dieses Sensors wird zurückgesetzt.\nSicher, dass Sie fortfahren möchten?"
LATITUDE,"Breitengrad"
LONGITUDE,"Längengrad"
GPS_MAP,"GPS _Karte"
MAP,"Karte"
INTERNAL_GPS,"Internes GPS"
CLOCK,"Zeit"
TRIP,"Trip"
SYSTEM_EVENT,"Sys.-Ereignis"
RSSI_LOW,"RSSI niedrig"
TRAINER_ACTIVE,"Trainer aktiv"
MULTIPLIER,"Multiplikator"
VERTICAL,"vertikal"
HORIZONTAL,"horizontal"
TOTAL,"gesamt"
CELLS,"Zellen"
MULTI_LIPO,"Multi LiPo"
LIPO,"LiPo"
LINE_CHART,"Liniendiagramm"
LOG_PERIOD,"Log Zeitraum"
RESUME,"fortsetzen"
PAUSE,"Pause"
AUTO_RANGE,"Bereich flexibel"
LOCK,"sperren"
Xx2POS,"{HARDWARE_FUNCTION_SWITCHES} x EIN/AUS"
XPOS_WITH_OFF,"{HARDWARE_FUNCTION_SWITCHES}-Pos mit AUS"
XPOS,"{HARDWARE_FUNCTION_SWITCHES}-Pos"
2xXPOS,"2 x {HARDWARE_FUNCTION_SWITCHES_PER_SIDE}-Pos"
GLOBAL,"Global"
_2DOTS,": "
SUMMARY,"Bedingungen"
CONFIRM_STOP_USING_CURVE,"Sicher das sie diese Kurve nicht mehr verwenden wollen?"
CONFIRM_STOP_USING_RATE,"Sicher das sie diese Rate nicht mehr verwenden wollen?"
PATTERN,"Muster"
ROLL_ANGLE,"R.Winkel"
PITCH_ANGLE,"P.Winkel"
HYDRAULIC_PRESSURE,"Hyd. Druck"
IGNORE_TRAINER_INPUT,"Schülerwert gesperrt"
FULL_RANGE,"Voller Bereich"
IGNORE_RANGE,"Ignoriere Bereich"						   
HALF_RANGE,"Halber Bereich"
SLEEP_BRIGHTNESS,"Helligkeit Ruhe-Modus"
TOP_LCD_SLEEP,"Top LCD Sleep"
VIEW_PER_CHANNEL,"Ansicht pro Kanal"
VIEW_TABLE,"Ansicht in Tabellenform"
GENERAL,"General"
RX_STILL_ON_TURN_OFF_RF,"Empfänger ist noch eingeschaltet.\nFortfahren?"
LOAD_ALL_FUNCTION_SWITCH_POSITIONS,"Alle Funktionsschalter-Positionen laden","Alle FSS laden"
CONFIRM_LOAD_ALL_FUNCTION_SWITCH_POSITIONS,"Dieser Vorgang überschreibt alle Funktionsschalter-Positionen mit den aktuellen Positionen. Sicher, dass Sie fortfahren möchten?"
STORAGE_LOCATION,"Speicherort"
RADIO,"Sender"
MODELS,"Modelle"
USER_BITMAPS,"Nutzer Bitmaps"
SCRIPTS,"Scripte"
LOGS,"Logs"
SCREENSHOTS,"Screenshots"
PRESSURE,"Druck"
COLOR,"Farbe"
CONFIRM_CLEAR_CHANNELS_SSS_NAME,"Es gibt keine Mischer, die Kanal %s verwenden. Möchten Sie den Namen dieser Kanäle löschen?"
CHANNEL_SBUS_VALUE_LIMIT_WARNING,"Der neue Servoweg (>125%)ist nicht mit der Verwendung von SBUS/Redundanz kompatibel. Sicher, dass Sie fortfahren möchten?"
VOLTAGE,"Spannung"
SAVE_TO_FILE,"In Datei speichern"
FLASH_VIDEO_COMPONENT,"Flash Video Komponente"
RX_BAT_VOLTAGE,"Empf. Batt.1 Spannung"
RX_BAT_2_VOLTAGE,"Empf. Batt.2 Spannung"
EXT_ADC_VOLTAGE,"Extern ADC Spannung"
BOARD_CURRENT,"Board Strom"
POWER_ON_RESET,"Einschalt-Rücksetzen"
PIN_RESET,"Stift-Rücksetzen"
WAKE_UP_RESET,"Wake Up Rücksetzen"
WATCHDOG_RESET,"Watchdog Rücksetzen"
LOCKUP_RESET,"Sperre Rücksetzen"
BROWN_DOWN_DET_RESET,"Brown Down Erkennung Rücksetzen"
RX_RESET_CASE,"Empfänger zurücksetzen"
OPERATION_ASSIGN,"gleich(=)"
OPERATION_ADD,"addieren(+)"
OPERATION_SUBTRACT,"subtrahieren(-)"
OPERATION_MULTIPLY,"multiplizieren(*)"
OPERATION_DIVIDE,"dividieren(/)"
OPERATION_MIN,"Min"
OPERATION_MAX,"Max"
REPURPOSE,"wiederverw."
SENSOR_CONFLICT_WARNING,"Sensorkonflikt-Warnung"
NIGHTLY_BUILD_NOT_FOR_FLYING,"Nightly Version, nicht zum Fliegen!"
READING_FILE,"Datei lesen ..."
NOT_ENOUGH_MEMORY,"Nicht genug Speicherplatz"
CLEAN_LOGS,"Logs bereinigen"
CONFIRM_CLEAN_LOGS,"Es werden alle .csv-Dateien in diesem Verzeichnis gelöscht. Sicher, dass Sie fortfahren möchten?"
CLEANING_LOGS,"Logs bereinigen ..."
PAUSE_CONDITION,"Pausenbedingung"
RESET_SETTINGS,"Einstell. zurücks."
SWAP_CHANNELS,"Kanäle tausch."							 
CONFIRM_RESET_SETTINGS,"Die Einstellungen werden auf die Standardwerte zurückgesetzt.\nSicher, dass Sie fortfahren möchten?"
CONFIRM_SWITCH_EXTERNAL_MODULE,"Die Einstellungen werden auf die Standardwerte zurückgesetzt.\nSicher, dass Sie fortfahren möchten?"
CONFIRM_SWITCH_TRAINER,"Der Trainer verwendet jetzt das externe HF-Modul. Er wird gestoppt.\nSicher, dass Sie fortfahren möchten?"
COMPETITION_OPTION,"Wettbew. (nur RSSI u. Batt.)"
CONFIRM_BLUETOOTH_USED_BY_SSS,"Bluetooth wird jetzt von %s verwendet. Es wird beendet.\nSicher, dass Sie fortfahren möchten?"
BOTH_MODULES,"Beide HF-Module"
SPORT_CONNECTOR,"S.Port Anschluss"
CONFIRM_SPORT_USED_BY_SSS,"S.Port-Anschluss wird jetzt von %s verwendet. Sicher, dass Sie fortfahren möchten??"
TRAINER_CABLE,"Trainer Kabel"
BLUETOOTH,"Bluetooth"
SBUS_EXTERNAL_MODULE,"SBUS externes HF-Modul"
CPPM_EXTERNAL_MODULE,"CPPM externes HF-Modul"
LUA_TASKS,"Lua Aufgaben"
LUA_SOURCES,"Lua Quellen"
MISSING_SCRIPT_FILE,"Fehlende Skript-Datei"
BITMAP,"Bitmap"
BITMAP_TYPE,"Bitmap Typ"
BITMAP_FILE,"Bitmap Datei"
FILE_PATH,"Dateipfad"
TEXT,"Text"
DOCUMENTS,"Dokumente"
USB_MODE_PRESELECTION,"USB Modus-Vorwahl"
USB_MODE,"USB Mode"
JOYSTICK,"Joystick"
SERIAL,"seriell"
SELECT_MODEL_AT_POWER_ON,"Modell beim Einsch. auswählen"
LOAD_MODEL,"Modell laden"
TELEMETRY_ACTIVE,"Telemetrie aktiv"
FLIGHT_RESET,"Flight reset"
THROTTLE_ACTIVE,"Gas aktiv"
COUNTING_SOURCE,"Proportionale Zeitquelle"
SEND_FILE,"sende Datei"
FILE_TRANSFER,"Dateiübertragung"
RECEIVE_FILE_HERE,"empfange Datei"
WAITING_FOR_CONNECTION,"Warten auf Verbindung"
WAITING_FOR_RECEIVER_CONFIRMATION,"Warten auf die Bestätigung des Empfängers..."
FILE_TRANSFER_FAILED,"Dateiübertragung fehlgeschlagen"
CONFIRM_RECEIVE_FILE_SSS_IN_FOLDER_SSS_SIZE_IS_SSS,"Datei %s wird gerade in Ordner %s\n empfangen. Dateigröße ist %s"
CONFIRM_OVERWRITE_FILE_SSS_IN_FOLDER_SSS_SIZE_IS_SSS,"Überschreiben der Datei %s im Ordner %s\n. Die Dateigröße beträgt %s"
SENDING_SSS,"Senden %s..."
RECEIVING_SSS,"Empfangen %s..."
SEND_MODEL,"Modell senden"
RECEIVE_MODEL,"Modell empfangen"
ARE_YOU_USING_A_FRSKY_SELF_STAB_RECEIVER,"Nutzen Sie einen Gyro Empfänger von FrSky?"
EMERGENCY,"Rettung"
GAIN_ADJUST,"Gain einst."
UNIT_KNOT,"kn"
UNIT_MILLILITER_PER_PULSE,"ml/p"
UNIT_RPM,"U/min"
ASSIGN_INPUT_HINT,"Bitte weisen Sie den folgenden Funktionen Eingangsquellen zu"
CONFIRMATION,"Bestätigung"
ENABLE_XXX,"Aktivieren %s?"
DISABLE_XXX,"Deaktivieren %s?"
CONFIRMATION_BEFORE_ACTIVE,"wirklich aktivieren?"
CONFIRMATION_BEFORE_INACTIVE,"wirklich deaktivieren?"
REMOTE_NFC,"Remote NFC"
SWITCH_CHANNEL,"Kanal wechseln"
WIRELESS,"Kabellos"
TIMEOUT,"Time out"
NO_ENABLED_MODULE,"Bitte aktivieren Sie das Modul, das Sie mit NFC verbinden möchten"
GET_MODULE_UUID_FAILED,"Modul UUID konnte nicht abgerufen werden.\nBitte überprüfen Sie den Status Ihres Moduls!"
BIND_NFC_FAILED,"NFC kann nicht mit dem Modul verbunden werden!"
PROTOCOL_NOT_SUPPORTED,"Das aktuelle Modulprotokoll wird nicht unterstützt!"
CONFIRM_DELETE_TRIM,"Sicher, dass Sie diese zusätzliche Trimmung löschen möchten??"
LEFT_STICK,"Linker Steuerknüppel"
RIGHT_STICK,"Rechter Steuerknüppel"
ALL_MOTORS,"Alle Motoren"
SELECT,"auswählen"
SINGLE_MOTOR,"Einzel-Motor"
STICK_MOTORS,"Knüppel_Motoren"
CONFIRM_DELETE_ACTION,"Sicher, dass Sie diese Aktion entfernen möchten?"
CONFIRM_DELETE_SCREEN,"Sicher, dass Sie diesen Bildschirm entfernen möchten?"
CONFIRM_DELETE_SENSOR,"Sicher, dass Sie diesen Sensor entfernen möchten?"					   
FILE_ALREADY_EXISTS,"A file with the same name already exists"
MODEL_RUNTIME,"Model runtime"
RADIO_RUNTIME,"Radio runtime"
WAITING_FOR_SIGNAL,"waiting for signal..."
CONFIRM_RESET_RUNTIME,"Runtime will be reset.\nAre you sure you want to continue?"
EDITABLE_BANK,"Bank"
BANK,"Bank"
COMPARE_CHANNELS,"Compare channels"
