TRANSLATION_NAME,"Español"
TRANSLATION_KEY,"es"
FORMULA,"Fórmula"
CALCULATED_SENSOR,"Sensor calculado"
NAME,"Nombre"
DECIMALS,"Decimales"
VALUE,"Valor"
SENSOR_LOST_WARNING_DELAY,"Alerta sensores perdidos"
WARNING_DISABLED,"Alerta Desactivada"
RANGE,"Intervalo"
SPACE_WITH_SAMPLES," ejemplos"
RESET,"Restablecer"
TELEMETRY_SENSOR,"Sensor telemetría"
UNIT,"Unidad"
WRITE_LOGS,"Guardar registros"
ID,"ID"
CENTER,"Centro"
SUBTRIM,"Subtrim"
PWM_CENTER,"Centro PWM"
NORMAL,"Normal"
EQUAL,"Igual"
UNPLUGGED,"Desenconectado"
BEHAVIOUR,"Comportamiento"
ADD_NEW_BEHAVIOUR,"Agreg. nuevo comportam."
ADD_EXTRA_TRIM,"Agreg. trim extra"
EXTRA_TRIM,"Extra trim"
SLOW_UP,"Ralent. subida"
MIN,"MIN."
CURVE,"Curva"
MAX,"MAX."
CHANNEL,"Canal"
INVERT,"Invertir"
SLOW_DOWN,"Ralent. bajada"
INVERTED,"Invertido"
FLIGHT_MODES,"Modos vuelo"
MIX_FLIGHT_MODES_DESCRIPTION,"Descripc. modo vuelo"
MIX_NAME_DESCRIPTION,"Nombre mezcla"
TRIGGER_ON_CONDITION,"Condic. para ON"
COMMENT,"Comentario"
FUNCTION,"Función"
VALUES,"Valores"
ADD_NEW_VALUE,"+ Agreg. nuevo valor"
ACTIONS,"Acciones"
ADD_NEW_ACTION,"+ Agreg. nueva acción"
DURATION_HIGH,"Durac. actividad"
RISING_EDGE,"Borde ascend."
DURING,"Durante"
VALUE1,"Valor 1"
VALUE_X,"Valor (X)"
CHECK_INTERVAL,"Frec. comprobación"
ACTIVE_CONDITION,"Condic. activa"
MIN_DURATION,"Durac. mínima"
MAX_DURATION,"Durac. Máxima"
DURATION_LOW,"Durac. inactividad"
VALUE2,"Valor 2"
DELAY_BEFORE_ACTIVE,"Retraso antes ON"
DURATION,"Duración"
SOURCE_A,"Fuente (A)"
TRIGGER_OFF_CONDITION,"Condic. para OFF"
DELAY_BEFORE_INACTIVE,"Retraso antes OFF"
DELAY_ON_OFF,"Retraso antes ON / OFF"
SOURCE,"Fuente"
APPLICATION_ID,"ID Aplicac."
PHYSICAL_ID,"ID Física"
ACTION,"Acción"
TRAINER,"Entrenador"
TRAINER_MODE,"Modo entrenador"
CHANNEL_RANGE,"Interv. Canales"
CH,"CH"
OUTPUTS,"Salidas"
LAST_MODIFICATION,"última modific."
CLONE,"Duplicar"
MODEL_MATCH,"ID Modelo"
MODEL_DATA_LOAD,"Cargar modelo"
FILE_SIZE,"Tamaño archivo"
MODEL_SELECT,"Selec. modelo"
NO_MODELS_DIRECTORY,"¡Direct. sin modelos!"
ARE_YOU_SURE_YOU_WANT_TO_DELETE_THIS_MODEL,"Se borrará el modelo, ¿está seguro?"
SUCCESS,"¡Exito!"
CLONE_MODEL_SUCCESSFULLY,"¡Modelo clonado con éxito!"
FILENAME_TOO_LONG,"¡Nombre demasiado largo!"
RX_STILL_ON_SELECT_ANOTHER_MODEL,"Receptor encendido, ¿está seguro de cambiar de modelo?"
CONFIRM_SELECT_ANOTHER_MODEL,"¿Confirma quiere seleccionar otro modelo?"
FILE_NAME,"Nombre archivo"
MODEL_TYPE,"Tipo de modelo"
CONFIRM,"Confirmar"
SET_CURRENT_MODEL,"Selecc. modelo"
UNCATEGORIZED,"Sin categoría"
CHANGE_FOLDER,"Cambiar Carpeta"
OPERATION,"Operación"
OPERATION_FAILED,"¡Fallo operación!"
DELETE_FOLDER,"Borrar Carpeta"
RENAME_FOLDER,"Renombrar Carpeta"
CREATE_FOLDER,"Crear Carpeta"
CONFIRM_DELETE_FLIGHT_MODE,"¿Confirma borrar modo de vuelo?"
MOVE,"Mover"
EDIT,"Editar"
ADD,"Agregar"
TELEMETRY_PORT,"Puerto Telemetría"
WARNING,"Advertencia"
ERRORS,"Errores"
OPTIONS,"Opciones"
CONFIGURE,"Configurar"
WAITING_FOR_RECEIVER,"A la espera de receptor..."
PIN,"Pin"
TELEMETRY,"Telemetría"
RX_SETTINGS,"Parámetros del RX"
NO_RESPONSE_FROM_RECEIVER,"Sin respuesta del receptor"
SBUS_OUT,"SBUS Out"
SBUS_IN,"SBUS In"
TELEMETRY_25_MW,"Telemetría 25mW"
HIGH_PWM_SPEED,"Alta Velocidad PWM"
FLIGHT_DATA_RECORDER,"Grabac. Datos Vuelo"
RX_HAS_NO_FLIGHT_DATA_RECORD,"El receptor no ha grabado datos de vuelo."
SENSOR_CONFIG,"Config. sensor"
CONFIRM_DELETE_TIMER,"¿Confirma eliminar cronómetro?"
TIMER,"Crono"
MODE,"Modo"
PASTE,"Pegar"
TIMERS,"Cronómetros"
COPY,"Copiar"
NO_TIMER_HINT,"Ningún cronómetro. ¡Pulse '+' para crear uno!"
ANTENNA,"Antena"
POWER_HAS_BEEN_CHANGED_PLEASE_REBIND,"La potencia ha cambiado. Vuelva a vincular"
NO_RESPONSE_FROM_MODULE,"El módulo no responde"
POWER,"Potencia"
BAUDRATE,"Baudios"
WAITING_FOR_MODULE,"Esperando módulo..."
TX_SETTINGS,"Parámet. del TX"
MIXES,"Mezclas"
CHANNELS,"Canales"
FLIGHT_MODE,"Modo de vuelo"
D,"D"
CONFIRM_DELETE_MIX,"¿Confirma borrar mezcla?"
CONFIRM_DELETE_SSS,"¿Está seguro de borrar %s ?"
NONE,"Ninguno"
NO_MIX_HINT,"No hay mezclas. Pulse '+' para crear una"
TYPE,"Tipo"
SHARE,"Compartir"
RX,"RX"
RACING_MODE,"Modo carrera"
RANGE_CHECK,"Prueba alcance"
EXTERNAL_MODULE,"Módulo externo"
BIND_OK,"Enlace OK"
BINDING_3DOTS,"Enlazando..."
BIND,"Enlace"
FAILSAFE,"Failsafe"
INTERNAL_MODULE,"Módulo interno"
SET_FAILSAFE,"Definir failsafe"
RESET_BIND,"Reiniciar enlace"
FACTORY_RESET,"Ajustes de Fábrica"
RF_SYSTEM,"Sistema RF"
OWNER_REGISTRATION_ID,"Regist. ID propietario"
SELECT_DEVICE,"Elegir dispositivo"
REGISTER,"Registrar"
VALID_FRAME_RATE,"VFR"
STATE,"Estado"
PROTOCOL,"Protocolo"
RSSI,"RSSI"
ARE_YOU_SURE_TO_RESET_THIS_RECEIVER,"¿Confirma reinicio de receptor?"
SET,"Definir"
EXPO,"Expo"
UNIT_POINTS_COUNT,"Puntos por unidad"
WEIGHT,"Peso"
POINTS,"Puntos"
OFFSET,"Desplazamiento"
AUTO_OFFSET,"Auto offset"
OFFSET_WHEN_ACTIVE,"Desplazam. con línea activa"
OFFSET_WHEN_INACTIVE,"Desplazam. con línea inactiva"
SMOOTH,"Suavizar"
POINT,"Punto"
POINTS_COUNT,"Num. de puntos"
EASY_MODE,"Modo simple"
LOGIC_SWITCHES,"Interruptores lógicos"
ARE_YOU_SURE_YOU_WANT_TO_DELETE_THIS_LOGIC_SWITCH,"¿Confirma borrado de Int. Lógico?"
NO_LOGIC_SWITCH_HINT,"No hay interruptores lógicos. Pulse '+' para crear uno"
START_CONDITION,"Condición de inicio"
STOP_CONDITION,"Condición de parada"
TIMER_EDIT,"Editar cronómetro"
PERSISTENT,"Persistente"
START_VALUE,"Valor de partida"
AUDIO_ACTIONS,"Acciones de Audio"
AUDIO_ACTION,"Acción de Audio"
ADD_A_NEW_AUDIO_ACTION,"Agreg. nueva acción audio"
ALARM_VALUE,"Valor de alarma"
HAPTIC,"Vibrar"
COUNTDOWN,"Cuenta-atrás"
BEEP_COUNTDOWN,"Pitido cuenta-atrás"
START,"Inicio"
PLAY_FILE,"Reproduce Fichero"
SPACE_WITH_OTHERS,"otros..."
CONFIRM_DELETE_CURVE,"Confirme borrado de curva?"
CURVE_USED_BY,"Curva utilizada por:"
AND_WITH_TWO_SPACES,"y  "
CURVES,"Curvas"
VARS,"Vars"
NO_VAR_HINT,""Ningún var. Presione el boton (+) para crear una"
ARE_YOU_SURE_YOU_WANT_TO_DELETE_THIS_VAR,"Confirme borrado de este var"
NO_CURVE_HINT,"Ninguna curva. Pulse (+) para crear una"
CONFIRM_RESET_MIXES,"Se eliminarán todas las mezclas. ¿Continuar?"
ELEVATORS,"Profundidad"
YAW,"Guiñada"
SWASH_PLATE,"Plato"
EDIT_MODEL,"Editar modelo"
PICTURE,"Imagen"
TAIL,"Cola"
AILERONS,"Alerones"
PITCH,"Paso"
THROTTLE,"Motor"
FLAPS,"Flaps"
ENGINE,"Motor"
RUDDERS,"Dirección"
ROLL,"Alabeo"
FUNCTION_SWITCHES,"Interrupt. de función"
RESET_ALL_MIXES,"Elimina todas las mezclas"
CREATE_CALCULATED_SENSOR,"Crear sensor calculado"
CONFIRM_DELETE_SENSORS,"Todos los sensores serán eliminados. ¿Está seguro?"
ON,"Encendido"
OFF,"Apagado"
DISCOVER_NEW_SENSORS,"Descubrir sensores"
DELETE_ALL,"Borrar todo"
CREATE_DIY_SENSOR,"Crear sensor DIY"
CONFIRM_LOAD_ALL_SWITCH_POSITIONS,"Esta operación sobreescribirá todas las posiciones de interruptores a comprobar por otras nuevas. ¿Continuar?"
CHECK_FUNCTION,"Comprobar función"
LOAD_ALL_SWITCH_POSITIONS,"Cargar posiciones de interruptores"
CONFIRM_LOAD_ALL_POT_POSITIONS,"Esta operación sobreescribirá todas las posiciones de los pots a comprobar por otras nuevas. ¿Continuar?"
LOAD_ALL_POT_POSITIONS,"Cargar posiciones de potenciómetros"
CALIBRATION_FINISH,"Calibrac. completada"
SXR_CALIBRATION,"Calibrac. del SxR"
CLICK_WHEN_DONE,"Haga click cuando termine"
CALIBRATING,"Calibrando..."
SXR_CALIBRATION_DESCRIPTION,"Calibrac. del receptor SxR"
SLAVE_CH,"CH esclavo"
PERCENT,"Porcentaje"
DESTINATION,"Destino"
ENABLE,"Habilitar"
NO_FUNCTION_HINT,"Ninguna función. Pulse (+) para crear una"
SPECIAL_FUNCTIONS,"Funciones especiales"
SF,"SF"
DISABLE,"Deshabilitar"
ARE_YOU_SURE_YOU_WANT_TO_DELETE_THIS_SPECIAL_FUNCTION,"¿Confirma borrar función especial?"
REGISTRATION_OK,"Registro OK"
UID,"UID"
REGISTRATION_ID,"ID de registro"
RX_NAME,"Nombre RX"
RECEIVER_CONNECTED,"Receptor conectado"
REGISTRATION,"Registro"
TRIMS,"Trims"
FADE_IN,"Ralentiz. de entrada"
FADE_OUT,"Ralentiz. de salida"
AUTO_DETECT,"Auto Detección"
DISPLAY_DECIMALS_AND_UNIT,"Precisión de Pantalla y Unidades"
SELECT_SENSOR,"Seleccionar Sensor"
DIY_SENSOR,"Sensor DIY"
WAITING,"Esperando"
BAND,"Banda"
RATIO,"Ratio"
MODULE,"Módulo"
PROTOCOL_DECIMALS_AND_UNIT,"Precisión Protocolo y Unidades"
CROSS_TRIM,"Trims cruzados"
MOVE_TRIM_TO_SUBTRIM,"Mover trim a subtrim"
INSTANT_TRIM,"Trim Instantáneo"
CONFIRM_MOVE_TRIM_TO_SUBTRIM,"¿Confirma mover trim a subtrim?"
MOVE_TRIMS_TO_SUBTRIMS,"Mover trims a subtrims"
CONFIRM_MOVE_TRIMS_TO_SUBTRIMS,"¿Confirma mover trims a subtrims?"
INDEPENDENT_PER_FLIGHT_MODE,"Trim por modo de vuelo"
STICK,"Palanca"
CONFIGURE_SCREENS,"Configurar Pantallas"
TOP_SCREEN,"Pantalla superior"
CHANGE_LAYOUT,"Cambiar plantilla"
FULL_SCREEN,"Pantalla completa"
WIDGET,"Widget"
SET_MAIN_SCREEN,"Ajustes pantalla principal"
CONFIGURE_WIDGET,"Configurar widget"
NEW_SCREEN,"Nueva pantalla"
SCREEN,"Pantalla"
CHANGE_WIDGET,"Cambiar widget"
MOVE_FORWARD, "Mover hacia delante"
MOVE_BACKWARD,"Mover hacia atrás"
RESET_FLIGHT,"Reiniciar Vuelo"
RESET_TIMERS,"Reiniciar Cronómetros"
RESET_TELEMETRY,"Reiniciar Telemetría"
HOME,"Principal"
ADD_AFTER,"Agregar después..."
ADD_MIX_FAILED,"!Error al añadir mezcla!"
MAX_MIXES_REACHED,"Alcanzado Número máximo de mezclas"
FIRST_POSITION,"Primera posición"
MIXES_LIBRARY,"Biblioteca de mezclas"
LOCAL_ADDRESS,"Dirección local"
WAITING_FOR_DEVICES,"Esperando dispositivos..."
LOCAL_NAME,"Nombre local"
SEARCH_DEVICES,"Buscar dispositivos"
BLUETOOTH_DEVICE_CONNECTED,"Dispositivo bluetooth conectado"
CONNECT_LAST_DEVICE,"Conectar último dispositivo"
DEVICE,"Device"
NO_BLUETOOTH_DEVICE_FOUND,"Ningún dispositivo bluetooth detectado"
SPEAKER_MUTE,"Silenciar altavoz"
DISCONNECT,"Desconectar"
WAITING_FOR_DEVICE,"Esperando dispositivo"
DIST_ADDRESS,"Dirección remota"
CONNECTING,"Conectando"
RESET_MODULE,"Reiniciar módulo"
HIGH_SPEED,"Alta velocidad"
NORMAL_SPEED,"Velocidad normal"
MODEL,"Modelo"
CHECKLIST,"Lista de comprobación"
FILE_MANAGER,"Administrador de archivos"
SOUND,"Sonido y vibración"
STICKS,"Palancas"
DATE_TIME,"Fecha y Hora"
HARDWARE,"Hardware"
INFO,"Info"
SERIAL_NUMBER,"Número de serie"
RESET_FACTORY_SETTINGS,"Restablecer ajustes de fábrica"
CONFIRM_RESET_FACTORY_SETTINGS,"¿Confirma restablecer ajustes de fábrica?"
SYSTEM,"Sistema"
DISPLAY,"Pantalla"
KEYBOARD,"Teclado"
ENABLE_SLIDER,"Activar slider"
DISABLE_SLIDER,"Desactivar slider"
ALERTS,"Alertas"
SPECTRUM_ANALYSER,"Analizador de espectro"
BATTERY,"Batería"
CHECKLIST_WARNING,"Advertencia prevuelo"
RADIO_IS_IN_SILENT_MODE,"Radio en modo silencio"
RADIO_BATTERY_IS_LOW,"Bajo voltaje batería TX"
THROTTLE_IS_NOT_IDLE,"Motor fuera de ralentí"
ARE_NOT_IN_SAFE_POSITION,"No están en posición segura"
IS_NOT_IN_SAFE_POSITION," No está en posición segura"
FUNCTION_SWITCHES_ARE_NOT_IN_SAFE_POSITION,"Las Teclas de Función no están en posición segura"
FAILSAFE_IS_NOT_SET,"Failsafe no configurado"
RTC_BATTERY_IS_LOW,"Voltaje bajo batería RTC"
ALWAYS_ON,"Siempre ON"
YES,"Si"
DIGITAL_RSSI,"RSSI digital"
GYRO,"Giróscopo"
LANGUAGE,"Idioma"
SWITCHES,"Interruptores"
TOP_TOOLBAR,"Barra superior herramientas"
NO,"No"
BRIGHTNESS,"Brillo"
KEYS,"Teclas"
WAKE_UP,"Activar"
DIGITAL_VOLTAGE,"Voltaje digital"
SLEEP,"Suspender"
SYSTEM_ALERTS,"Alertas del sistema"
INACTIVITY,"Inactividad"
AUTO_ADJUST_FROM_GPS,"Ajuste automático desde GPS"
DATE,"Fecha"
ADJUST_RTC_SPEED,"Adjustar velocidad RTC"
SHOW_SECONDS,"Mostrar segundos"
IS24HOUR,"Formato horario 24h"
TIME_ZONE,"Huso horario"
YEAR,"Año"
MONTH,"Mes"
TIME,"Hora"
NEXT,"Siguiente"
GYRO_CALIBRATION,"Calibrac. giróscopos"
PREV,"Previo"
MDL_LONG,"MDL Largo"
HARDWARE_CHECK,"Verif. de hardware"
SWITCHES_SETTINGS,"Configurac. interruptores"
ADC_INSPECTOR,"Comprobador de ADC"
SYS_LONG,"SYS Largo"
HOME_KEYMAP,"Mapeado teclas menú"
POTS_SLIDERS_SETTINGS,"Configurac. pots y deslizadores"
SWITCH_MIDDLE_DETECT_DELAY,"Retraso detec. interruptor en posición central"
DISP_SHORT,"{DISP_LABEL} Corto"
DISP_LONG,"{DISP_LABEL} Largo"
SWITCH,"Interruptor"
ANALOGS_FILTER,"Filtros analógicos"
ANALOGS_CALIBRATION,"Cal. entradas analóg."
CONFIRM_CONTINUE,"¿Continuar?"
THR_NOT_LOW_WARNING,"¡Aviso motor fuera ralentí!"
CHANNELS_ORDER,"Orden de canales"
STICKS_MODE,"Modo de vuelo"
STICKS_MODE_1,"Palancas modo 1"
STICKS_MODE_2,"Palancas modo 2"
STICKS_MODE_3,"Palancas modo 3"
STICKS_MODE_4,"Palancas modo 4"
FIRST_FOUR_CHANNELS_FIXED,"Primeros 4 canales fijos"
NO_SD_CARD,"No hay SD"
FLASH_BOOTLOADER,"Flashear Bootloader"
FLASH_INTERNAL_MODULE,"Flashear módulo interno"
PLAY,"Reproducir"
CURRENT_VERSION,"Versión actual"
FLASH_RECEIVER_BY_INTERNAL_MODULE_OTA,"Flashear RX con módulo int. OTA"
FLASH_RECEIVER_BY_EXTERNAL_MODULE_OTA,"Flashear RX con módulo externo OTA"
OTA_UPDATE,"Actualizac. OTA"
FLASH_EXTERNAL_DEVICE,"Flashear disposit. externo"
OPEN,"Abrir"
FLASH_EXTERNAL_MODULE,"Flashear módulo externo"
FLASH_EXTERNAL_MULTIMODULE,"Flashear multimódulo externo"
MOVE_HERE,"Mover aquí"
OTA_UPDATE_ERROR,"Error actualizac. OTA"
UNSUPPORTED_RX,"RX no soportado"
MAIN_VOLTAGE,"Voltaje radio"
DISPLAY_VOLTAGE_RANGE,"Rango visualizac. voltaje"
LOW_VOLTAGE,"Alerta batería baja"
RTC_VOLTAGE,"Voltaje pila RTC"
UNKNOWN,"Desconocido"
FIRMWARE,"Firmware"
FIRMWARE_VERSION,"Versión firmware"
VIDEO_HARDWARE_VERSION,"Versión Hardware Vídeo"
RECEIVER,"Receptor"
NON_STABILIZED_RECEIVER,"Receptor no estabilizado"
VARIO,"Vario"
MAIN_VOLUME,"Volumen principal"
AUDIO_VOLUME,"Volumen"
PITCH_AT_ZERO,"Tono en cero"
SEQUENCE,"Secuencia"
PITCH_AT_MAX,"Tono en máximo"
REPEAT_AT_ZERO,"Repetición en cero"
FIXED_WING,"Avión"
GLIDER,"Planeador"
HELI,"Helicóptero"
MULTI,"Multi"
OTHER,"Otro"
CALIBRATION,"Calibración"
INPUTS,"Entradas"
UPDATE,"Actualizar"
SDCARD,"Tarjeta SD"
SDCARD_ERROR,"Error de SD"
INVALID_DATA,"Datos inválidos"
FILE_BAD_FORMAT,"Archivo erróneo"
NO_FILES_ON_SD,"Tarjeta SD vacía"
READ_ERROR,"Error de lectura"
WRITE_ERROR,"Error de escritura"
WRONG_HEADER,"Encabezado incorrecto"
WRONG_FORMAT,"Formato incorrecto"
WRONG_CRC,"CRC incorrecto"
WRONG_FILE_SIZE,"Tamaño archivo incorrecto"
WRONG_FILE,"Archivo incorrecto"
ERROR,"Error"
RUDDER,"Timón"
ELEVATOR,"Profundidad"
DELETE,"Borrar"
MODEL_BITMAP,"Imagen de modelo"
TAIL_TYPE,"Tipo de cola"
TRADITIONAL,"Tradicional"
VTAIL,"Cola en V"
REVERSE,"Invertir"
RATE,"Tasa"
UP,"Arriba"
DOWN,"Abajo"
RIGHT,"Derecha"
LEFT,"Izquierda"
TOP,"Arriba"
BOTTOM,"Abajo"
TIMER_UP,"Cronómetro"
TIMER_DOWN,"Cuenta-atrás"
LIMIT,"Límite"
SPEED,"Velocidad"
SET_DATE,"Cambiar fecha"
SET_TIME,"Cambiar hora"
SILENT_MODE,"Modo silencio"
KEY,"Tecla"
ALARM,"Alarma"
TRIM,"Trim"
SETUP_CHANNEL,"Definir canales"
LOGIC_SWITCH,"Interruptor lógico"
CREATE_MODEL,"Crear modelo"
CANCEL,"Cancelar"
DELAY,"Retraso"
SAVE,"Guardar"
LS,"LS"
FS,"FS"
OP,"OP"
TRAINER_MASTER,"Maestro"
TRAINER_SLAVE,"Alumno"
LINK_MODE,"Modo de Enlace"
TRAINEE_CHANNEL,"Canal alumno"
SUNDAY,"Domingo"
MONDAY,"Lunes"
TUESDAY,"Martes"
WEDNESDAY,"Miércoles"
THURSDAY,"Jueves"
FRIDAY,"Viernes"
SATURDAY,"Sábado"
JANUARY,"Enero"
FEBRUARY,"Febrero"
MARCH,"Marzo"
APRIL,"Abril"
MAY,"Mayo"
JUNE,"Junio"
JULY,"Julio"
AUGUST,"Agosto"
SEPTEMBER,"Septiembre"
OCTOBER,"Octubre"
NOVEMBER,"Noviembre"
DECEMBER,"Diciembre"
RECEIVER_TYPE,"Tipo de receptor"
BACK,"Atrás"
INTERNAL,"Interno"
EXTERNAL,"Externo"
RF_PROTOCOL,"Protocolo RF"
EXTERNAL_RF,"RF Externo"
LOGIC_SWITCH_RANGE,"Intervalo Interr. Lógico"
PLAY_SEQUENCE,"Reproducir secuencia"
WAIT_DURATION,"Tiempo de espera"
WAIT_CONDITION,"Condición de espera"
CONFIRM_DELETE_LINE,"¿Confirma borrar esta línea?"
ADD_A_NEW_LINE_IN_SEQUENCE,"Anadir una nueva línea en secuencia"
PLAY_TEXT,"Reproducir texto"
GO_TO_SCREEN,"Vaya a pantalla"
LOCK_TOUCHSCREEN,"Bloqueo pantalla táctil"
BLANK,"Vacío"
CALIBRATE,"Calibrar"
CLICK_CALIBRATE_TO_START,"Pulse 'Calibrar' para comenzar"
CENTER_STICKS_POTS_SLIDERS_AND_CLICK_NEXT,"Centre palancas/pots/deslizadores, después pulse 'Siguiente'"
MOVE_STICKS_POTS_SLIDERS_AND_CLICK_NEXT,"Mueva palancas/pots/deslizadores en todas direcciones, después pulse 'Siguiente'"
CALIBRATION_COMPLETE_CLICK_CONFIRM_TO_STORE,"Calibración completa, pulse 'Confirmar' para guardar"
BACKLIGHT,"Retroiluminac."
DARK_MODE,"Modo Oscuro"
HIGHLIGHT_COLOR,"Color de resaltado"
MODEL_NAME,"Nombre"
NO_AIRBRAKES,"Sin aerofrenos"
SWR,"SWR"
CURRENT,"Intensidad"
VFAS,"VFAS"
TEMPERATURE_2,"Temperatura 2"
TEMPERATURE_1,"Temperatura 1"
FUEL,"Combustible"
ACCX,"AccX"
ACCY,"AccY"
ACCZ,"AccZ"
GPS_ALT,"Alt GPS"
GPS_SPEED,"Velocidad GPS"
GPS_COURSE,"Ruta GPS"
AIR_SPEED,"Velocidad Aire"
BATTERY_1_VOLTAGE,"Voltaje Bat1"
BATTERY_1_CURRENT,"Intens. Bat1"
BATTERY_2_VOLTAGE,"Voltaje Bat2"
BATTERY_2_CURRENT,"Intens. Bat2"
RBOX_STATE_1,"RBOX S1"
RBOX_STATE_2,"RBOX S2"
BATTERY_1_CONSUMPTION,"Consumo Bat1"
BATTERY_2_CONSUMPTION,"Consumo Bat2"
BATTERY_1_TEMPERATURE,"Bat1 temp."
BATTERY_2_TEMPERATURE,"Bat2 temp."
SD1_CHANNEL,"CH SD1"
ESC_VOLTAGE,"Voltaje ESC"
ESC_CURRENT,"Intens. ESC"
ESC_RPM,"RPM ESC"
ESC_CONSUMPTION,"Consumo ESC"
ESC_TEMPERATURE,"Temp. ESC"
RB_OUTPUT_STATE,"Estado salida RB"
RB_CH1_A,"Intens. RB CH1"
RB_CH2_A,"Intens. RB CH2"
RB_CH3_A,"Intens. RB CH3"
RB_CH4_A,"Intens. RB CH4"
RB_CH5_A,"Intens. RB CH5"
RB_CH6_A,"Intens. RB CH6"
RB_CH7_A,"Intens. RB CH7"
RB_CH8_A,"Intens. RB CH8"
RB_CH9_A,"Intens. RB CH9"
RB_OUTPUT_1_VOLTAGE,"Voltaje salida RB 1"
RB_OUTPUT_2_VOLTAGE,"Voltaje salida RB 2"
GASSUIT_TEMP1,"GASS Temp1"
GASSUIT_TEMP2,"GASS Temp2"
GASSUIT_SPEED,"GASS RPM"
GASSUIT_RES_VOL,"GASS Vol. Res."
GASSUIT_RES_PERC,"GASS Res. %"
GASSUIT_FLOW,"GASS flujo"
GASSUIT_MAX_FLOW,"GASS flujo max"
GASSUIT_AVG_FLOW,"GASS flujo medio"
BEC_VOLTAGE,"Voltaje BEC"
BEC_CURRENT,"Intensidad BEC"
R9M_POWER,"Potencia. R9M"
OK,"OK"
FLAP,"Flaps"
AIRBRAKE,"Aerofreno"
FILE,"Archivo"
FLASH_SPORT,"Flashear por S.Port"
PLAY_VALUE,"Mostrar valor"
CATEGORY,"Categoría"
MEMBER,"Fuente"
ANALOGS,"Analógicos"
SWITCHES_POSITIONS,"Posiciones interr."
TRIMS_POSITIONS,"Posiciones trims"
CONST_VALUE,"Valor constante"
SLIDER_LEFT,"Deslizador izquierdo"
SLIDER_RIGHT,"Deslizador derecho"
RIGHT_HORIZONTAL,"Horizontal derecho"
TRIM_RIGHT_HORIZONTAL_LEFT,"Trim DHI"
TRIM_RIGHT_HORIZONTAL_RIGHT,"Trim DHD"
RIGHT_VERTICAL,"Vertical derecho"
TRIM_RIGHT_VERTICAL_UP,"Trim DVA"
TRIM_RIGHT_VERTICAL_DOWN,"Trim DVB"
LEFT_VERTICAL,"Vertical izquierdo"
TRIM_LEFT_VERTICAL_UP,"Trim IVA"
TRIM_LEFT_VERTICAL_DOWN,"Trim IVB"
LEFT_HORIZONTAL,"Horizontal izquierdo"
TRIM_LEFT_HORIZONTAL_LEFT,"Trim IHI"
TRIM_LEFT_HORIZONTAL_RIGHT,"Trim IHD"
TRIM_T5_LEFT,"T5 I"
TRIM_T5_RIGHT,"T5 D"
TRIM_T6_LEFT,"T6 I"
TRIM_T6_RIGHT,"T6 D"
TRIM_T5_DOWN,"T5 B"
TRIM_T5_UP,"T5 A"
TRIM_T6_DOWN,"T6 B"
TRIM_T6_UP,"T6 A"
DIFFERENTIAL,"Diferencial"
SLOW,"Lento"
MULTIPLY,"Multiplicar"
WEIGHT_UP,"Aumentar Peso"
WEIGHT_DOWN,"Disminuir Peso"
OUTPUT,"Salida"
CLOSE,"Cerrar"
FLASHING,"Actualización en curso..."
RESET_DEVICE,"Reiniciar dispositivo..."
LOW_BATTERY,"¡Batería de radio baja!"
VOLTAGE_CALIBRATION,"Calibrar voltaje"
STARTING_MODEL_WIZARD,"Inicio del asistente..."
RADIO_DATA_LOAD,""Cargar parám. radio"
DEFAULT_SYSTEM_SETTINGS_RESTORED,"Restaurados parám. por defecto del sitema."
FLIGHT_MODE_SHORT,"MV"
PREFLIGHT_WARNING,"Advertencia pre vuelo"
NEW_MODEL,"Nuevo modelo"
STARTING_CALIBRATION,"Iniciando calibración..."
NO_SD_CARD_WARNING,"Advertencia ausencia SD"
ADD_CURVE_ERROR,"¡Ha fallado creación de curva!"
STEP,"Paso"
AILERON,"Alerón"
SPACE_WITH_CHANNEL," canal"
QUESTION_SWAP_SSS_AND_SSS_CHANNELS_SETTINGS,"Intercambiar los ajustes de %s y de los ,%s canales?"
INPUT,"Entrada"
ELE_TO_AIL,"Prf => Ale"
THR_CURVE,"Curva de motor"
PITCH_CURVE,"Curva de paso"
THROTTLE_CUT,"Corte de motor"
AIL_TO_RUD,"Ale => Dir"
ELE_TO_CAMBER,"Prf => Camber"
RUD_TO_AIL,"Dir => Ale"
RUD_TO_ELE,"Dir => Prf"
AIL_TO_FLAPS,"Ale => Flap"
FLAPS_TO_ELE,"Flap => Prf"
FREE_MIX,"Mezcla libre"
SNAP_ROLL,"Tonel rápido"
TEST_MIX,"Mezcla de pruebas"
DELAY_UP,"Retraso arriba"
DELAY_MID,"Retraso medio"
DELAY_DOWN,"Retraso abajo"
NO_DELAY,"Sin retraso"
V_TAIL,"Cola en V"
DATA_REFUSED,"Datos rechazados"
DEVICE_NOT_RESPONDING,"El dispositivo no responde"
NO_OUTPUT,"Sin salida"
WEIGHT_RATES,"Porcentaje de pesos"
OTHERWISE,"Si no es así"
AUTO,"Auto"
TRIM_STEP_FINE,"Trim Fino"
TRIM_STEP_COARSE,"Trim grueso"
TRIM_STEP_EXPONENTIAL,"Trim exponenc."
TRIM_STEP_EXTRA_FINE,"Trim extra-fino"
TRIM_STEP_MEDIUM,"Trim medio"
TRIM_STEP_CUSTOM,"Trim personaliz."
SCREENSHOT,"Captura pantalla"
SILENT,"Silencio"
ALARMS_ONLY,"Solo alarmas"
OFTEN,"Frecuente"
ALWAYS,"Siempre"
NEVER,"Nunca"
WHEN_TELEMETRY_STREAMING,"Cuando haya telemetría"
VOICE1,"Voz 1 (Principal)"
VOICE2,"Voz 2"
VOICE3,"Voz 3"
NEGATIVE,"Negativo"
POSITIVE,"Positivo"
THROTTLE_HOLD,"Retención motor"
TRIGGER_VALUE,"Valor de disparo"
IDLE_OUTPUT_VALUE,"Valor ralenti"
LOW_POSITION_TRIM,"Trim en ralenti"
AND,"Y"
OR,"O"
XOR,"XOR"
SENSORS,"Sensores"
VARIOMETER,"Vario"
ALARMS,"Alarmas"
SENSOR,"Sensor"
RX_BATT,"Bat RX"
RX_CURRENT,"Intensidad Rx"
ALTITUDE,"Altitud"
VSPEED,"Vel. vert."
SELECT_LANGUAGE,"Elegir idioma"
ONCE,"Una vez"
FLIGHT_DATA,"Datos de vuelo"
ALL_TIMERS,"Todos los cronómetros"
WHOLE_TELEMETRY,"Toda la telemetría"
REPEAT,"Repetición"
WAV_FILE,"Archivo Wav"
BUTTERFLY,"Mariposa"
CAMBER,"Camber"
PITCH_TO_RUD,"Pas => Dir"
MISSING_BASIC_MIX,"No se encuentra mezcla básica"
MISSING_ENOUGH_CHANNEL,"Número de canales disponibles insuficiente"
NOT_SUIT_FOR_THIS_MODEL,"Esta mezcla no le conviene a su modelo"
THR_TO_ELE,"Mot => Prf"
THR_TO_RUD,"Mot => Dir"
TEMPERATURE,"Temperatura"
DATA_RATE,"Frecuencia datos"
GPS,"GPS"
GAS_SUITE,"Gas Suite"
FLOW_RESET,"Restablecer flujo"
CDI_OFF_SPEED_LIMIT,"Límite veloc. CDI off"
FLOW_PULSE,"Impulso de flujo"
AUTO_RESET,"Reinic. auto"
RESET_RESIDUAL_VOLUME,"Restablecer volumen residual"
RESET_MAX_FLOW,"Restablecer flujo máximo"
RESET_AVERAGE_FLOW,"Restablecer flujo medio"
VOLUME_ALARM,"Alarma volumen"
MAX_FLOW_ALARM,"Alarma flujo máx."
OVER_SPEED_ALARM,"Alarma sobreveloc."
FLOW_TRIGGER,"Iniciar flujo"
FACTORY_SETTING,"Parámetros de fábrica"
OVER_TEMP1_ALARM,"Alarma sobre-temp1"
OVER_TEMP2_ALARM,"Alarma sobre-temp2"
TEMPERATURE_UNIT,"Temp Grados"
AUTO_SAVE,"Auto guardar"
GPS_POSITION_DATA_RATE,"Frec. posición GPS"
GPS_ALTITUDE_DATA_RATE,"Frec. altitud GPS"
GPS_SPEED_DATA_RATE,"Frec. velocidad GPS"
GPS_COURSE_DATA_RATE,"Frec. ruta GPS"
GPS_TIME_DATA_RATE,"Frec. hora GPS"
RB_30_40,"RB 30/40"
EW,"EW"
NS,"NS"
DEFAULT_FLIGHT_MODE,"Modo vuelo predeterm."
SKIP_ON_STARTUP,"Saltar al inicio"
LOW_VALUE_WARNING,"Alarma valor bajo"
CRITICAL_VALUE,"Valor crítico"
UPGRADE_MODULE,"Actualizar módulo"
AUTHENTICATION_FAILURE,"Error de autenticación"
MODULE_NEEDS_UPGRADE,"Es necesario actualizar el módulo"
CLEAR,"Vaciar"
MIX_SWITCH_DESCRIPTION,"seleccione Interruptor que activa/desactiva la mezcla"
MIX_WEIGHT_DESCRIPTION,"El multiplicador en % asignado a la fuente de entrada que determina el valor de la mezcla, que será calculado después de la curva"
MIX_CURVE_DESCRIPTION,"Elige el tipo de Curva. Se calculará antes que el parámetro de peso."
MIX_DIFFERENTIAL_DESCRIPTION,"Seleccione el diferencial aplicado a los canales de la mezcla"
MIX_OUTPUT_DESCRIPTION,"Canales afectados por la mezcla"
MIX_INPUT_DESCRIPTION,"Seleccione la fuente de Entrada que afecta a la mezcla"
MIX_OPERATION_DESCRIPTION,"Seleccione tipo de función para la mezcla: Suma, multiplicación o reemplazo"
MIX_REVERSE_DESCRIPTION,"Invierta la dirección del mando"
MIX_OFFSET_DESCRIPTION,"Cantidad de desplazamiento desde el centro"
MIX_WEIGHTUP_DESCRIPTION,"Seleccione la cantidad de movimiento hacia arriba"
MIX_WEIGHTDOWN_DESCRIPTION,"Seleccione la cantidad de movimiento hacia abajo"
MIX_SPEEDUP_DESCRIPTION,"Seleccione el incremento de velocidad"
MIX_SPEEDDOWN_DESCRIPTION,"Seleccione la disminución de la velocidad"
MIX_LOWPOSTRIM_DESCRIPTION,"Trim activo solo a ralenti"
HELI_PITCH,"Paso (Helo)"
HELI_GYRO,"Giro (Helo)"
MISSING_THROTTLE,"El modelo no tiene motor"
SIX_POSITIONS_SWITCH,"Interruptor 6-POS"
GYRO_X_AXIS,"Giro Eje X"
GYRO_Y_AXIS,"Giro Eje Y"
AILERON_LETTER,"A"
RUDDER_LETTER,"D"
ELEVATOR_LETTER,"P"
THROTTLE_LETTER,"M"
NOT,"No"
STICKY,"Sticky"
EDGE,"Borde"
MIDDLE,"Medio"
NO_CHECK,"Sin verificar"
CUSTOM,"Personal."
HOLD,"Mantener"
NO_PULSES,"Sin pulsos"
NOT_SET,"Sin definir"
NO_ENGINE,"Sin motor"
NO_FLAPS,"Sin flaps"
NO_RUDDERS,"Sin dirección"
NO_ELEVATORS,"Sin profundidad"
NO_AILERONS,"Sin alerones"
CHANNELS_1,"1 canal"
CHANNELS_2,"2 canales"
CHANNELS_3,"3 canales"
CHANNELS_4,"4 canales"
BEEP,"Pitido"
IN_RANGE,"En alcance"
REPLACE,"Reemplazar"
USE_A_SOURCE,"Utilizar una fuente"
CONVERT_TO_VALUE,"Convertir en valor"
SPECIAL,"Especial"
MAXIMUM,"Máximo"
MINIMUM,"Mínimo"
MOMENTARY,"Momentáneo"
TWO_POS,"2-POS"
THREE_POS,"3-POS"
GYRO_CALIBRATION_PLACE_LEVEL,"Poner radio horizontal y pulsar 'Validar'"
GYRO_CALIBRATION_LEFT,"Girar la radio a la izquierda y pulsar 'Validar'"
GYRO_CALIBRATION_RIGHT,"Girar la radio a la derecha y pulsar 'Validar'"
GYRO_CALIBRATION_NOSE_UP,"Poner la radio hacia arriba y pulsar 'Validar'"
GYRO_CALIBRATION_NOSE_DOWN,"Poner la radio hacia abajo y pulsar 'Validar'"
DEFAULT,"Por defecto"
STRENGTH,"Intensidad"
AM,"AM"
PM,"PM"
PLAY_VARIO,"Reproducir vario"
RF_ALWAYS_OFF,"El módulo RF permanecerá siempre OFF."
STAB_FUNC,"Función de estabilización"
RX_PROTOCOL,"Protocolo RX"
NO_MAP,"Sin mapa"
DIRECTION,"Dirección"
CLOCKWISE,"Sentido horario"
ANTICLOCKWISE,"Sentido anti-horario"
PWM_PULSE_TYPE,"Tipo de pulso PWM"
BASIC_CONFIG,"Config. básica"
RX1_MAP,"RX1 Map"
RX2_MAP,"RX2 Map"
RX3_MAP,"RX3 Map"
ALL_FREQUENCY,"Todas las frecuencias"
STICKS_NAME,"Nombre de las palancas"
CHANNELS_COUNT,"Número de canales"
EXT,"Ext"
INT,"Int"
PLACE_RECEIVE_LEVEL,"Poner el receptor nivelado"
PLACE_RECEIVE_LEVEL_REVERSE,"Poner el receptor nivelado invertido"
PLACE_RECEIVE_LEFT,"Poner el receptor inclinado a la izquierda"
PLACE_RECEIVE_RIGHT,"Poner el receptor inclinado a la derecha"
PLACE_RECEIVE_FORWARD,""Poner el receptor inclinado hacia adelante"
PLACE_RECEIVE_BACKWARD,"Poner el receptor inclinado hacia atrás"
ADD_A_NEW_WEIGHT,"+ Nuevo peso"
ADD_A_NEW_CURVE,"+ Nueva curva"
AUDIO,"Audio"
VOICE,"Voz"
VAR,"Var"
VOLUME,"Volumen"
SAVE_TO_FLASH,"Guardar en flash"
SAVE_TO_FLASH_MESSAGE,""Todos los parámetros correctamente guardados en memoria flash"
TIMER_GENERATOR,"Gen. de cronómetro"
CONFIRM_CLEAR_CHANNEL_DDD_NAME,"Canal %d no utilizado en ninguna mezcla. ¿Borrar su nombre ?"
EDIT_SSS,"Editar %s"
RESET_SSS,"Reiniciar %s"
OPTIONS_3DOTS,"Opciones..."
QUESTION_COPY_CHANNEL_NAME,"El canal no tiene nombre.\n ¿Poner nombre a la mezcla ?"
FLY_BAR_LESS,"Flybarless"
WING_RUD_ELE_AIL,"Ala Dir-Prf-Ale."
WING_FLYING,"Ala Delta / Ala volante"
WING_VTAIL_AIL,"Ala cola en V Ale"
LEVEL,"Horizontal"
LEVEL_REVERSED,"Invertido"
UPRIGHT,"De frente"
UPRIGHT_REVERSED,"De espaldas"
WING_TYPE,"Tipo de ala"
MOUNTING_TYPE,"Posición de montaje"
SXR_ENABLE,"SXR activo"
AIL_INVERTED,"Ale Invertido"
AIL2_INVERTED,"Ale2 Invertido"
ELE_INVERTED,"Prf Invertida"
ELE2_INVERTED,"Prf2 Invertida"
RUD_INVERTED,"Dir Invertida"
AUX1_ENABLE,"AUX1 activo"
AUX2_ENABLE,"AUX2 activo"
QUICK_MODE,"Modo rápido"
SELF_CHECK,"Auto-comprobación"
STAB_GAIN_OF_AIL,"Estab. Ganancia Ale"
STAB_GAIN_OF_ELE,"Estab. Ganancia Prf"
STAB_GAIN_OF_RUD,"Estab. Ganancia Dir"
AUTO_LEVEL_GAIN_OF_AIL,"Auto Nivel Ganancia Ale"
AUTO_LEVEL_GAIN_OF_ELE,"Auto Nivel Ganancia Prf"
HOVER_GAIN_OF_ELE,"Hover Ganancia Ele"
HOVER_GAIN_OF_RUD,"Hover Ganancia Dir"
KNIFE_EDGE_GAIN_OF_AIL,"Cuchillo Ganancia Ale"
KNIFE_EDGE_GAIN_OF_RUD,"Cuchillo Ganancia Dir"
AUTO_LEVEL_OFFSET_OF_AIL,"Auto Nivel Desplazamiento Ale"
AUTO_LEVEL_OFFSET_OF_ELE,"Auto Nivel Desplazamiento Ele"
HOVER_OFFSET_ANGLE_OF_ELE,"Hover ángulo Desplazamiento Ele"
HOVER_OFFSET_ANGLE_OF_RUD,"Hover ángulo Desplazamiento Dir"
KNIFE_EDGE_OFFSET_OF_AIL,"Cuchillo desplazamiento Ale"
KNIFE_EDGE_OFFSET_OF_RUD,"Cuchillo Desplazamiento Dir"
OUTPUT_VOLTAGE,"Voltaje salida"
LIPO_VOLTAGE,"Voltaje Lipo"
RB_10_20,"RB 10/20"
ALTITUDE_DATA_RATE,"Frec. datos Alti."
VARIO_DATA_RATE,"Frec. datos Vario"
CURRENT_DATA_RATE,"Frec. datos Intensidad"
VOLTAGE_DATA_RATE,"Frec. datos Voltaje"
RPM,"RPM"
POLES_COUNT,"Num. de polos"
NEED_FIRMWARE_UPDATE,"Se necesita actualización de firmware"
SYSTEM_VALUE,"Valor Sistema"
GPS_CLOCK,"Hora GPS"
RACING_MODE_ACTIVE,"Modo carrera activo."
RACING_MODE_IS_UNSUPPORTED,"Modo carrera no soportado."
POTS_SLIDERS,"Potenc. / Deslizadores"
STICKS_POTS_SLIDERS,"Palancas / Potenc. / Deslizadores"
WRITE_INTERVAL,"Frec. de escritura"
TX_BATT,"Bat. TX"
AVERAGE,"Promedio"
TOTALIZE,"Totalizar"
CELL,"Celda"
CONSUMPTION,"Consumo"
DISTANCE,"Distancia"
FALLING_EDGE_OF_SSS_BETWEEN_SSS_AND_SSS,"↑↓Pulso de %s entre %s y %s"
RISING_EDGE_OF_SSS_DURING_SSS,"Borde↑ de %s durante %s"
FALLING_EDGE_OF_SSS_DURING_SSS,"Borde↓ de %s durante %s"
FALLING_EDGE_OF_SSS,"Borde↓ de %s"
RISING_EDGE_OF_SSS,"Borde↑ de %s"
STALL,"Pérdida"
EDITABLE_SRV_DDD_CURR,"Intensidad SRV%d"
EDITABLE_SRV_DDD_VOLT,"Voltaje SRV%d"
EDITABLE_SRV_DDD_TEMP,"Temp.SRV%d"
EDITABLE_SRV_DDD_STATUS,"Estado SRV%d"
CONDITION,"Condición"
TIMER_LOGS,"Registros cronómetro"
SAVE_TO_SD,"Guardar en SD"
CLEAR_LOGS,"Limpiar registros"
TITLE,"Título"
LOWEST,"Mínimo"
COUNT,"Contar"
HIGHEST,"Máximo"
BLADES,"Palas"
MAINGEAR_TEETH,"Dientes engranaje principal"
PINION_TEETH,"Dientes piñón"
GEAR,"Tren"
PROPELLER,"Hélice"
FLIGHT_VALUE,"Valor de vuelo"
CURRENT_FLIGHT_MODE,"M.V. actual"
NO_DESTINATION,"Sin destino"
ENT_LONG,"ENT Largo"
RX_STILL_ON_TURN_OFF_TRANSMITTER,"Rx todavía ENCENDIDO, ¿apagar la emisora?"
CONFIRM_RESET_SENSOR,"El valor del sensor se reiniciará. ¿Continuar?"
LATITUDE,"Latitud"
LONGITUDE,"Longitud"
GPS_MAP,"Mapa GPS"
MAP,"Mapa"
INTERNAL_GPS,"GPS interno"
CLOCK,"Reloj"
TRIP,"Viaje"
SYSTEM_EVENT,"Evento de Sistema"
RSSI_LOW,"RSSI Bajo"
TRAINER_ACTIVE,"Entrenador activo"
MULTIPLIER,"Multiplicador"
VERTICAL,"Vertical"
HORIZONTAL,"Horizontal"
TOTAL,"Total"
CELLS,"Celdas"
MULTI_LIPO,"Multi LiPo"
LIPO,"LiPo"
LINE_CHART,"Gráfica de línea"
LOG_PERIOD,"Periodo de Registro"
RESUME,"Reanudar"
PAUSE,"Pausa"
AUTO_RANGE,"Rango automático"
LOCK,"Bloquear"
Xx2POS,"{HARDWARE_FUNCTION_SWITCHES} x 2-Pos"
XPOS_WITH_OFF,"6-Pos con OFF"
XPOS,"6-Pos"
2xXPOS,"2 x {HARDWARE_FUNCTION_SWITCHES_PER_SIDE}-Pos"
GLOBAL,"Global"
_2DOTS," : "
SUMMARY,"Resumen"
CONFIRM_STOP_USING_CURVE,"¿Está seguro de no usar esta curva?"
CONFIRM_STOP_USING_RATE,"¿Está seguro de no usar este peso?"
PATTERN,"Patrón"
ROLL_ANGLE,"Ángulo alabeo"
PITCH_ANGLE,"Ángulo Profundidad"
HYDRAULIC_PRESSURE,"Presión hidráulica"
IGNORE_TRAINER_INPUT,"Ignorar entrada entrenador"
FULL_RANGE,"Todo el rango"
IGNORE_RANGE,"Ignore range"
HALF_RANGE,"Mitad de rango"
LAST_POSITION,"Última posición"
SLEEP_BRIGHTNESS,"Brillo en modo suspensión"
TOP_LCD_SLEEP,"Top LCD Sleep"
VIEW_PER_CHANNEL,"Ver por canal"
VIEW_TABLE,"Ver tabla"
GENERAL,"General"
RX_STILL_ON_TURN_OFF_RF,"Receptor aún encendido. ¿Continuar?"
LOAD_ALL_FUNCTION_SWITCH_POSITIONS,"Cargar posición en todas Teclas de Función"
CONFIRM_LOAD_ALL_FUNCTION_SWITCH_POSITIONS,"Esta operación sobreescribirá las posiciones actuales de las Teclas de Función. ¿Continuar?"
STORAGE_LOCATION,"Lugar de almacenamiento"
RADIO,"Radio"
MODELS,"Modelos"
USER_BITMAPS,"Imágenes de usuario"
SCRIPTS,"Scripts"
LOGS,"Logs"
SCREENSHOTS,"Capturas pantalla"
PRESSURE,"Presión"
COLOR,"Color"
CONFIRM_CLEAR_CHANNELS_SSS_NAME,"Ninguna mezcla usa los canales %s. ¿Quiere borrar el nombre a esos canales?"
CHANNEL_SBUS_VALUE_LIMIT_WARNING,"Los valores del nuevo canal son incompatibles con el uso redundante del SBUS. ¿Está seguro de continuar?"
VOLTAGE,"Voltaje"
SAVE_TO_FILE,"Guardar en archivo"
FLASH_VIDEO_COMPONENT,"Flashear Video Componente"
RX_BAT_VOLTAGE,"Volt. batería RX"
RX_BAT_2_VOLTAGE,"Voltaje batería RX2"
EXT_ADC_VOLTAGE,"Volt. ADC externo"
BOARD_CURRENT,"Intens. de placa"
POWER_ON_RESET,"Reseteo de encendido"
PIN_RESET,"Reseteo de Pin"
WAKE_UP_RESET,"Reseteo de Wake Up"
WATCHDOG_RESET,"Reseteo de Watchdog"
LOCKUP_RESET,"Reseteo de Lockup"
BROWN_DOWN_DET_RESET,"Detec. reseteo pédida de corriente"
RX_RESET_CASE,"RX Reset Case"
OPERATION_ASSIGN,"Asignar(=)"
OPERATION_ADD,"Suma(+)"
OPERATION_SUBTRACT,"Resta(-)"
OPERATION_MULTIPLY,"Multica(*)"
OPERATION_DIVIDE,"Divide(/)"
SQRT,"Sqrt"
REPURPOSE,"Reasignar"
SENSOR_CONFLICT_WARNING,"Aviso conflicto entre sensores"
NIGHTLY_BUILD_NOT_FOR_FLYING,"Nightly build, ¡No apto para vuelo!"
READING_FILE,"Leyendo archivo ..."
NOT_ENOUGH_MEMORY,"No hay suficiente memoria"
CLEAN_LOGS,"Borrar logs"
CONFIRM_CLEAN_LOGS,"Esta operación borrará todos los archivos .csv del directorio. ¿Quiere continuar?"
CLEANING_LOGS,"Borrando logs..."
PAUSE_CONDITION,"Condición de pausa"
RESET_SETTINGS,"Resetear ajustes"
SWAP_CHANNELS,"Intercambiar canales"
CONFIRM_RESET_SETTINGS,"Los ajustes se cambiarán a valores por defecto. ¿Quiere continuar?"
CONFIRM_SWITCH_EXTERNAL_MODULE,"El Módulo externo está en uso. Si sigue se desconectará. ¿Está seguro?"
CONFIRM_SWITCH_TRAINER,"Trainer está usando el módulo externo. Si sigue, dejará de hacerlo. ¿Está seguro?"
COMPETITION_OPTION,"Opción Competición (sólo RSSI y Batería)"
CONFIRM_BLUETOOTH_USED_BY_SSS,"Bluetooth está en uso por %s. Si sigue se parará. ¿Está seguro?"
BOTH_MODULES,"Ambos módulos"
SPORT_CONNECTOR,"Conector S.Port"
CONFIRM_SPORT_USED_BY_SSS,"Conector S.Port está en uso por %s. ¿Está seguro de continuar?"
TRAINER_CABLE,"Cable Entrenador"
BLUETOOTH,"Bluetooth"
SBUS_EXTERNAL_MODULE,"Módulo ext. SBUS"
CPPM_EXTERNAL_MODULE,"Módulo ext. CPPM"
LUA_TASKS,"Tareas Lua"
LUA_SOURCES,"Fuentes Lua"
MISSING_SCRIPT_FILE,"Falta archivo del script"
BITMAP,"Imagen"
BITMAP_TYPE,"Tipo de imagen"
BITMAP_FILE,"Archivo de imagen"
FILE_PATH,"Localizac. de archivo"
TEXT,"Texto"
DOCUMENTS,"Documentos"
USB_MODE_PRESELECTION,"Preselecc. modo USB"
USB_MODE,"Modo USB"
JOYSTICK,"Joystick"
SERIAL,"Serie"
SELECT_MODEL_AT_POWER_ON,"Selecc. modelo al arranque"
LOAD_MODEL,"Cargar modelo"
TELEMETRY_ACTIVE,"Telemetría Activa"
FLIGHT_RESET,"Restablecer vuelo"
THROTTLE_ACTIVE,"Motor Activo"
COUNTING_SOURCE,"Fuente proporcional de crono"
SEND_FILE,"Enviar archivo"
FILE_TRANSFER,"Transferencia de archivo"
RECEIVE_FILE_HERE,"Recibir archivo aquí"
WAITING_FOR_CONNECTION,"Esperando conexión"
CONNECTION_REFUSED,"Connection refused"
WAITING_FOR_RECEIVER_CONFIRMATION,"Esperando confirmación del receptor..."
FILE_TRANSFER_FAILED,"Fallo de transferencia de archivo"
CONFIRM_RECEIVE_FILE_SSS_IN_FOLDER_SSS_SIZE_IS_SSS,"Va a recibir archivo %s en el directorio %s\n Tamaño de archivo es %s"
CONFIRM_OVERWRITE_FILE_SSS_IN_FOLDER_SSS_SIZE_IS_SSS,"Va a sobreescribir archivo %s en la carpeta %s\n Tamaño de archivo es %s"
SENDING_SSS,"Enviando %s..."
RECEIVING_SSS,"Recibiendo %s..."
SEND_MODEL,"Enviar modelo"
RECEIVE_MODEL,"Recibir modelo"
ARE_YOU_USING_A_FRSKY_SELF_STAB_RECEIVER,"¿Está usando un receptor Frsky auto-estabilizado?"
EMERGENCY,"Emergencia"
GAIN_ADJUST,"Ajuste de ganancia"
UNIT_KNOT,"nudos"
UNIT_MILLILITER_PER_PULSE,"ml/p"
UNIT_RPM,"rpm"
ASSIGN_INPUT_HINT,"Asigne fuentes de entrada a las siguientes funciones:"
CONFIRMATION,"Confirmación"
ENABLE_XXX,"Habilitar %s?"
DISABLE_XXX,"Deshabilitar %s?"
CONFIRMATION_BEFORE_ACTIVE,"Confirmación antes de activar"
CONFIRMATION_BEFORE_INACTIVE,"Confirmación después de inactivo"
REMOTE_NFC,"NFC remoto"
SWITCH_CHANNEL,"Cambiar canal"
WIRELESS,"Inalámbrico"
TIMEOUT,"Se acabó el tiempo"
NO_ENABLED_MODULE,"Active el  módulo que quiere enlazar con NFC"
GET_MODULE_UUID_FAILED,"No se ha podido conseguir el UUID del módulo.\n ¡Compruebe el estado del módulo!"
BIND_NFC_FAILED,"¡No se ha podido enlazar el NFC con el módulo!"
PROTOCOL_NOT_SUPPORTED,"¡El protocolo actual del módulo no está soportado!"
CONFIRM_DELETE_TRIM,"¿Está seguro de borrar este trim extra?"
LEFT_STICK,"Palanca izquierda"
RIGHT_STICK,"Palanca derecha"
ALL_MOTORS,"Todos los motores"
SELECT,"Seleccionar"
SINGLE_MOTOR,"Un motor"
STICK_MOTORS,"Palanca de motores"
CONFIRM_DELETE_ACTION,"¿Está seguro de eliminar esta acción?"
CONFIRM_DELETE_SCREEN,"¿Está seguro de eliminar esta pantalla?"
CONFIRM_DELETE_SENSOR,"¿Está seguro de eliminar este sensor?"
FILE_ALREADY_EXISTS,"Existe un archivo con el mismo nombre"
MODEL_RUNTIME,"Runtime Modelo"
RADIO_RUNTIME,"Runtime Radio"
WAITING_FOR_SIGNAL,"Esperando señal..."
CONFIRM_RESET_RUNTIME,"Runtime se reinicirá.\n¿Está seguro de continuar?"
BANK,"Bank"
POWER_SWITCH,"Interr. de encendido"
CURRENT_AND_VOLTAGE_RATE,"Regimen de intens. & voltaje"
BEC_VOLTAGE_RATE,"BEC voltage rate"
SBEC_VOLTAGE,"Voltaje SBEC"
BATTERY_MODE,"Modo batería"
SWITCH_VOLTAGE,"Cambiar voltaje"
BALANCE,"Equilibrar"
BACKUP,"Backup"
BALANCE_CHANNELS,"Equilibrar canales"
CHOOSE_CHANNELS,"Elegir canales"
BALANCE_CURVE,"Equilibrar curva"
CONFIRM_TO_SHARE_RECEIVER,"¿Está seguro de querer compartir este receptor?"
CONFIRM_TO_UNBIND_RECEIVER,"¿Está seguro de querer desvincular este receptor?"
