TRANSLATION_NAME,"תירבע"
TRANSLATION_KEY,"he"
TRANSLATION_DIRECTION,"R2L"
FORMULA,"אחסונ"
CALCULATED_SENSOR,"בשוחמ ןשייח"
NAME,"םש"
DECIMALS,"ילמיצד"
VALUE,"ךרע"
SENSOR_LOST_WARNING_DELAY,"ןשייח קותינ תארתה"
WARNING_DISABLED,"היובכ הרהזא"
RANGE,"חווט"
SPACE_WITH_SAMPLES," תואמגוד"
RESET,"סופיא"
TELEMETRY_SENSOR,"הירטמלט ןשייח"
UNIT,"הדיחי"
WRITE_LOGS,"םיגול רומש"
ID,"ההזמ"
CENTER,"זכרמ"
SUBTRIM,"םירט באס"
PWM_CENTER,"PWM זכרמ"
NORMAL,"ליגר"
EQUAL,"Equal"
UNPLUGGED,"Unplugged"
BEHAVIOUR,"Behaviour"
ADD_NEW_BEHAVIOUR,"Add a new behaviour"
ADD_EXTRA_TRIM,"Add an extra trim"
EXTRA_TRIM,"Extra trim"
SLOW_UP,"הלעמל טאה"
MIN,"םומינימ"
CURVE,"המוקע"
MAX,"םומיסקמ"
CHANNEL," ץורע"
INVERT,"ךופיה"
SLOW_DOWN,"הטמל טאה"
INVERTED,"ךופה"
FLIGHT_MODES,"הסיט יבצמ"
MIX_FLIGHT_MODES_DESCRIPTION,"הסיטה בצמל רואית"
MIX_NAME_DESCRIPTION,"רסקימ םש ךורע"
TRIGGER_ON_CONDITION,"הלעפה בצמ לעפה"
COMMENT,"הרעה"
FUNCTION,"היצקנופ"
VALUES,"Values"
ADD_NEW_VALUE,"+ Add a new value"
ACTIONS,"Actions"
ADD_NEW_ACTION,"+ Add a new action"
DURATION_HIGH,"ליעפ ןמז ךשמ"
RISING_EDGE,"הלעמל הציפק"
DURING,"ןמזב"
VALUE1,"1 ךרע"
VALUE_X,"ךרע (X)"
CHECK_INTERVAL,"ןמז חוורמ תקידב"
ACTIVE_CONDITION,"ליעפ בצמ"
MIN_DURATION,"הייהש ןמז םומינימ"
MAX_DURATION,"Max duration"
DURATION_LOW,"תוליעפ יא ןמז ךשמ"
VALUE2,"2 ךרע"
DELAY_BEFORE_ACTIVE,"ליעפ בצמל הסינכ ינפל היהשה"
DURATION,"ןמז ךרוא"
SOURCE_A,"רוקמ (A)"
TRIGGER_OFF_CONDITION,"יובכ בצמ לעפה"
DELAY_BEFORE_INACTIVE,"ליעפ אל בצמל הסינכ ינפל היהשה"
DELAY_ON_OFF,"Delay ON / OFF"
SOURCE,"רוקמ"
APPLICATION_ID,"יביטקילפא ההזמ"
PHYSICAL_ID,"יזיפ ההזמ"
ACTION,"הלועפ"
TRAINER,"רניירט"
TRAINER_MODE,"רניירט בצמ"
CHANNEL_RANGE,"םיצורע חווט"
CH," ץורע"
OUTPUTS,"םיאצומ"
LAST_MODIFICATION,"הנורחאל הנוש"
CLONE,"לפכש"
MODEL_MATCH,"לדומ ההזמ"
MODEL_DATA_LOAD,"לדומ עדימ תניעט"
FILE_SIZE,"ץבוק לדוג"
MODEL_SELECT,"לדומ תריחב"
NO_MODELS_DIRECTORY,"No models directory!"
ARE_YOU_SURE_YOU_WANT_TO_DELETE_THIS_MODEL,"? לדומה תא קוחמל ךנוצרבש חוטב התא םאה"
SUCCESS,"! החלצה"
CLONE_MODEL_SUCCESSFULLY,"! החלצהב לפכוש לדומ"
FILENAME_TOO_LONG,"!ידמ ךורא ץבוק םש"
RX_STILL_ON_SELECT_ANOTHER_MODEL,"?לדומ ףילחהל ךנוצרבש חוטב םאה .קלוד ןיידע טלקמה"
CONFIRM_SELECT_ANOTHER_MODEL,"Are you sure you want to select another model?"
FILE_NAME,"ץבוק םש"
MODEL_TYPE,"לדומ גוס"
CONFIRM,"רושיא"
SET_CURRENT_MODEL,"יחכונ לדומ רחב"
UNCATEGORIZED,"הירוגטק אלל"
CHANGE_FOLDER,"היקית ףלחה"
OPERATION,"Operation"
OPERATION_FAILED,"!הלשכנ הלועפה"
DELETE_FOLDER,"היקית קחמ"
RENAME_FOLDER,"היקית םש הנש"
CREATE_FOLDER,"היקית רוצ"
CONFIRM_DELETE_FLIGHT_MODE,"הז הסיט בצמ קוחמל ךנוצרבש חוטב התא םאה?"
MOVE,"זזה"
EDIT,"הכירע"
ADD,"ףסוה"
TELEMETRY_PORT,"הירטמלט טרופ"
WARNING,"הרהזא"
ERRORS,"Errors"
OPTIONS,"תויורשפא"
CONFIGURE,"Configure"
WAITING_FOR_RECEIVER,"טלקמל ןיתממ..."
PIN,"ןיפ"
TELEMETRY,"הירטמלט"
RX_SETTINGS,"טלקמ ינוויכ"
NO_RESPONSE_FROM_RECEIVER,"טלקמהמ הבוגת ןיא"
SBUS_OUT,"SBUS תאיצי"
SBUS_IN,"SBUS תסינכ"
TELEMETRY_25_MW,"25 הירטמלט mW"
HIGH_PWM_SPEED,"תוריהמ PWM ההובג"
FLIGHT_DATA_RECORDER,"הסיט עדימ טילקמ"
RX_HAS_NO_FLIGHT_DATA_RECORD,"הסיט עדימ טילקמ ןיא טלקמל"
SENSOR_CONFIG,"םינשייח תרדגה"
CONFIRM_DELETE_TIMER,"? הז רמייט קוחמל ךנוצרבש חוטב התא םאה"
TIMER," רמייט"
MODE,"בצמ"
PASTE,"קבדה"
TIMERS,"םירמייט"
COPY,"קתעה"
NO_TIMER_HINT,"! דחא רוציל ידכב '+' ץחל .םימייק אל םירמייט"
ANTENNA,"הנטנא"
POWER_HAS_BEEN_CHANGED_PLEASE_REBIND,"!שדחמ דנייב עצב ˎהנוש קפסה "
NO_RESPONSE_FROM_MODULE,"! לודומהמ הבוגת ןיא"
POWER,"קפסה"
BAUDRATE,"Baudrate"
WAITING_FOR_MODULE,"לודומל ןיתממ..."
TX_SETTINGS,"רדשמ ינוויכ"
MIXES,"רסקימ"
CHANNELS,"םיצורע"
FLIGHT_MODE,"הסיט בצמ"
D,"D"
CONFIRM_DELETE_MIX,"? הז רסקימ קוחמל ךנוצרבש חוטב התא םאה"
CONFIRM_DELETE_SSS,"Are you sure you want to delete %s"
NONE,"אלל"
NO_MIX_HINT,"! דחא רוציל ידכב '+' ץחל .םירסקימ םימייק אל"
TYPE,"גוס"
SHARE,"ףתש"
RX,"RX"
RACING_MODE,"ץורימ בצמ"
RANGE_CHECK,"חווט תקידב","חווט"
EXTERNAL_MODULE,"ינוציח לודומ"
BIND_OK,"חילצה דנייב"
BINDING_3DOTS,"דנייב עצבמ..."
BIND,"דנייב"
FAILSAFE,"ףייסלייפ"
INTERNAL_MODULE,"ימינפ לודומ"
SET_FAILSAFE,"ףייסלייפ ןווכ"
RESET_BIND,"דנייב סופיא"
FACTORY_RESET,"Factory reset"
RF_SYSTEM,"תרושקת תכרעמ"
OWNER_REGISTRATION_ID,"םילעב ההזמ רפסמ"
SELECT_DEVICE,"רישכמ רחב"
REGISTER,"םושיר"
VALID_FRAME_RATE,"VFR"
STATE,"בצמ"
PROTOCOL,"לוקוטורפ"
RSSI,"RSSI"
ARE_YOU_SURE_TO_RESET_THIS_RECEIVER,"הז טלקמ ספאל ךנוצרבש חוטב התא םאה?"
SET,"רדגה"
EXPO,"ופסקא"
UNIT_POINTS_COUNT,"תודוקנ"
WEIGHT,"לקשמ"
POINTS,"תודוקנ ןוויכ"
OFFSET,"טסיה"
AUTO_OFFSET,"Auto offset"
OFFSET_WHEN_ACTIVE,"Offset when active"
OFFSET_WHEN_INACTIVE,"Offset when inactive"
SMOOTH,"קלח"
POINT,"הדוקנ"
POINTS_COUNT,"תודוקנ רפסמ"
EASY_MODE,"טושפ דומ"
LOGIC_SWITCHES,"םייגול םיקספמ","יגול קספמ"
ARE_YOU_SURE_YOU_WANT_TO_DELETE_THIS_LOGIC_SWITCH,"?הז יגול גתמ קוחמל ךנוצרבש חוטב התא םאה"
NO_LOGIC_SWITCH_HINT,"! קספמ תריציל '+' ץחל .םייגול םיקספמ םימייק אל"
START_CONDITION,"Start condition"
STOP_CONDITION,"Stop condition"
TIMER_EDIT,"רמייט תכירע"
PERSISTENT,"יבקע"
START_VALUE,"לחתה","הלחתה ךרע"
AUDIO_ACTIONS,"Audio actions"
AUDIO_ACTION,"Audio action"
ADD_A_NEW_AUDIO_ACTION,"Add a new audio action"
ALARM_VALUE,"הארתה","הארתה ךרע"
HAPTIC,"טטר"
COUNTDOWN,"Countdown"
BEEP_COUNTDOWN,"Beep countdown"
START,"Start"
PLAY_FILE,"Play File"
SPACE_WITH_OTHERS," םירחא..."
CONFIRM_DELETE_CURVE,"? וז המוקע קוחמל ךנוצרבש חוטב התא םאה"
CURVE_USED_BY,"םיאבה םירסקימב שומישב וז המוקע:"
AND_WITH_TWO_SPACES," ו "
CURVES,"תומוקע"
VARS,"Vars"
NO_VAR_HINT,"No var yet. Please press the add button to create one!"
ARE_YOU_SURE_YOU_WANT_TO_DELETE_THIS_VAR,"Are you sure you want to delete this var?"
NO_CURVE_HINT,"! תחא רוציל ידכב '+' לע ץחל .תורדגומ תומוקע ןיא"
CONFIRM_RESET_MIXES,"? ךישמהל ךנוצרבש חוטב התא םאה .םירסקימה לכ תא ספאת וז הלועפ"
ELEVATORS,"הבוג יאגה"
YAW,"בוסבס"
SWASH_PLATE,"טיילפ שאווס"
EDIT_MODEL,"לדומ תכירע"
PICTURE,"הנומת"
TAIL,"בנז"
AILERONS,"תונזאמ"
PITCH,"דורלע"
THROTTLE,"תרעצמ"
FLAPS,"םיפדמ"
ENGINE,"עונמ"
RUDDERS,"ןוויכ יאגה"
ROLL,"לוגלג"
FUNCTION_SWITCHES,"םיילנויצקנופ םיגתמ"
RESET_ALL_MIXES,"םירסקימה לכ תא ספא"
CREATE_CALCULATED_SENSOR,"בשוחמ ןשייח רוצ"
CONFIRM_DELETE_SENSORS,"? חוטב ךנה םאה \n. ורסוי םינשייחה לכ"
ON,"לעפומ"
OFF,"יובכ"
DISCOVER_NEW_SENSORS,"םישדח םינשייח הלג"
DELETE_ALL,"לכה קחמ"
CREATE_DIY_SENSOR,"DIY ןשייח רוצ"
CONFIRM_LOAD_ALL_SWITCH_POSITIONS,"? ךישמהל ךנוצרבש חוטב התא םאה .יחכונה םיגתמה בצמ םע םיגתמה תוקידב לכ תא סורדת וז הלועפ"
CHECK_FUNCTION,"היצקנופ קודב"
LOAD_ALL_SWITCH_POSITIONS,"םיגתמה לכ םוקימ ןעט"
CONFIRM_LOAD_ALL_POT_POSITIONS,"? ךישמהל ךנוצרבש חוטב התא םאה .יחכונה םיגתמה בצמ םע םירטמויצנטופה תוקידב לכ תא סורדת וז הלועפ"
LOAD_ALL_POT_POSITIONS,"םירטמויצנטופה לכ םוקימ ןעט"
CALIBRATION_FINISH,"! םייתסה לויכה"
SXR_CALIBRATION,"SxR לויכ"
CLICK_WHEN_DONE,"םויסב ץחל"
CALIBRATING,"לייכמ..."
SXR_CALIBRATION_DESCRIPTION,"SxR ורי'ג לויכ"
SLAVE_CH,"ביילס ץורע"
PERCENT,"זוחא"
DESTINATION,"דעי"
ENABLE,"לעפומ"
NO_FUNCTION_HINT,"! תחא רוציל ידכב '+' לע ץחל .תורדגומ תויצקנופ ןיא"
SPECIAL_FUNCTIONS,"תודחוימ תויצקנופ"
SF,"'קנופ"
DISABLE,"יובכ"
ARE_YOU_SURE_YOU_WANT_TO_DELETE_THIS_SPECIAL_FUNCTION,"?וז תדחוימ היצקנופ קוחמל ךנוצרבש חוטב התא םאה"
REGISTRATION_OK,"חילצה םושירה"
UID,"UID"
REGISTRATION_ID,"םושיר ההזמ"
RX_NAME,"טלקמ םש"
RECEIVER_CONNECTED,"רבוחמ טלקמ"
REGISTRATION,"םושיר"
TRIMS,"םיזוזיק"
FADE_IN,"הסינכ תטאה"
FADE_OUT,"האיצי תטאה"
AUTO_DETECT,"יטמוטוא יוהיז"
DISPLAY_DECIMALS_AND_UNIT,"הדיחי / הגוצת קויד"
SELECT_SENSOR,"ןשייח רחב"
DIY_SENSOR,"DIY ןשייח"
WAITING,"ןיתממ"
BAND,"רדת םוחת"
RATIO,"סחי"
MODULE,"לודומ"
PROTOCOL_DECIMALS_AND_UNIT,"הדיחי / לוקוטורפ קויד"
CROSS_TRIM,"םיבלצומ םיזוזיק"
MOVE_TRIM_TO_SUBTRIM,"Move trim to subtrim"
INSTANT_TRIM,"Instant trim"
CONFIRM_MOVE_TRIM_TO_SUBTRIM,"Confirm move trim to subtrim?"
MOVE_TRIMS_TO_SUBTRIMS,"Move trims to subtrims"
CONFIRM_MOVE_TRIMS_TO_SUBTRIMS,"Confirm move trims to subtrims?"
INDEPENDENT_PER_FLIGHT_MODE,"הסיט בצמ רפ זוזיק"
STICK,"קיטס"
CONFIGURE_SCREENS,"םיכסמ רדגה"
TOP_SCREEN,"ןוילע ךסמ"
CHANGE_LAYOUT,"הסירפ הנש"
FULL_SCREEN,"אלמ ךסמ"
WIDGET,"ט'גדיו"
SET_MAIN_SCREEN,"ישאר ךסמכ רדגה"
CONFIGURE_WIDGET,"ט'גדיו רדגה"
NEW_SCREEN,"שדח ךסמ"
SCREEN," ךסמ"
CHANGE_WIDGET,"ףלחה","ט'גדיו ףלחה..."
MOVE_FORWARD,"← המידק זזה"
MOVE_BACKWARD,"→ הרוחא זזה"
RESET_FLIGHT,"הסיט סופיא"
RESET_TIMERS,"םירמייט סופיא"
RESET_TELEMETRY,"הירטמלט סופיא"
HOME,"תיב"
ADD_AFTER,"ירחא ףסוה..."
ADD_MIX_FAILED,"! הלשכנ רסקימ תפסוה"
MAX_MIXES_REACHED,"! ילמיסקמה םירסקימ רפסמל תעגה"
FIRST_POSITION,"ןושאר םוקימ"
MIXES_LIBRARY,"םירסקימה תיירפס"
LOCAL_ADDRESS,"תימוקמ תבותכ"
WAITING_FOR_DEVICES,"םירישכמל ןיתממ..."
LOCAL_NAME,"ימוקמ םש"
SEARCH_DEVICES,"םירישכמ שפח"
BLUETOOTH_DEVICE_CONNECTED,"רבוחמ 'תוטולב רישכמ"
CONNECT_LAST_DEVICE,"ןורחא רישכמ רבח"
NO_BLUETOOTH_DEVICE_FOUND,"! 'תוטולב רישכמ אצמנ אל"
SPEAKER_MUTE,"קתשומ לוקמר"
DISCONNECT,"קתנ"
WAITING_FOR_DEVICE,"רוביחל ןיתממ"
DIST_ADDRESS,"תרזובמ תבותכ"
CONNECTING,"רבחתמ"
RESET_MODULE,"לודומל לוחתא"
HIGH_SPEED,"ההובג תוריהמ"
NORMAL_SPEED,"הליגר תוריהמ"
MODEL,"לדומ"
CHECKLIST,"טסיל ק'צ"
FILE_MANAGER,"םיצבק להנמ"
SOUND,"טטרו לילצ"
STICKS,"םיקיטס"
DATE_TIME,"העשו ךיראת"
HARDWARE,"הרמוח"
INFO,"עדימ"
SERIAL_NUMBER,"Serial number"
RESET_FACTORY_SETTINGS,"Reset factory settings"
CONFIRM_RESET_FACTORY_SETTINGS,"Reset factory settings?"
SYSTEM,"תכרעמ"
DISPLAY,"הגוצת"
KEYBOARD,"תדלקמ"
ENABLE_SLIDER,"Enable slider"
DISABLE_SLIDER,"Disable slider"
ALERTS,"תוארתה"
SPECTRUM_ANALYSER,"םורטקפס"
BATTERY,"הללוס"
CHECKLIST_WARNING,"טסיל ק'צ תרהזא"
RADIO_IS_IN_SILENT_MODE,"טקש דומב וידרה"
RADIO_BATTERY_IS_LOW,"הכומנ רדשמ תללוס"
THROTTLE_IS_NOT_IDLE,"קרסב אל תרעצמ"
ARE_NOT_IN_SAFE_POSITION,"םיקספמ בצמ אדוו .םי/ליעפ"
IS_NOT_IN_SAFE_POSITION,"םיקספמ בצמ אדוו .םי/ליעפ"
FUNCTION_SWITCHES_ARE_NOT_IN_SAFE_POSITION,"חוטב בצמב אל םילנויצקנופ םיקספמ"
FAILSAFE_IS_NOT_SET,"רדגומ אל ףייסלייפ"
RTC_BATTERY_IS_LOW,"הכומנ יוביג תללוס"
ALWAYS_ON,"קלוד דימת"
YES,"ןכ"
DIGITAL_RSSI,"ילטיגיד RSSI"
GYRO,"ורי'ג"
LANGUAGE,"הפש"
SWITCHES,"םיגתמ"
TOP_TOOLBAR,"ןוילע םילכ לגרס"
NO,"אל"
BRIGHTNESS,"תוריהב"
KEYS,"םינצחל"
WAKE_UP,"תוררועתה"
DIGITAL_VOLTAGE,"תילטיגיד הגוצת"
SLEEP,"הניש"
SYSTEM_ALERTS,"תכרעמ תוארתה"
INACTIVITY,"תוליעפ רסוח"
AUTO_ADJUST_FROM_GPS,"GPS יפל יטמוטוא ןוויכ"
DATE,"ךיראת"
ADJUST_RTC_SPEED,"RTC תוריהמ ןווכ"
SHOW_SECONDS,"תוינש גצה"
IS24HOUR,"תועש 24 ןועש"
TIME_ZONE,"ןמז רוזא"
YEAR,"הנש"
MONTH,"שדוח"
TIME,"ןועש"
NEXT,"אבה"
GYRO_CALIBRATION,"וריג לויכ"
PREV,"םדוק"
MDL_LONG,"ךורא MDL"
HARDWARE_CHECK,"הרמוח תקידב"
SWITCHES_SETTINGS,"םיגתמ תורדגה"
ADC_INSPECTOR,"ADC יכרע תגוצת"
SYS_LONG,"ךורא SYS"
HOME_KEYMAP,"תיב ינצחל יופימ"
POTS_SLIDERS_SETTINGS,"םירדיילס/טופ תורדגה"
SWITCH_MIDDLE_DETECT_DELAY,"םיקספמ זכרמ תייהשה"
DISP_SHORT,"רצק {DISP_LABEL}"
DISP_LONG,"ךורא {DISP_LABEL}"
SWITCH,"קספמ"
ANALOGS_FILTER,"יגולנא ןנסמ"
ANALOGS_CALIBRATION,"יגולנא לויכ"
CONFIRM_CONTINUE,"? ךישמהל ךנוצרבש חוטב התא םאה"
THR_NOT_LOW_WARNING,"! םומינימב אל תרעצמה"
CHANNELS_ORDER,"םיצורע רדס"
STICKS_MODE,"םיקיטס דומ"
STICKS_MODE_1,"Sticks mode 1"
STICKS_MODE_2,"Sticks mode 2"
STICKS_MODE_3,"Sticks mode 3"
STICKS_MODE_4,"Sticks mode 4"
FIRST_FOUR_CHANNELS_FIXED,"םיעובק םינושאר םיצורע תעברא"
NO_SD_CARD,"ןורכז סיטרכ ןיא"
FLASH_BOOTLOADER,"רדאולטוב בורצ"
FLASH_INTERNAL_MODULE,"ימינפ לודומ בורצ"
PLAY,"ןגנ"
CURRENT_VERSION,"תיחכונ הסרג"
FLASH_RECEIVER_BY_INTERNAL_MODULE_OTA,"טוחלאב טלקמ בורצ"
FLASH_RECEIVER_BY_EXTERNAL_MODULE_OTA,"Flash RX by ext. OTA"
OTA_UPDATE,"יטוחלא ןוכדע"
FLASH_EXTERNAL_DEVICE,"ינוציח רישכמ בורצ"
OPEN,"חתפ"
FLASH_EXTERNAL_MODULE,"ינוציח לודומ בורצ"
FLASH_EXTERNAL_MULTIMODULE,"Flash external multimodule"
MOVE_HERE,"ןאכל זזה"
OTA_UPDATE_ERROR,"תיטוחלא הבירצב האיגש"
UNSUPPORTED_RX,"ךמתנ אל טלקמ"
MAIN_VOLTAGE,"ישאר חתמ"
DISPLAY_VOLTAGE_RANGE,"הגוצתל םיחתמ חווט"
LOW_VOLTAGE,"ךומנ חתמ"
RTC_VOLTAGE,"יוביג תללוס חתמ"
UNKNOWN,"עודי אל"
FIRMWARE,"החשוק"
FIRMWARE_VERSION,"החשוק תסרג"
VIDEO_HARDWARE_VERSION,"Video Hardware Version"
RECEIVER,"טלקמ"
NON_STABILIZED_RECEIVER,"Non stabilized receiver"
VARIO,"וירו"
MAIN_VOLUME,"תישאר עמש תמצוע"
AUDIO_VOLUME,"המצוע"
PITCH_AT_ZERO,"ספאב 'ץטיפ"
SEQUENCE,"Sequence"
PITCH_AT_MAX,"םומיסקמב 'ץטיפ"
REPEAT_AT_ZERO,"רוזח"
FIXED_WING,"ןסיט"
GLIDER,"ןואד"
HELI,"קוסמ"
MULTI,"ןפחר"
OTHER,"רחא"
CALIBRATION,"לויכ"
INPUTS,"םיטופניא"
UPDATE,"ןוכדע"
SDCARD,"ןורכז סיטרכ"
SDCARD_ERROR,"ןורכז סיטרכ תאיגש"
INVALID_DATA,"יוגש עדימ"
FILE_BAD_FORMAT,"עודי אל ץבוק"
NO_FILES_ON_SD,"! סיטרכב םיצבק ןיא"
READ_ERROR,"האירק תאיגש"
WRITE_ERROR,"הביתכ תאיגש"
WRONG_HEADER,"יוגש רדאה"
WRONG_FORMAT,"יוגש טמרופ"
WRONG_CRC,"תלקת CRC"
WRONG_FILE_SIZE,"יוגש ץבוק לדוג"
WRONG_FILE,"יוגש ץבוק"
ERROR,"האיגש"
EDITABLE_THROTTLE,"Throttle"
RUDDER,"ןוויכ הגה"
EDITABLE_RUDDER,"Rudder"
EDITABLE_AILERONS,"Ailerons"
ELEVATOR,"הבוג הגה"
EDITABLE_ELEVATOR,"Elevator"
DELETE,"קחמ"
MODEL_BITMAP,"לדומ תנומת"
TAIL_TYPE,"בנז גוס"
TRADITIONAL,"ליגר"
VTAIL,"בנז V"
REVERSE,"ךופיה"
RATE,"בצק"
UP,"הלעמל"
DOWN,"הטמל"
RIGHT,"Right"
LEFT,"Left"
TOP,"Top"
BOTTOM,"Bottom"
TIMER_UP,"הלוע"
TIMER_DOWN,"דרוי"
LIMIT,"לובג"
SPEED,"תוריהמ"
SET_DATE,"ךיראת ןווכ"
SET_TIME,"ןועש ןווכ"
SILENT_MODE,"טקש בצמ"
KEY,"ןצחל"
ALARM,"רפוצ"
TRIM,"זוזיק"
SETUP_CHANNEL,"ץורע ןוויכ"
LOGIC_SWITCH,"יגול קספמ"
CREATE_MODEL,"לדומ רוצ"
CANCEL,"לוטיב"
DELAY,"היהשה"
SAVE,"רומש"
LS,"יגול קספמ"
FS,"'קנופ קספמ"
OP,"OP"
TRAINER_MASTER,"ךירדמ"
TRAINER_SLAVE,"ךינח"
LINK_MODE,"קניל דומ"
TRAINEE_CHANNEL,"ךינח ץורע"
SUNDAY,"ןושאר"
MONDAY,"ינש"
TUESDAY,"ישילש"
WEDNESDAY,"יעיבר"
THURSDAY,"ישימח"
FRIDAY,"ישיש"
SATURDAY,"תבש"
JANUARY,"ראוני"
FEBRUARY,"ראורבפ"
MARCH,"ץרמ"
APRIL,"לירפא"
MAY,"יאמ"
JUNE,"ינוי"
JULY,"ילוי"
AUGUST,"טסוגוא"
SEPTEMBER,"רבמטפס"
OCTOBER,"רבוטקוא"
NOVEMBER,"רבמבונ"
DECEMBER,"רבמצד"
RECEIVER_TYPE,"טלקמ גוס"
BACK,"םדוקה"
INTERNAL,"תימינפ"
EXTERNAL,"תינוציח"
RF_PROTOCOL,"תרושקת לוקוטורפ"
EXTERNAL_RF,"RF ינוציח"
LOGIC_SWITCH_RANGE,"חווט"
PLAY_SEQUENCE,"ץבוק ןגנ"
WAIT_DURATION,"Wait duration"
WAIT_CONDITION,"Wait condition"
CONFIRM_DELETE_LINE,"Are you sure you want to delete this line?"
ADD_A_NEW_LINE_IN_SEQUENCE,"Add a new line in sequence"
PLAY_TEXT,"Play text"
GO_TO_SCREEN,"Go to screen"
LOCK_TOUCHSCREEN,"Lock touchscreen"
BLANK,"קיר"
CALIBRATE,"לייכ"
CLICK_CALIBRATE_TO_START,"ליחתהל ידכב לייכ ץחל"
CENTER_STICKS_POTS_SLIDERS_AND_CLICK_NEXT,"ךישמהל ידכב 'אבה' ץחלו תולגלגהו םיקיטסה תא זכרמ"
MOVE_STICKS_POTS_SLIDERS_AND_CLICK_NEXT,"תמייסש רחאל 'אבה' ץחלו םיחווטה תוצקל תולגלגהו םיקיטסה תא זזה"
CALIBRATION_COMPLETE_CLICK_CONFIRM_TO_STORE,"םינותנה תרימשל 'רושיא' ץחל .םלשוה לויכה"
BACKLIGHT,"עקר תרואת"
DARK_MODE,"ההכ בצמ"
HIGHLIGHT_COLOR,"עבצ שגדה"
MODEL_NAME,"םש"
NO_AIRBRAKES,"ריוא ירוצעמ אלל"
SWR,"SWR"
CURRENT,"Current"
VFAS,"VFAS"
TEMPERATURE_2,"Temp2"
TEMPERATURE_1,"Temp1"
FUEL,"Fuel"
ACCX,"AccX"
ACCY,"AccY"
ACCZ,"AccZ"
GPS_ALT,"GPS Alt"
GPS_SPEED,"GPS Speed"
GPS_COURSE,"GPS Course"
AIR_SPEED,"Air Speed"
BATTERY_1_VOLTAGE,"Bat1 Voltage"
BATTERY_1_CURRENT,"Bat1 Current"
BATTERY_2_VOLTAGE,"Bat2 Voltage"
BATTERY_2_CURRENT,"Bat2 Current"
RBOX_STATE_1,"RBOX S1"
RBOX_STATE_2,"RBOX S2"
BATTERY_1_CONSUMPTION,"Bat1 Cons."
BATTERY_2_CONSUMPTION,"Bat2 Cons."
BATTERY_1_TEMPERATURE,"Bat1 temp."
BATTERY_2_TEMPERATURE,"Bat2 temp."
SD1_CHANNEL,"SD1CH"
ESC_VOLTAGE,"ESC Voltage"
ESC_CURRENT,"ESC Current"
ESC_RPM,"ESC RPM"
ESC_CONSUMPTION,"ESC Consumption"
ESC_TEMPERATURE,"ESC Temp"
RB_OUTPUT_1_VOLTAGE,"Output1 Voltage"
RB_OUTPUT_2_VOLTAGE,"Output2 Voltage"
RB_OUTPUT_STATE,"Output State"
RB_CH1_A,"CH1 Current"
RB_CH2_A,"CH2 Current"
RB_CH3_A,"CH3 Current"
RB_CH4_A,"CH4 Current"
RB_CH5_A,"CH5 Current"
RB_CH6_A,"CH6 Current"
RB_CH7_A,"CH7 Current"
RB_CH8_A,"CH8 Current"
RB_CH9_A,"CH9 Current"
GASSUIT_TEMP1,"GASS Temp1"
GASSUIT_TEMP2,"GASS Temp2"
GASSUIT_SPEED,"GASS RPM"
GASSUIT_RES_VOL,"GASS Res. Vol."
GASSUIT_RES_PERC,"GASS Res. %"
GASSUIT_FLOW,"GASS Flow"
GASSUIT_MAX_FLOW,"GASS Max Flow"
GASSUIT_AVG_FLOW,"GASS Avg Flow"
BEC_VOLTAGE,"BEC Voltage"
BEC_CURRENT,"BEC Current"
R9M_POWER,"R9M Power"
OK,"רושיא"
FLAP,"ףדמ"
EDITABLE_FLAP,"Flap"
AIRBRAKE,"ריוא רוצעמ"
EDITABLE_AIRBRAKE,"Airbrake"
FILE,"ץבוק"
FLASH_SPORT,"ךרד בורצ S.port"
PLAY_VALUE,"ךרע תארקה"
CATEGORY,"הירוגטק"
MEMBER,"תושי"
ANALOGS,"םיגולנא"
SWITCHES_POSITIONS,"םיקספמ ימוקימ"
TRIMS_POSITIONS,"םיזזקמ ימוקימ"
CONST_VALUE,"םיעובק םיכרע"
SLIDER_LEFT,"לאמש רדיילס"
EDITABLE_SLIDER_LEFT,"Slider left"
SLIDER_RIGHT,"ןימי רדיילס"
EDITABLE_SLIDER_RIGHT,"Slider right"
RIGHT_HORIZONTAL,"יקפוא ינמי"
TRIM_RIGHT_HORIZONTAL_LEFT,"זזקמ RHL"
TRIM_RIGHT_HORIZONTAL_RIGHT,"זזקמ RHR"
RIGHT_VERTICAL,"יכנא ינמי"
TRIM_RIGHT_VERTICAL_UP,"זזקמ RVU"
TRIM_RIGHT_VERTICAL_DOWN,"זזקמ RVD"
LEFT_VERTICAL,"יכנא ילאמש"
TRIM_LEFT_VERTICAL_UP,"זזקמ LVU"
TRIM_LEFT_VERTICAL_DOWN,"זזקמ LVD"
LEFT_HORIZONTAL,"יקפוא ילאמש"
TRIM_LEFT_HORIZONTAL_LEFT,"זזקמ LHL"
TRIM_LEFT_HORIZONTAL_RIGHT,"זזקמ LHR"
TRIM_T5_LEFT,"T5L"
TRIM_T5_RIGHT,"T5R"
TRIM_T6_LEFT,"T6L"
TRIM_T6_RIGHT,"T6R"
TRIM_T5_DOWN,"T5D"
TRIM_T5_UP,"T5U"
TRIM_T6_DOWN,"T6D"
TRIM_T6_UP,"T6U"
DIFFERENTIAL,"לאיצנרפיד"
SLOW,"Slow"
MULTIPLY,"לפכה"
WEIGHT_UP,"הלעמל לקשמ"
WEIGHT_DOWN,"הטמל לקשמ"
OUTPUT,"אצומ"
CLOSE,"רוגס"
FLASHING,"ברוצ..."
RESET_DEVICE,"רישכמ לוחתיא..."
LOW_BATTERY,"! הכומנ וידר תללוס"
VOLTAGE_CALIBRATION,"חתמ לויכ"
STARTING_MODEL_WIZARD,"לדומ תינב ליחתמ..."
RADIO_DATA_LOAD,"וידר עדימ ןעוט"
DEFAULT_SYSTEM_SETTINGS_RESTORED,"ושמשוה לדחמ תרירב תכרעמ ירטמרפ .ןוסחא תלקת"
FLIGHT_MODE_SHORT,"FM"
PREFLIGHT_WARNING,"הסיט ינפל תורהזא"
NEW_MODEL,"שדח לדומ"
STARTING_CALIBRATION,"לויכ ליחתמ..."
NO_SD_CARD_WARNING,"ןורכז סיטרכ ןיא !הרהזא"
ADD_CURVE_ERROR,"! הלשכנ המוקע תפסוה"
STEP,"דעצ"
AILERON,"תנזאמ"
EDITABLE_AILERON,"Aileron"
EDITABLE_FLAPS,"Flaps"
SPACE_WITH_CHANNEL," ץורע"
QUESTION_SWAP_SSS_AND_SSS_CHANNELS_SETTINGS,"ץורע לש תורדגהב %s ץורע לש תודגה ףילחהל ךנוצרבש חוטב התא םאה %s?"
INPUT,"טלק"
ELE_TO_AIL,"תונזאמל הבוג"
EDITABLE_ELE_TO_AIL,"Ele->Ail"
EDITABLE_ELEVATORS,"Elevators"
EDITABLE_RUDDERS,"Rudders"
THR_CURVE,"תרעצמ ףרג"
PITCH_CURVE,"ץטיפ ףרג'"
THROTTLE_CUT,"עונמ יוביכ"
AIL_TO_RUD,"ןוויכ <= תנזאמ"
EDITABLE_AIL_TO_RUD,"Ail->Rud"
ELE_TO_CAMBER,"רבמק <= הבוג"
EDITABLE_ELE_TO_CAMBER,"Ele->Camber"
RUD_TO_AIL,"תונזאמ  <= ןוויכ"
EDITABLE_RUD_TO_AIL,"Rud->Ail"
RUD_TO_ELE,"הבוג <= ןוויכ"
EDITABLE_RUD_TO_ELE,"Rud->Ele"
AIL_TO_FLAPS,"םיפדמ <= תונזאמ"
EDITABLE_AIL_TO_FLAPS,"Ail->Flaps"
FLAPS_TO_ELE,"הבוג <= םיפדמ"
EDITABLE_FLAPS_TO_ELE,"Flaps->Ele"
FREE_MIX,"ישפוח רסקימ"
EDITABLE_FREE_MIX,"Free Mix"
EDITABLE_OFFSET,"Offset"
SNAP_ROLL,"לור פאנס"
EDITABLE_SNAP_ROLL,"Snap Roll"
TEST_MIX,"הקידב רסקימ"
EDITABLE_TEST_MIX,"Test Mix"
DELAY_UP,"הלעמל הייהשה"
DELAY_MID,"עצמא הייהשה"
DELAY_DOWN,"הטמל הייהשה"
NO_DELAY,"הייהשה אלל"
V_TAIL,"בנז V"
DATA_REFUSED,"ברוסמ עדימ"
DEVICE_NOT_RESPONDING,"ביגמ אל רישכמ"
NO_OUTPUT,"אצומ ןיא"
WEIGHT_RATES,"םיבצק / לקשמ"
OTHERWISE,"Otherwise"
AUTO,"יטמוטוא"
TRIM_STEP_FINE,"ןידע"
TRIM_STEP_COARSE,"סג"
TRIM_STEP_EXPONENTIAL,"ילאיצננופסקא"
TRIM_STEP_EXTRA_FINE,"דחוימב ןידע"
TRIM_STEP_MEDIUM,"ינוניב"
TRIM_STEP_CUSTOM,"תישיא םאתומ"
SCREENSHOT,"ךסמ םוליצ"
SILENT,"טקש"
ALARMS_ONLY,"דבלב תוארתה"
OFTEN,"תובורק םיתיעל"
ALWAYS,"דימת"
NEVER,"Never"
WHEN_TELEMETRY_STREAMING,"When telemetry streaming"
VOICE1,"Voice 1 (Main)"
VOICE2,"Voice 2"
VOICE3,"Voice 3"
NEGATIVE,"ילילש"
POSITIVE,"יבויח"
THROTTLE_HOLD,"תרעצמ תקזחה"
TRIGGER_VALUE,"הלעפה ךרע"
IDLE_OUTPUT_VALUE,"קרס אצומ ךרע"
LOW_POSITION_TRIM,"ךומנ םוקימ זוזיק"
AND,"ו"
OR,"וא"
XOR,"XOR"
SENSORS,"םינשייח"
VARIOMETER,"רטמוירו"
ALARMS,"תוארתה"
SENSOR,"ןשייח"
RX_BATT,"RxBatt"
RX_CURRENT,"RxCurrent"
ALTITUDE,"Altitude"
VSPEED,"VSpeed"
SELECT_LANGUAGE,"הפש רחב"
ONCE,"תחא םעפ"
FLIGHT_DATA,"הסיט עדימ"
ALL_TIMERS,"םירמייטה לכ"
WHOLE_TELEMETRY,"המלש הירטמלט"
REPEAT,"רוזח"
WAV_FILE,"לוק ץבוק"
BUTTERFLY,"יילפרטב"
EDITABLE_BUTTERFLY,"Butterfly"
CAMBER,"רבמק"
EDITABLE_CAMBER,"Camber"
PITCH_TO_RUD,"ןוויכל 'ץטיפ"
EDITABLE_PITCH_TO_RUD,"Pitch->Rud"
MISSING_BASIC_MIX,"רסח יסיסב רסקימ"
MISSING_ENOUGH_CHANNEL,"םינימז םיצורע קיפסמ ןיא"
NOT_SUIT_FOR_THIS_MODEL,"ךלש לדומל םיאתמ אל הזה רסקימה"
THR_TO_ELE,"הבוגל תרעצמ"
EDITABLE_THR_TO_ELE,"Thr->Ele"
THR_TO_RUD,"ןוויכל תרעצמ"
EDITABLE_THR_TO_RUD,"Thr->Rud"
TEMPERATURE,"הרוטרפמט"
DATA_RATE,"םינותנ בצק"
GPS,"GPS"
GAS_SUITE,"טיווס זאג"
FLOW_RESET,"Flow reset"
CDI_OFF_SPEED_LIMIT,"CDI off speed limit"
FLOW_PULSE,"המירז סלופ"
AUTO_RESET,"יטמוטוא טסיר"
RESET_RESIDUAL_VOLUME,"Reset residual volume"
RESET_MAX_FLOW,"Reset max flow"
RESET_AVERAGE_FLOW,"Reset average flow"
VOLUME_ALARM,"עמש תמצוע תארתה"
MAX_FLOW_ALARM,"תילמיסקמ המירז תארתה"
OVER_SPEED_ALARM,"Over speed alarm"
FLOW_TRIGGER,"המירז רגירט"
FACTORY_SETTING,"לעפמ תורדגה"
OVER_TEMP1_ALARM,"Over temp1 alarm"
OVER_TEMP2_ALARM,"Over temp2 alarm"
TEMPERATURE_UNIT,"פמט תולעמ'"
AUTO_SAVE,"Auto Save"
GPS_POSITION_DATA_RATE,"םוקימ םינותנ בצק GPS"
GPS_ALTITUDE_DATA_RATE,"הבוג םינותנ בצק GPS"
GPS_SPEED_DATA_RATE,"תוריהמ םינותנ בצק GPS"
GPS_COURSE_DATA_RATE,"ןוויכ םינותנ בצק GPS"
GPS_TIME_DATA_RATE,"ןמז םינותנ בצק GPS"
RB_30_40,"RB 30/40"
EW,"EW"
NS,"NS"
DEFAULT_FLIGHT_MODE,"לדחמ תרירב הסיט בצמ"
SKIP_ON_STARTUP,"הקלדה תעב גלד"
LOW_VALUE_WARNING,"ךומנ ךרע תארתה"
CRITICAL_VALUE,"יטירק ךרע"
UPGRADE_MODULE,"גורדש לודומ"
AUTHENTICATION_FAILURE,"תומיאב לשכ"
MODULE_NEEDS_UPGRADE,"לודומה תא גרדשל שי"
CLEAR,"הקנ"
MIX_SWITCH_DESCRIPTION,"רסקימה יוביכ/הלעפהל גתמב רחב"
MIX_WEIGHT_DESCRIPTION,"רסקימה תאיציב ךרעה תא עובקל ידכב רוקמה לע תלעפומ %ב הלפכמ"
MIX_CURVE_DESCRIPTION,"יחכונה רסקימל המוקעב רחב"
MIX_DIFFERENTIAL_DESCRIPTION,"םיצורעל לאיצנרפידה תומכ תא רחב"
MIX_OUTPUT_DESCRIPTION,"יחכונה רסקימה י\"ע עפשויש ץורעב רחב"
MIX_INPUT_DESCRIPTION,"יחכונה רסקימה לע הטילש רוקמב רחב"
MIX_OPERATION_DESCRIPTION,"ףלחה וא לפכה ,ףסוה :רסקימל היצקנופ גוסב רחב"
MIX_REVERSE_DESCRIPTION,"הטילש ןוויכ ךופה"
MIX_OFFSET_DESCRIPTION,"זכרמהמ טסיהה תומכ תא רחב"
MIX_WEIGHTUP_DESCRIPTION,"הלעמ העונתה תומכ תא רחב"
MIX_WEIGHTDOWN_DESCRIPTION,"הטמ העונתה תומכ תא רחב"
MIX_SPEEDUP_DESCRIPTION,"בחר בכמות להעלאת מהירות"
MIX_SPEEDDOWN_DESCRIPTION,"תוריהמ תדרוהל תומכב רחב"
MIX_LOWPOSTRIM_DESCRIPTION,"דבלב זוזיק לש ןותחת בצמ רשפא"
HELI_PITCH,"דורלע"
EDITABLE_HELI_PITCH,"Pitch"
HELI_GYRO,"ורי'ג"
EDITABLE_HELI_GYRO,"Gyro"
MISSING_THROTTLE,"ךלש לדומב תרדגומ תרעצמ ןיא"
SIX_POSITIONS_SWITCH,"םיבצמ-6 קספמ"
GYRO_X_AXIS,"ריצ ורי'ג X"
GYRO_Y_AXIS,"ריצ ורי'ג Y"
AILERON_LETTER,"A"
RUDDER_LETTER,"R"
ELEVATOR_LETTER,"E"
THROTTLE_LETTER,"T"
NOT,"ךופיה"
STICKY,"יקיטס"
EDGE,"הצק"
MIDDLE,"יעצמא"
NO_CHECK,"הקידב ןיא"
CUSTOM,"תישיא םאתומ"
HOLD,"קזחה"
NO_PULSES,"םיסלופ אלל"
NOT_SET,"רדגומ אל"
NO_ENGINE,"עונמ אלל"
NO_FLAPS,"םיפדמ אלל"
NO_RUDDERS,"ןוויג יאגה אלל"
NO_ELEVATORS,"הבוג יאגה אלל"
NO_AILERONS,"תונזאמ אלל"
CHANNELS_1,"ץורע 1"
CHANNELS_2,"םיצורע 2"
CHANNELS_3,"םיצורע 3"
CHANNELS_4,"םיצורע 4"
BEEP,"ףצפצ"
IN_RANGE,"חווטב"
REPLACE,"ףלחה"
USE_A_SOURCE,"רוקמב שמתשה"
CONVERT_TO_VALUE,"ךרעל ךופה"
SPECIAL,"דחוימ"
MAXIMUM,"םומויסקמ"
MINIMUM,"םומינימ"
MOMENTARY,"גתמ"
TWO_POS,"2-םיבצמ"
THREE_POS,"3-םיבצמ"
GYRO_CALIBRATION_PLACE_LEVEL,"םויסב תחתמ רותפכה לע ץחלו ןזואמב טלשה תא חנה"
GYRO_CALIBRATION_LEFT,"םויסב תחתמ רותפכה לע ץחלו לאמשל טלשה תא הטה"
GYRO_CALIBRATION_RIGHT,"םויסב תחתמ רותפכה לע ץחלו ןימיל טלשה תא הטה"
GYRO_CALIBRATION_NOSE_UP,"םויסב תחתמ רותפכה לע ץחלו הלעמל ףא טלשה תא הטה"
GYRO_CALIBRATION_NOSE_DOWN,"םויסל תחתמ רותפכה לע ץחלו הטמל ףא טלשה תא הטה"
DEFAULT,"לדחמ תרירב"
STRENGTH,"המצוע"
AM,"AM"
PM,"PM"
PLAY_VARIO,"וירו ארקה"
RF_ALWAYS_OFF,"יובכ דימת היהי רודישה - דחוימ בצמ"
STAB_FUNC,"בוציי תייצקנופ"
RX_PROTOCOL,"טלקמ לוקוטורפ"
NO_MAP,"הפמ ןיא"
DIRECTION,"ןוויכ"
CLOCKWISE,"ןועשה ןוויכ םע"
ANTICLOCKWISE,"ןועשה ןוויכ דגנ"
PWM_PULSE_TYPE,"סלופ גוס PWM"
BASIC_CONFIG,"תיסיסב היצרוגיפנוק"
RX1_MAP,"1 טלקמ תפמ"
RX2_MAP,"2 טלקמ תפמ"
RX3_MAP,"3 טלקמ תפמ"
ALL_FREQUENCY,"םירדתה לכ"
STICKS_NAME,"םיקיטסה תומש"
CHANNELS_COUNT,"םיצורע תומכ"
EXT,"ינוציח"
INT,"ימינפ"
PLACE_RECEIVE_LEVEL,"הלעמל ןוילע דצ .ןזואמב טלקמה תא חנה"
PLACE_RECEIVE_LEVEL_REVERSE,"הטמל ןוילע דצ .ןזואמב טלקמה תא חנה"
PLACE_RECEIVE_LEFT,"הלעמל םיניפ .ךנואמב טלקמה תא חנה"
PLACE_RECEIVE_RIGHT,"הטמל םיניפ ,ךנואמב טלקמה תא חנה"
PLACE_RECEIVE_FORWARD,"ליגר בותיכ םע דצה לע טלקמה תא חנה"
PLACE_RECEIVE_BACKWARD,"ךופה בותיכ םע דצה לע טלקמה תא חנה"
ADD_A_NEW_WEIGHT,"+ שדח לקשמ ףסוה"
ADD_A_NEW_CURVE,"+ השדח המוקע ףסוה"
AUDIO,"וידוא"
VOICE,"Voice"
VAR,"Var"
VOLUME,"עמש תמר"
SAVE_TO_FLASH,"ןורכזל רומש"
SAVE_TO_FLASH_MESSAGE,"! החלצהב ןורכזב ורמשנ תורדגהה לכ"
TIMER_GENERATOR,"רמייט ןרצי"
CONFIRM_CLEAR_CHANNEL_DDD_NAME,"םייק רסקימ םושב שומישב אל %d ץורעה.\nומש תא קוחמל הצרת םאה ?"
EDIT_SSS,"%s ךורע"
RESET_SSS,"%s ספא"
EDITABLE_ROLL,"Roll"
EDITABLE_PITCH,"Pitch"
EDITABLE_YAW,"Yaw"
OPTIONS_3DOTS,"תויורשפא..."
QUESTION_COPY_CHANNEL_NAME,"ץורעל רדגומ םש ןיא. \nץורעל רסקימהמ םשה תא קיתעהל הצרת םאה?"
FLY_BAR_LESS,"סל רביילפ"
WING_RUD_ELE_AIL,"תנזאמ הבוג ןוויכ ףנכ"
WING_FLYING,"הסט ףנכ / תונזאמ אתלד ףנכ"
WING_VTAIL_AIL,"בנז ףנכ V תונזאמ"
LEVEL,"ןזואמ"
LEVEL_REVERSED,"ךופה ןזואמ"
UPRIGHT,"הלעמ יפלכ"
UPRIGHT_REVERSED,"ךופה הלעמ יפלכ"
WING_TYPE,"ףנכ גוס"
MOUNTING_TYPE,"הנקתה גוס"
SXR_ENABLE,"SXR לעפומ"
AIL_INVERTED,"תנזאמ ךופיה"
AIL2_INVERTED,"2 תנזאמ ךופיה"
ELE_INVERTED,"הבוג הגה ךופיה"
ELE2_INVERTED,"2 הבוג הגה ךופיה"
RUD_INVERTED,"ןוויכ הגה ךופיה"
AUX1_ENABLE,"AUX1 רושפיא"
AUX2_ENABLE,"AUX2 רושפיא"
QUICK_MODE,"טושפ בצמ"
SELF_CHECK,"םיקיטס דומיל"
STAB_GAIN_OF_AIL,"תונזאמב בוציי לש םיזוחא"
STAB_GAIN_OF_ELE,"הבוג הגהב בוציי לש םיזוחא"
STAB_GAIN_OF_RUD,"ןוויכ הגהב בוציי לש םיזוחא"
AUTO_LEVEL_GAIN_OF_AIL,"תונזאמב יטמוטוא ןוקית לש םיזוחא"
AUTO_LEVEL_GAIN_OF_ELE,"הבוג הגהב יטמוטוא ןוקית לש םיזוחא"
HOVER_GAIN_OF_ELE,"ףוחירל הבוג ןייג"
HOVER_GAIN_OF_RUD,"ףוחירל ןוויכ ןייג"
KNIFE_EDGE_GAIN_OF_AIL,"'גדא ףיינל תונזאמ ןיג"
KNIFE_EDGE_GAIN_OF_RUD,"'גדא ףיינל ןוויכ ןייג"
AUTO_LEVEL_OFFSET_OF_AIL,"בוצייל תונזאמ טספוא תיוז"
AUTO_LEVEL_OFFSET_OF_ELE,"בוצייל הבוג טספוא תיוז"
HOVER_OFFSET_ANGLE_OF_ELE,"הבוג הגה ףוחיר טסיה תיוז"
HOVER_OFFSET_ANGLE_OF_RUD,"ןוויכ הגה ףוחיר טסיה תיוז"
KNIFE_EDGE_OFFSET_OF_AIL,"הבוג הגה 'גדא ףיינ טסיה תיוז"
KNIFE_EDGE_OFFSET_OF_RUD,"ןוויכ הגה 'גדא ףיינ טסיה תיוז"
OUTPUT_VOLTAGE,"אצומ חתמ"
LIPO_VOLTAGE,"Lipo Voltage"
RB_10_20,"RB 10/20"
ALTITUDE_DATA_RATE,"הבוג עדימ בצק"
VARIO_DATA_RATE,"רטמוירו עדימ בצק"
CURRENT_DATA_RATE,"םרז עדימ בצק"
VOLTAGE_DATA_RATE,"חתמ עדימ בצק"
RPM,"RPM"
POLES_COUNT,"םיבטק רפסמ"
NEED_FIRMWARE_UPDATE,"החשוק ןוכדע שרדנ"
SYSTEM_VALUE,"תכרעמ ךרע"
GPS_CLOCK,"GPS Clock"
RACING_MODE_ACTIVE,"ליעפ ץורימ בצמ."
RACING_MODE_IS_UNSUPPORTED,"ךמתנ אל ץורימ בצמ."
POTS_SLIDERS,"תולגלג / םירטמויצנטופ"
STICKS_POTS_SLIDERS,"םירדיילס / תולגלג / םיקיטס"
WRITE_INTERVAL,"ןמז חוורמ תעיבק"
TX_BATT,"רדשמ תללוס"
AVERAGE,"עצוממ"
TOTALIZE,"המיכס"
CELL,"את"
CONSUMPTION,"הכירצ"
EDITABLE_CONSUMPTION,"Consumption"
EDITABLE_PERCENT,"Percent"
DISTANCE,"קחרמ"
EDITABLE_DISTANCE,"Distance"
FALLING_EDGE_OF_SSS_BETWEEN_SSS_AND_SSS,"↑↓%sלש סלופ %s לש סלופ %s ו "
RISING_EDGE_OF_SSS_DURING_SSS,"%s ו ↑לש ףס %s"
FALLING_EDGE_OF_SSS_DURING_SSS,"↓לש ףס %s ךלהמב %s"
FALLING_EDGE_OF_SSS,"↓%sלש ףס"
RISING_EDGE_OF_SSS,"↓%לש ףס "
STALL,"תורקדזה"
EDITABLE_SRV_DDD_CURR,"SRV%d curr"
EDITABLE_SRV_DDD_VOLT,"SRV%d volt"
EDITABLE_SRV_DDD_TEMP,"SRV%d temp"
EDITABLE_SRV_DDD_STATUS,"SRV%d status"
CONDITION,"יאנת"
TIMER_LOGS,"רמייט לש םיגול"
SAVE_TO_SD,"ןורכז סיטרכל הרימש"
CLEAR_LOGS,"םיגול הקנ"
TITLE,"תרתוכ"
LOWEST,"רתויב ךומנה"
COUNT,"הריפס"
HIGHEST,"רתויב הובג"
BLADES,"םיבהל"
MAINGEAR_TEETH,"ישאר ש\"גג םייניש"
PINION_TEETH,"ןויניפ םייניש"
GEAR,"תרוסמת"
PROPELLER,"ףחדמ"
FLIGHT_VALUE,"הסיט ךרע"
CURRENT_FLIGHT_MODE,"יחכונ הסיט בצמ"
NO_DESTINATION,"דעי אלל"
ENT_LONG,"ךורא ENT"
RX_STILL_ON_TURN_OFF_TRANSMITTER,"? רדשמה תא תובכל םאה .קלוד ןיידע טלקמ"
CONFIRM_RESET_SENSOR,"? ךישמהל ךנוצרבש חוטב התא םאה .ספואי הז ןשייח לש ךרעה"
LATITUDE,"בחור וק"
LONGITUDE,"ךרוא וק"
GPS_MAP,"GPS תפמ"
MAP,"הפמ"
INTERNAL_GPS,"ימינפ GPS"
CLOCK,"Clock"
TRIP,"Trip"
SYSTEM_EVENT,"תכרעמ עוריא"
RSSI_LOW,"Rssi ךומנ"
TRAINER_ACTIVE,"Trainer active"
MULTIPLIER,"לפכמ"
VERTICAL,"יכנא"
HORIZONTAL,"יקפוא"
TOTAL,"כהס"
CELLS,"םיאת"
MULTI_LIPO,"Multi LiPo"
LIPO,"LiPo"
LINE_CHART,"וק םישרת"
LOG_PERIOD,"גול רוזחמ"
RESUME,"ךשמה"
PAUSE,"הקספה"
AUTO_RANGE,"הנתשמ חווט"
LOCK,"לוענ"
Xx2POS,"{HARDWARE_FUNCTION_SWITCHES} x 2-םיבצמ"
XPOS_WITH_OFF,"{HARDWARE_FUNCTION_SWITCHES}יוביכ םע םיבצמ-"
XPOS,"{HARDWARE_FUNCTION_SWITCHES}םיבצמ-"
2xXPOS,"2 x {HARDWARE_FUNCTION_SWITCHES_PER_SIDE}-םיבצמ"
GLOBAL,"ילאבולג"
_2DOTS," :"
SUMMARY,"םוכיס"
CONFIRM_STOP_USING_CURVE,"? תאז המוקעב שמתשהל קיספהל הצרתש חוטב ךנה םאה"
CONFIRM_STOP_USING_RATE,"? הז בצקב שמתשהל קיספהל הצרתש חוטב ךנה םאה"
PATTERN,"תינבת"
ROLL_ANGLE,"לוגלג תיוז"
PITCH_ANGLE,"דורלע תיוז"
HYDRAULIC_PRESSURE,"ילוארדיה ץחל"
IGNORE_TRAINER_INPUT,"רניירט תסינכמ םלעתה"
FULL_RANGE,"Full range"
IGNORE_RANGE,"Ignore range"
HALF_RANGE,"Half range"
LAST_POSITION,"ןורחא םוקימ"
SLEEP_BRIGHTNESS,"הניש בצמב תוריהב"
TOP_LCD_SLEEP,"Top LCD Sleep"
VIEW_PER_CHANNEL,"ץורע רפ הגוצת"
VIEW_TABLE,"הלבט תגוצת"
GENERAL,"יללכ"
RX_STILL_ON_TURN_OFF_RF,"?ךישמהל ךנוצרבש חוטב םאה .קלוד ןיידע טלקמה"
LOAD_ALL_FUNCTION_SWITCH_POSITIONS,"םילנויצקנופה םיקספמה ימוקימ לכ תא ןעט","טען את כל מיקומי מפסק פונק"
CONFIRM_LOAD_ALL_FUNCTION_SWITCH_POSITIONS,"?ךישמהל ךנוצרבש חוטב התא םאה .םילנויצקנופה םיקספמה לכ תא סורדת וז הלועפ"
STORAGE_LOCATION,"ןוסחא םוקימ"
RADIO,"וידר"
MODELS,"םילדומ"
USER_BITMAPS,"שמתשמ תונומת"
SCRIPTS,"םיטירסת"
LOGS,"םיגול"
SCREENSHOTS,"ךסמ ימוליצ"
PRESSURE,"ץחל"
COLOR,"עבצ"
CONFIRM_CLEAR_CHANNELS_SSS_NAME,"There are no mixers using channel %s. Do you want to clear the name of these channels?"
CHANNEL_SBUS_VALUE_LIMIT_WARNING,"The new channel value is incompatible with SBUS/redundancy use. Are you sure you want to continue?"
EDITABLE_POWER,"קפסה"
VOLTAGE,"חתמ"
SAVE_TO_FILE,"ץבוקל הרימש"
FLASH_VIDEO_COMPONENT,"Flash Video Component"
RX_BAT_VOLTAGE,"טלקמ תללוס חתמ"
RX_BAT_2_VOLTAGE,"הינש טלקמ תללוס חתמ"
EXT_ADC_VOLTAGE,"ADC חתמ"
BOARD_CURRENT,"חול םרז"
POWER_ON_RESET,"הקלדהב טסיר"
PIN_RESET,"ןיפ טסיר"
WAKE_UP_RESET,"תוררועתהב טסיר"
WATCHDOG_RESET,"גוד'צטאוו טסיר"
LOCKUP_RESET,"הליענב טסיר"
BROWN_DOWN_DET_RESET,"ןואד ןוארב טסיר יוליג"
RX_RESET_CASE,"טלקמל טסיר תביס"
EDITABLE_CUSTOM,"Custom"
OPERATION_ASSIGN,"Assign(=)"
OPERATION_ADD,"ףסוה(+)"
OPERATION_SUBTRACT,"רסחה(-)"
OPERATION_MULTIPLY,"לפכה(x)"
OPERATION_DIVIDE,"קלח(/)"
SQRT,"Sqrt"
REPURPOSE,"Repurpose"
SENSOR_CONFLICT_WARNING,"Sensor Conflict Warning"
NIGHTLY_BUILD_NOT_FOR_FLYING,"Nightly build, not for flying!"
READING_FILE,"Reading file ..."
NOT_ENOUGH_MEMORY,"Not enough memory"
CLEAN_LOGS,"Clean logs"
CONFIRM_CLEAN_LOGS,"This operation will remove all the .csv files under the directory. Are you sure you want to continue?"
CLEANING_LOGS,"Cleaning logs ..."
PAUSE_CONDITION,"Pause condition"
RESET_SETTINGS,"Reset settings"
SWAP_CHANNELS,"Swap channels"
CONFIRM_RESET_SETTINGS,"The settings will be reset to the default values.\nAre you sure you want to continue?"
CONFIRM_SWITCH_EXTERNAL_MODULE,"External module is now used. It will be stopped.\nAre you sure you want to continue?"
CONFIRM_SWITCH_TRAINER,"Trainer is now using the external module. It will be stopped.\nAre you sure you want to continue?"
COMPETITION_OPTION,"Competition (only RSSI and Battery)","Competition (RSSI / Batt)"
CONFIRM_BLUETOOTH_USED_BY_SSS,"Bluetooth is now used by %s. It will be stopped.\nAre you sure you want to continue?"
BOTH_MODULES,"Both modules"
SPORT_CONNECTOR,"S.Port connector"
CONFIRM_SPORT_USED_BY_SSS,"S.Port connector is now used by %s. Are you sure you want to continue?"
TRAINER_CABLE,"Trainer Cable"
BLUETOOTH,"Bluetooth"
SBUS_EXTERNAL_MODULE,"SBUS External Module"
CPPM_EXTERNAL_MODULE,"CPPM External Module"
LUA_TASKS,"Lua Tasks"
LUA_SOURCES,"Lua Sources"
MISSING_SCRIPT_FILE,"Missing script file"
BITMAP,"Bitmap"
BITMAP_TYPE,"Bitmap type"
BITMAP_FILE,"Bitmap file"
FILE_PATH,"File path"
TEXT,"Text"
DOCUMENTS,"Documents"
USB_MODE_PRESELECTION,"USB Mode Preselection"
USB_MODE,"USB Mode"
JOYSTICK,"Joystick"
SERIAL,"Serial"
SELECT_MODEL_AT_POWER_ON,"Select model at power on"
LOAD_MODEL,"Load model"
TELEMETRY_ACTIVE,"Telemetry Active"
FLIGHT_RESET,"Flight reset"
THROTTLE_ACTIVE,"Throttle Active"
COUNTING_SOURCE,"Proportional timing source"
SEND_FILE,"Send file"
FILE_TRANSFER,"File transfer"
RECEIVE_FILE_HERE,"Receive file here"
WAITING_FOR_CONNECTION,"Waiting for connection"
CONNECTION_REFUSED,"Connection refused"
WAITING_FOR_RECEIVER_CONFIRMATION,"Waiting for receiver confirmation..."
FILE_TRANSFER_FAILED,"File transfer failed"
CONFIRM_RECEIVE_FILE_SSS_IN_FOLDER_SSS_SIZE_IS_SSS,"About to receive file %s to folder %s\nFile size is %s"
CONFIRM_OVERWRITE_FILE_SSS_IN_FOLDER_SSS_SIZE_IS_SSS,"About to overwrite file %s in folder %s\nFile size is %s"
SENDING_SSS,"Sending %s..."
RECEIVING_SSS,"Receiving %s..."
SEND_MODEL,"Send model"
RECEIVE_MODEL,"Receive model"
ARE_YOU_USING_A_FRSKY_SELF_STAB_RECEIVER,"Are you using a self-stab receiver from FrSky?"
EMERGENCY,"Emergency"
GAIN_ADJUST,"Gain adj."
UNIT_KNOT,"knots"
UNIT_MILLILITER_PER_PULSE,"ml/p"
UNIT_RPM,"r/m"
ASSIGN_INPUT_HINT,"Please assign input sources for the following functions"
CONFIRMATION,"Confirmation"
ENABLE_XXX,"Enable %s?"
DISABLE_XXX,"Disable %s?"
CONFIRMATION_BEFORE_ACTIVE,"Confirmation before active"
CONFIRMATION_BEFORE_INACTIVE,"Confirmation before inactive"
REMOTE_NFC,"Remote NFC"
SWITCH_CHANNEL,"Switch channel"
WIRELESS,"Wireless"
TIMEOUT,"Time out"
NO_ENABLED_MODULE,"Please enable the module you want to bind with NFC"
GET_MODULE_UUID_FAILED,"Failed to get module UUID.\nPlease check your module state!"
BIND_NFC_FAILED,"Failed to bind the NFC with the module!"
PROTOCOL_NOT_SUPPORTED,"The current module protocol is not supported!"
CONFIRM_DELETE_TRIM,"Are you sure you want to delete this extra trim?"
LEFT_STICK,"Left stick"
RIGHT_STICK,"Right stick"
ALL_MOTORS,"All motors"
SELECT,"Select"
SINGLE_MOTOR,"Single motor"
STICK_MOTORS,"Stick motors"
CONFIRM_DELETE_ACTION,"Are you sure you want to remove this action?"
CONFIRM_DELETE_SCREEN,"Are you sure you want to remove this screen?"
CONFIRM_DELETE_SENSOR,"Are you sure you want to remove this sensor?"
FILE_ALREADY_EXISTS,"A file with the same name already exists"
MODEL_RUNTIME,"Model runtime"
RADIO_RUNTIME,"Radio runtime"
WAITING_FOR_SIGNAL,"waiting for signal..."
CONFIRM_RESET_RUNTIME,"Runtime will be reset.\nAre you sure you want to continue?"
EDITABLE_BANK,"Bank"
BANK,"Bank"
POWER_SWITCH,"Power switch"
CURRENT_AND_VOLTAGE_RATE,"Current & voltage rate"
BEC_VOLTAGE_RATE,"BEC voltage rate"
SBEC_VOLTAGE,"SBEC voltage"
BATTERY_MODE,"Battery mode"
SWITCH_VOLTAGE,"Switch voltage"
BALANCE,"Balance"
BACKUP,"Backup"
BALANCE_CHANNELS,"Balance channels"
CHOOSE_CHANNELS,"Choose channels"
BALANCE_CURVE,"Balance curve"
CONFIRM_TO_SHARE_RECEIVER,"Are you sure you want to share this receiver?"
CONFIRM_TO_UNBIND_RECEIVER,"Are you sure you want to unbind this receiver?"
