TRANSLATION_NAME,"Italiano",
TRANSLATION_KEY,"it",
FORMULA,"Formula",
CALCULATED_SENSOR,"Sensore Calcolato",
NAME,"Nome",
DECIMALS,"Decimali",
VALUE,"Valore",
SENSOR_LOST_WARNING_DELAY,"Avviso Sensore perso",
WARNING_DISABLED,"Avvisi disattivati",
RANGE,"Intervallo",
SPACE_WITH_SAMPLES," campioni",
RESET,"Reset",
TELEMETRY_SENSOR,"Sensore Telemetria",
UNIT,"Unità",
WRITE_LOGS,"Scrivi Logs",
ID,"ID",
CENTER,"Centro",
SUBTRIM,"Subtrim",
PWM_CENTER,"Centro PWM",
NORMAL,"Normale",
EQUAL,"Uguale",
UNPLUGGED,"Scollegato",
BEHAVIOUR,"Comportamento",
ADD_NEW_BEHAVIOUR,"Aggiungi un comportamento",
ADD_EXTRA_TRIM,"Aggiungi Trim extra",
EXTRA_TRIM,"Extra trim",
SLOW_UP,"Rallenta Salita",
MIN,"Min",
CURVE,"Curva",
MAX,"Max",
CHANNEL,"Canale",
INVERTED_CHANNEL,"Canale Invertito"
INVERT,"Inverti",
SLOW_DOWN,"Rallenta Discesa",
INVERTED,"Invertito",
FLIGHT_MODES,"Fasi di Volo",
MIX_FLIGHT_MODES_DESCRIPTION,"",
MIX_NAME_DESCRIPTION,"Modifica nome per il mixer",
TRIGGER_ON_CONDITION,"Condizione Trigger ON",
COMMENT,"Commento",
FUNCTION,"Funzione",
VALUES,"Valori",
ADD_NEW_VALUE,"+ Aggiungi un nuovo valore",
ACTIONS,"Azioni",
ADD_NEW_ACTION,"+ Aggiungi una nuova Azione",
DURATION_HIGH,"Durata attiva",
RISING_EDGE,"Innalza Soglia",
DURING,"Durante",
VALUE1,"Valore 1",
VALUE_X,"Valore (X)",
CHECK_INTERVAL,"Controllo intervallo",
ACTIVE_CONDITION,"Attivazione",
MIN_DURATION,"Durata Min",
MAX_DURATION,"Durata Max",
DURATION_LOW,"Durata inattiva",
VALUE2,"Valore 2",
DELAY_BEFORE_ACTIVE,"Ritardo prima di attivare",
DURATION,"Durata",
SOURCE_A,"Sorgente (A)",
TRIGGER_OFF_CONDITION,"Condizione Trigger OFF",
DELAY_BEFORE_INACTIVE,"Ritardo prima di disattivare",
DELAY_ON_OFF,"Ritardo ON / OFF"
SOURCE,"Comando",
APPLICATION_ID,"ID Applicazione",
PHYSICAL_ID,"ID Fisico",
ACTION,"Azione",
TRAINER,"Trainer",
TRAINER_MODE,"Modo Allievo",
CHANNEL_RANGE,"Intervallo Canali",
CH,"CH",
OUTPUTS,"Uscite",
LAST_MODIFICATION,"Ultima Modifica",
CLONE,"Clona",
MODEL_MATCH,"Model ID",
MODEL_DATA_LOAD,"Carica dati Modello",
FILE_SIZE,"Dimensione File",
MODEL_SELECT,"Selezione Modello",
NO_MODELS_DIRECTORY,"No models directory!",
ARE_YOU_SURE_YOU_WANT_TO_DELETE_THIS_MODEL,"Sei sicuro di volere eliminare questo modello?",
SUCCESS,"Eseguito!",
CLONE_MODEL_SUCCESSFULLY,"Modello clonato!",
FILENAME_TOO_LONG,"Nome file troppo lungo!",
RX_STILL_ON_SELECT_ANOTHER_MODEL,"La ricevente è ancora accesa, sei sicuro di voler passare a questo modello?",
CONFIRM_SELECT_ANOTHER_MODEL,"Sei sicuro di voler passare a questo modello?",
FILE_NAME,"Nome File",
MODEL_TYPE,"Tipo Modello",
CONFIRM,"Conferma",
SET_CURRENT_MODEL,"Imposta modello attuale",
UNCATEGORIZED,"Nessuna Categoria",
CHANGE_FOLDER,"Cambia Cartella",
OPERATION,"Operazione",
OPERATION_FAILED,"Operazione Fallita!",
DELETE_FOLDER,"Cancella Cartella",
RENAME_FOLDER,"Rinomina Cartella",
CREATE_FOLDER,"Crea Cartella",
CONFIRM_DELETE_FLIGHT_MODE,"Sei sicuro di voler cancellare questa fase di volo?",
MOVE,"Muovi",
EDIT,"Modifica",
ADD,"Aggiungi",
TELEMETRY_PORT,"Porta Telem.",
WARNING,"Attenzione",
ERRORS,"Errori",
OPTIONS,"Opzioni",
CONFIGURE,"Configura",
WAITING_FOR_RECEIVER,"Attesa Ricevente...",
PIN,"Pin",
TELEMETRY,"Telemetria",
RX_SETTINGS,"Impostazioni RX",
NO_RESPONSE_FROM_RECEIVER,"Nessuna risposta dalla rx",
SBUS_OUT,"SBUS Out",
SBUS_IN,"SBUS In",
TELEMETRY_25_MW,"Telemetria 25mW",
HIGH_PWM_SPEED,"PWM Alta Velocità",
FLIGHT_DATA_RECORDER,"Registro Dati Volo",
RX_HAS_NO_FLIGHT_DATA_RECORD,"La ricevente non ha Dati Volo registrati.",
SENSOR_CONFIG,"Configura Dispositivo",
CONFIRM_DELETE_TIMER,"Sei sicuro che vuoi cancellare questo timer?",
TIMER,"Timer",
MODE,"Modo",
PASTE,"Incolla",
TIMERS,"Timers",
COPY,"Copia",
NO_TIMER_HINT,"Nessun Timer. Premi aggiungi per crearne uno!",
ANTENNA,"Antenna",
POWER_HAS_BEEN_CHANGED_PLEASE_REBIND,"La Potenza Tx è cambiata, si prega di ricollegare!",
NO_RESPONSE_FROM_MODULE,"Nessuna risposta dal modulo!",
POWER,"Potenza",
BAUDRATE,"Baudrate",
WAITING_FOR_MODULE,"Attesa Modulo...",
TX_SETTINGS,"Impostazioni TX",
MIXES,"Mixes",
CHANNELS,"Canali",
FLIGHT_MODE,"Fase di Volo",
D,"D",
CONFIRM_DELETE_MIX,"Sei Sicuro di voler cancellare questo mix?",
CONFIRM_DELETE_SSS,"Sei Sicuro di voler cancellare %s",
NONE,"Nessuno",
NO_MIX_HINT,"Nessun Mix ancora. Selezione Aggiungi per crearne uno!",
TYPE,"Tipo",
SHARE,"Condividi",
RX,"RX",
RACING_MODE,"Modo Corsa",
RANGE_CHECK,"Controllo Portata","Portata"
EXTERNAL_MODULE,"Modulo Esterno",
BIND_OK,"Collegamento OK",
BINDING_3DOTS,"Collegamento...",
BIND,"Collegamento",
FAILSAFE,"Failsafe",
INTERNAL_MODULE,"Modulo Interno",
SET_FAILSAFE,"Impostazioni Failsafe",
RESET_BIND,"Ripristina collegamento",
FACTORY_RESET,"Ripristina ai valori di Fabbrica",
RF_SYSTEM,"Sistema RF",
OWNER_REGISTRATION_ID,"ID Registrazione Proprietario",
SELECT_DEVICE,"Seleziona dispositivo",
REGISTER,"Registrazione",
VALID_FRAME_RATE,"VFR",
STATE,"Stato",
PROTOCOL,"Protocollo",
RSSI,"RSSI",
ARE_YOU_SURE_TO_RESET_THIS_RECEIVER,"Sei sicuro di volere reImpostare questa RX ?",
SET,"Imposta",
EXPO,"Expo",
UNIT_POINTS_COUNT,"punti",
WEIGHT,"Escursione",
POINTS,"Punti",
OFFSET,"Offset",
AUTO_OFFSET,"Offset automatico"
OFFSET_WHEN_ACTIVE,"Offset quando linea attiva",
OFFSET_WHEN_INACTIVE,"Offset quando linea inattiva",
SMOOTH,"Morbido",
POINT,"Punti",
POINTS_COUNT,"Numero Punti",
EASY_MODE,"Modo Facile",
LOGIC_SWITCHES,"Interruttori Logici","Int. Logici"
ARE_YOU_SURE_YOU_WANT_TO_DELETE_THIS_LOGIC_SWITCH,"Sei sicuro di eliminare questo int.logico?",
NO_LOGIC_SWITCH_HINT,"Nessun interruttore Logico. Seleziona aggiungi per crearne uno!",
START_CONDITION,"Condizione di Avvio/Start",
STOP_CONDITION,"Condizione di Fine/Stop",
TIMER_EDIT,"Modifica Timer",
PERSISTENT,"Persistente",
START_VALUE,"Valore Iniziale","Inizio"
AUDIO_ACTIONS,"Azioni Audio",
AUDIO_ACTION,"Azione Audio",
ADD_A_NEW_AUDIO_ACTION,"Aggiungi una nuova azione audio",
ALARM_VALUE,"Valore Allarme","Allarme"
HAPTIC,"Vibrazione",
COUNTDOWN,"Conto alla rovescia",
BEEP_COUNTDOWN,"Beep conto alla rovescia",
START,"Inizia",
PLAY_FILE,"Riproduci File",
SPACE_WITH_OTHERS," altri...",
CONFIRM_DELETE_CURVE,"Sei sicuro di voler cancellare questa curva?",
CURVE_USED_BY,"Questa curva è utilizzata dai seguenti mixer:",
AND_WITH_TWO_SPACES," e ",
CURVES,"Curve",
VARS,"Vars",
NO_VAR_HINT,"Nessuna var ancora. Premi + per crearne una!",
ARE_YOU_SURE_YOU_WANT_TO_DELETE_THIS_VAR,"Sicuro di voler cancellare questa var?",
NO_CURVE_HINT,"Nessuna curva presente. Seleziona aggiungi per crearne una!",
CONFIRM_RESET_MIXES,"Questa operazione provocherà il reset di tutti i mixer.\nSei sicuro di voler continuare?",
ELEVATORS,"Elevatore",
YAW,"Yaw",
SWASH_PLATE,"Piatto Ciclico",
EDIT_MODEL,"Modifica Modello",
PICTURE,"Foto",
TAIL,"Piano di Coda",
AILERONS,"Alettoni",
PITCH,"Passo",
THROTTLE,"Gas",
FLAPS,"Flaps",
ENGINE,"Motore",
RUDDERS,"Direzionale",
ROLL,"Roll",
FUNCTION_SWITCHES,"Interruttori Funzione",
RESET_ALL_MIXES,"Reset Tutti i Mixer",
CREATE_CALCULATED_SENSOR,"Crea sensore calcolato",
CONFIRM_DELETE_SENSORS,"Tutti i sensori saranno cancellati\nSicuro di voler continuare?",
ON,"ON",
OFF,"OFF",
DISCOVER_NEW_SENSORS,"Scopri nuovi sensori",
DELETE_ALL,"Cancella tutto",
CREATE_DIY_SENSOR,"Crea Sensore DIY",
CONFIRM_LOAD_ALL_SWITCH_POSITIONS,"Questa operazione sovrascriverà il controllo posizione interruttori con la posizione attuale. Sicuro di voler continuare?",
CHECK_FUNCTION,"Controllo Funzione",
LOAD_ALL_SWITCH_POSITIONS,"Salva posizione interruttori",
CONFIRM_LOAD_ALL_POT_POSITIONS,"Questa operazione sovrascriverà il controllo posizione potenziometri con la posizione attuale. Sicuro di voler continuare?",
LOAD_ALL_POT_POSITIONS,"Salva posizione potenziometri",
CALIBRATION_FINISH,"Calibrazione finita!",
SXR_CALIBRATION,"Calibrazione SxR",
CLICK_WHEN_DONE,"Click quando fatto",
CALIBRATING,"Calibrazione...",
SXR_CALIBRATION_DESCRIPTION,"Descrizione della Calibrazione SxR",
SLAVE_CH,"CH Allievo",
PERCENT,"Percentuale",
DESTINATION,"Destinazione",
ENABLE,"Abilita",
NO_FUNCTION_HINT,"Nessuna Funzione presente. Seleziona aggiungi per crearne una!",
SPECIAL_FUNCTIONS,"Funzioni Speciali",
SF,"SF",
DISABLE,"Disabilita",
ARE_YOU_SURE_YOU_WANT_TO_DELETE_THIS_SPECIAL_FUNCTION,"Sei sicuro di voler cancellare questa funzione speciale?",
REGISTRATION_OK,"Registrazione OK",
UID,"UID",
REGISTRATION_ID,"ID Registrazione",
RX_NAME,"Nome RX",
RECEIVER_CONNECTED,"Ricevente connessa",
REGISTRATION,"Registrazione",
TRIMS,"Trims",
FADE_IN,"Fade In",
FADE_OUT,"Fade Out",
AUTO_DETECT,"Auto Rilevamento",
DISPLAY_DECIMALS_AND_UNIT,"Mostra Precisione / Unita",
SELECT_SENSOR,"Seleziona Sensore",
DIY_SENSOR,"Sensore DIY",
WAITING,"Attesa",
BAND,"Banda",
RATIO,"Rapporto",
MODULE,"Modulo",
PROTOCOL_DECIMALS_AND_UNIT,"Scala Precisione/Unita",
CROSS_TRIM,"Cross Trim",
MOVE_TRIM_TO_SUBTRIM,"Muove trim al subtrim",
INSTANT_TRIM,"Instant trim",
CONFIRM_MOVE_TRIM_TO_SUBTRIM,"Confermi muovi trim ai subtrim?",
MOVE_TRIMS_TO_SUBTRIMS,"Muove i trim ai subtrim",
CONFIRM_MOVE_TRIMS_TO_SUBTRIMS,"Confermi muovi trim ai subtrim?",
INDEPENDENT_PER_FLIGHT_MODE,"Trim Independente per FV",
STICK,"Stick",
CONFIGURE_SCREENS,"Configura Schermate",
TOP_SCREEN,"Schermo Superiore",
CHANGE_LAYOUT,"Cambia Layout",
FULL_SCREEN,"Schermo Pieno",
WIDGET,"Widget",
SET_MAIN_SCREEN,"Imposta schermo principale",
CONFIGURE_WIDGET,"Configura Widget",
NEW_SCREEN,"Nuova Schermata",
SCREEN,"Schermo",
CHANGE_WIDGET,"Cambio Widget","Cambio..."
MOVE_FORWARD,"← Muovi avanti",
MOVE_BACKWARD,"→ Muove indietro",
RESET_FLIGHT,"Reset Volo",
RESET_TIMERS,"Reset Timer",
RESET_TELEMETRY,"Reset Telemetria",
HOME,"Home",
ADD_AFTER,"Agg Dopo...",
ADD_MIX_FAILED,"Aggiungi Mix fallito!",
MAX_MIXES_REACHED,"Il numero massimo di mixer è stato raggiunto!",
FIRST_POSITION,"Prima posizione",
MIXES_LIBRARY,"Libreria Mixer",
LOCAL_ADDRESS,"Indirizzo Locale",
WAITING_FOR_DEVICES,"Attesa dispositivi...",
LOCAL_NAME,"Nome Locale",
SEARCH_DEVICES,"Cerca Dispositivi",
BLUETOOTH_DEVICE_CONNECTED,"Disp. Bluetooth connesso",
CONNECT_LAST_DEVICE,"Connetti ultimo Disp.",
NO_BLUETOOTH_DEVICE_FOUND,"Nessun Disp. Bluetooth!",
SPEAKER_MUTE,"Altoparlante Muto",
DISCONNECT,"Disconnetti",
WAITING_FOR_DEVICE,"Attesa connessione",
DIST_ADDRESS,"Indirizzo Dist",
CONNECTING,"Connessione",
RESET_MODULE,"Reset Modulo",
HIGH_SPEED,"Velocità Alta",
NORMAL_SPEED,"Velocità Normale",
MODEL,"Modello",
CHECKLIST,"Checklist",
FILE_MANAGER,"File Manager",
SOUND,"Suono & Vibr.",
STICKS,"Sticks",
DATE_TIME,"Data & Ora",
HARDWARE,"Hardware",
INFO,"Info",
SERIAL_NUMBER,"Numero Seriale",
RESET_FACTORY_SETTINGS,"Ripristina valori di fabbrica",
CONFIRM_RESET_FACTORY_SETTINGS,"Ripristina valori di fabbrica?",
SYSTEM,"Sistema",
DISPLAY,"Display",
KEYBOARD,"Tastiera",
ENABLE_SLIDER,"Abilita slider"
DISABLE_SLIDER,"Disabilita slider"
ALERTS,"Avvisi",
SPECTRUM_ANALYSER,"An.Spettro",
BATTERY,"Batteria",
CHECKLIST_WARNING,"Allerta Checklist",
RADIO_IS_IN_SILENT_MODE,"La Radio è in Modo Silenzioso",
RADIO_BATTERY_IS_LOW,"Batteria Radio Scarica",
THROTTLE_IS_NOT_IDLE,"Gas non al minimo",
ARE_NOT_IN_SAFE_POSITION," sono non in posizione sicura",
IS_NOT_IN_SAFE_POSITION," è non in posizione sicura",
FUNCTION_SWITCHES_ARE_NOT_IN_SAFE_POSITION,"Interruttori Funzione posizione non sicura",
FAILSAFE_IS_NOT_SET,"Failsafe non impostato",
RTC_BATTERY_IS_LOW,"Batteria RTC Scarica",
ALWAYS_ON,"Attivo",
YES,"Si",
DIGITAL_RSSI,"RSSI Digitale",
GYRO,"Gyro",
LANGUAGE,"Lingua",
SWITCHES,"Interruttori",
TOP_TOOLBAR,"Barra Superiore",
NO,"No",
BRIGHTNESS,"Luminosità",
KEYS,"Tasti",
WAKE_UP,"Ripristino",
DIGITAL_VOLTAGE,"Voltaggio Digitale",
SLEEP,"Stand-by",
SYSTEM_ALERTS,"Avvisi di Sistema",
INACTIVITY,"Inattività",
AUTO_ADJUST_FROM_GPS,"Auto Regolazione GPS",
DATE,"Data",
ADJUST_RTC_SPEED,"Aggiusta Vel. RTC",
SHOW_SECONDS,"Mostra secondi",
IS24HOUR,"Orologio 24-h",
TIME_ZONE,"Fuso Orario",
YEAR,"Anno",
MONTH,"Mese",
TIME,"Ora",
NEXT,"Successivo",
GYRO_CALIBRATION,"Calibrazione Gyro",
PREV,"Prec",
MDL_LONG,"MDL Lungo",
HARDWARE_CHECK,"Controllo Hardware",
SWITCHES_SETTINGS,"Imposta Interruttori",
ADC_INSPECTOR,"Ispezione valore ADC",
SYS_LONG,"SYS Lungo",
HOME_KEYMAP,"Home Keymap",
POTS_SLIDERS_SETTINGS,"Imposta Pot./Sliders",
SWITCH_MIDDLE_DETECT_DELAY,"Ritardo riconoscimento posizione media int.",
DISP_SHORT,"{DISP_LABEL} Corto",
DISP_LONG,"{DISP_LABEL} Lungo",
SWITCH,"Interruttore",
ANALOGS_FILTER,"Filtro Analogico",
ANALOGS_CALIBRATION,"Calibrazione Analogica",
CONFIRM_CONTINUE,"Sicuro di voler continuare?",
THR_NOT_LOW_WARNING,"Gas non in posizione min.!",
CHANNELS_ORDER,"Ordine Canali",
STICKS_MODE,"Modo Sticks",
STICKS_MODE_1,"Sticks modo 1",
STICKS_MODE_2,"Sticks modo 2",
STICKS_MODE_3,"Sticks modo 3",
STICKS_MODE_4,"Sticks modo 4",
FIRST_FOUR_CHANNELS_FIXED,"Fix dei primi quattro canali",
NO_SD_CARD,"No SD Card",
FLASH_BOOTLOADER,"Flash Bootloader",
FLASH_INTERNAL_MODULE,"Flash Modulo Interno",
PLAY,"Riproduci",
CURRENT_VERSION,"Versione Attuale",
FLASH_RECEIVER_BY_INTERNAL_MODULE_OTA,"Flash RX con OTA int.",
FLASH_RECEIVER_BY_EXTERNAL_MODULE_OTA,"Flash RX con OTA ext.",
OTA_UPDATE,"Aggiornamento OTA",
FLASH_EXTERNAL_DEVICE,"Flash Dispositivo Esterno",
OPEN,"Apri",
FLASH_EXTERNAL_MODULE,"Flash Modulo Esterno",
FLASH_EXTERNAL_MULTIMODULE,"Flash MultiModulo Esterno",
MOVE_HERE,"Muovi qui",
OTA_UPDATE_ERROR,"Errore Aggiornamento OTA",
UNSUPPORTED_RX,"RX non supportata",
MAIN_VOLTAGE,"Voltaggio Principale",
DISPLAY_VOLTAGE_RANGE,"Intervallo Voltaggio Visualizzato",
LOW_VOLTAGE,"Voltaggio basso",
RTC_VOLTAGE,"Voltaggio RTC",
UNKNOWN,"Sconosciuto",
FIRMWARE,"Firmware",
FIRMWARE_VERSION,"Versione Firmware",
VIDEO_HARDWARE_VERSION,"Versione Hardware Video",
RECEIVER,"Ricevente",
NON_STABILIZED_RECEIVER,"Ricevente non stabilizzata",
VARIO,"Vario",
MAIN_VOLUME,"Volume principale",
AUDIO_VOLUME,"Volume",
PITCH_AT_ZERO,"Tonalità minima",
SEQUENCE,"Sequenza",
PITCH_AT_MAX,"Tonalità massima",
REPEAT_AT_ZERO,"Ripeti",
FIXED_WING,"Aereo",
GLIDER,"Aliante",
HELI,"Elicottero",
MULTI,"Multi",
OTHER,"Altro",
CALIBRATION,"Calibrazione",
INPUTS,"Inputs",
UPDATE,"Aggiornamento",
SDCARD,"SD Card",
SDCARD_ERROR,"Errore SD Card",
INVALID_DATA,"Dati Invalidi",
FILE_BAD_FORMAT,"File Sconosciuto ",
NO_FILES_ON_SD,"Nessun file su SD!",
READ_ERROR,"Errore Lettura",
WRITE_ERROR,"Errore Scrittura",
WRONG_HEADER,"Intestazione sbagliata",
WRONG_FORMAT,"Formato errato",
WRONG_CRC,"CRC errato",
WRONG_FILE_SIZE,"Dimensione file errata",
WRONG_FILE,"File errato",
ERROR,"Errore",
RUDDER,"Direzionale",
ELEVATOR,"Elevatore",
DELETE,"Cancella",
MODEL_BITMAP,"Immagine Modello",
TAIL_TYPE,"Tipo Piano di Coda",
TRADITIONAL,"Tradizionale",
VTAIL,"Coda a V",
REVERSE,"Inverti",
RATE,"Rate",
UP,"Su",
DOWN,"Giu",
RIGHT,"Destra",
LEFT,"Sinistra",
TOP,"Sopra",
BOTTOM,"Sotto",
TIMER_UP,"Tim.Su",
TIMER_DOWN,"Tim.Giu",
LIMIT,"Limite",
SPEED,"Velocità",
SET_DATE,"Imposta data",
SET_TIME,"Imposta Ora",
SILENT_MODE,"Modo Silenzioso",
KEY,"Tasto",
ALARM,"Allarme",
TRIM,"Trim",
SETUP_CHANNEL,"Setup canale",
LOGIC_SWITCH,"Interruttore Logico",
CREATE_MODEL,"Modello",
SAVE,"SALVA",
LS,"IL",
FS,"IF",
OP,"OP",
TRAINER_MASTER,"Maestro",
TRAINER_SLAVE,"Allievo",
LINK_MODE,"Modalità Connessione",
TRAINEE_CHANNEL,"Canale Studente",
SUNDAY,"Domenica",
MONDAY,"Lunedi",
TUESDAY,"Martedi",
WEDNESDAY,"Mercoledì",
THURSDAY,"Giovedi",
FRIDAY,"Venerdi",
SATURDAY,"Sabato",
JANUARY,"Gennaio",
FEBRUARY,"Febbraio",
MARCH,"Marzo",
APRIL,"Aprile",
MAY,"Maggio",
JUNE,"Giugno",
JULY,"Luglio",
AUGUST,"Agosto",
SEPTEMBER,"Settembre",
OCTOBER,"Ottobre",
NOVEMBER,"Novembre",
DECEMBER,"Dicembre",
CANCEL,"Cancella",
DELAY,"Ritardo",
RECEIVER_TYPE,"Tipo Ricevente",
BACK,"Indietro",
INTERNAL,"Interno",
EXTERNAL,"Esterno",
RF_PROTOCOL,"Protocollo RF",
EXTERNAL_RF,"RF Esterno",
LOGIC_SWITCH_RANGE,"Intervallo",
PLAY_SEQUENCE,"Riproduci Traccia",
WAIT_DURATION,"Tempo di Attesa",
WAIT_CONDITION,"Condizione di Attesa",
CONFIRM_DELETE_LINE,"Sicuro di voler cancellare questa linea?",
ADD_A_NEW_LINE_IN_SEQUENCE,"Aggiungi una nuova linea in sequenza",
PLAY_TEXT,"Riproduci Testo",
GO_TO_SCREEN,"Vai a pagina",
LOCK_TOUCHSCREEN,"Blocco Schermo",
BLANK,"Vuoto",
CALIBRATE,"Calibra",
CLICK_CALIBRATE_TO_START,"Seleziona 'Calibra' per iniziare",
CENTER_STICKS_POTS_SLIDERS_AND_CLICK_NEXT,"Centra gli sticks/potenziometri/sliders, seleziona 'successivo' appena fatto",
MOVE_STICKS_POTS_SLIDERS_AND_CLICK_NEXT,"Muovi gli sticks/pot./sliders alla corsa max, seleziona 'successivo' appena fatto",
CALIBRATION_COMPLETE_CLICK_CONFIRM_TO_STORE,"Calibrazione completa, seleziona 'Conferma' per salvare",
BACKLIGHT,"Retroilluminazione",
DARK_MODE,"Modo Scuro",
HIGHLIGHT_COLOR,"Colore Evidenziato",
MODEL_NAME,"Nome",
NO_AIRBRAKES,"No aereofreni",
SWR,"SWR",
CURRENT,"Corrente",
VFAS,"VFAS",
TEMPERATURE_2,"Temp2",
TEMPERATURE_1,"Temp1",
FUEL,"Carburante",
ACCX,"AccX",
ACCY,"AccY",
ACCZ,"AccZ",
GPS_ALT,"GPS Alt",
GPS_SPEED,"GPS Velocità",
GPS_COURSE,"GPS Rotta",
AIR_SPEED,"Velocità Aria",
BATTERY_1_VOLTAGE,"Voltaggio Bat1",
BATTERY_1_CURRENT,"Corrente Bat1",
BATTERY_2_VOLTAGE,"Voltaggio Bat2",
BATTERY_2_CURRENT,"Corrente Bat2",
RBOX_STATE_1,"RBOX S1",
RBOX_STATE_2,"RBOX S2",
BATTERY_1_CONSUMPTION,"Cons. Bat1",
BATTERY_2_CONSUMPTION,"Cons. Bat2",
BATTERY_1_TEMPERATURE,"Temp. Bat1"
BATTERY_2_TEMPERATURE,"Temp. Bat2"
SD1_CHANNEL,"SD1CH",
ESC_VOLTAGE,"Voltaggio ESC",
ESC_CURRENT,"Corrente ESC",
ESC_RPM,"ESC RPM",
ESC_CONSUMPTION,"Consumo ESC",
ESC_TEMPERATURE,"Temp ESC",
RB_OUTPUT_STATE,"Stato Output",
RB_CH1_A,"Corrente CH1",
RB_CH2_A,"Corrente CH2",
RB_CH3_A,"Corrente CH3",
RB_CH4_A,"Corrente CH4",
RB_CH5_A,"Corrente CH5",
RB_CH6_A,"Corrente CH6",
RB_CH7_A,"Corrente CH7",
RB_CH8_A,"Corrente CH8",
RB_CH9_A,"Corrente CH9",
RB_OUTPUT_1_VOLTAGE,"Voltaggio Output1",
RB_OUTPUT_2_VOLTAGE,"Voltaggio Output2",
GASSUIT_TEMP1,"GASS Temp1",
GASSUIT_TEMP2,"GASS Temp2",
GASSUIT_SPEED,"GASS RPM",
GASSUIT_RES_VOL,"GASS Rim. Vol.",
GASSUIT_RES_PERC,"GASS Rim. %",
GASSUIT_FLOW,"GASS Flusso",
GASSUIT_MAX_FLOW,"GASS Flusso MAX",
GASSUIT_AVG_FLOW,"GASS Flusso Medio",
BEC_VOLTAGE,"Voltaggio BEC",
BEC_CURRENT,"Corrente BEC",
R9M_POWER,"Alimentazione R9M",
OK,"OK",
FLAP,"Flap",
AIRBRAKE,"Aereofreno",
FILE,"File",
FLASH_SPORT,"Flash S.port",
PLAY_VALUE,"Riproduci Valore",
CATEGORY,"Categoria",
MEMBER,"Nome",
ANALOGS,"Controlli Analogici",
SWITCHES_POSITIONS,"Posizioni Interruttori",
TRIMS_POSITIONS,"Posizione Trim",
CONST_VALUE,"Valore Const",
SLIDER_LEFT,"Slider SX",
SLIDER_RIGHT,"Slider DX",
RIGHT_HORIZONTAL,"Orizzontale Destro",
TRIM_RIGHT_HORIZONTAL_LEFT,"Trim T1←",
TRIM_RIGHT_HORIZONTAL_RIGHT,"Trim T1→",
RIGHT_VERTICAL,"Verticale Destro",
TRIM_RIGHT_VERTICAL_UP,"Trim T2↑",
TRIM_RIGHT_VERTICAL_DOWN,"Trim T2↓",
LEFT_VERTICAL,"Verticale Sinistro",
TRIM_LEFT_VERTICAL_UP,"Trim T3↑",
TRIM_LEFT_VERTICAL_DOWN,"Trim T3↓",
LEFT_HORIZONTAL,"Orizzontale Sinistro",
TRIM_LEFT_HORIZONTAL_LEFT,"Trim T4←",
TRIM_LEFT_HORIZONTAL_RIGHT,"Trim T4→",
TRIM_T5_LEFT,"T5 ←",
TRIM_T5_RIGHT,"T5 →",
TRIM_T6_LEFT,"T6 ←",
TRIM_T6_RIGHT,"T6 →",
TRIM_T5_DOWN,"T5 ↓",
TRIM_T5_UP,"T5 ↑",
TRIM_T6_DOWN,"T6 ↓",
TRIM_T6_UP,"T6 ↑",
DIFFERENTIAL,"Differenziale",
SLOW,"Rallenta",
MULTIPLY,"Moltiplica",
WEIGHT_UP,"Escursione Su",
WEIGHT_DOWN,"Escursione Giu",
OUTPUT,"Uscita",
CLOSE,"Chiudi",
FLASHING,"Esecuzione Flash...",
RESET_DEVICE,"Reset Dispositivo...",
LOW_BATTERY,"Batteria Radio scarica!",
VOLTAGE_CALIBRATION,"Calibrazione Voltaggio",
STARTING_MODEL_WIZARD,"Inizializza Creatore Modelli...",
RADIO_DATA_LOAD,"Carica Dati Radio",
DEFAULT_SYSTEM_SETTINGS_RESTORED,"Errore Memoria, Valori di fabbrica ripristinati.",
FLIGHT_MODE_SHORT,"FV",
PREFLIGHT_WARNING,"Avviso Pre-volo",
NEW_MODEL,"Nuovo modello",
STARTING_CALIBRATION,"Inizio calibrazione...",
NO_SD_CARD_WARNING,"Avviso No SD Card",
ADD_CURVE_ERROR,"Aggiungi curva fallito!",
STEP,"Step",
AILERON,"Alettone",
SPACE_WITH_CHANNEL," canale",
QUESTION_SWAP_SSS_AND_SSS_CHANNELS_SETTINGS,"Vuoi scambiare %s e %s Impostazione canali?",
INPUT,"Ingressi",
ELE_TO_AIL,"Ele => Ale",
THR_CURVE,"Curva Gas",
PITCH_CURVE,"Curva Passo",
THROTTLE_CUT,"Taglio Gas",
AIL_TO_RUD,"Ale => Dir",
ELE_TO_CAMBER,"Ele => Camber",
RUD_TO_AIL,"Dir => Ale",
RUD_TO_ELE,"Dir => Ele",
AIL_TO_FLAPS,"Ale => Flaps",
FLAPS_TO_ELE,"Flaps => Ele",
FREE_MIX,"Mix Libero",
SNAP_ROLL,"Snap Roll",
TEST_MIX,"Test Mix",
DELAY_UP,"Ritardo Su",
DELAY_MID,"Ritardo Med",
DELAY_DOWN,"Ritardo Giu",
NO_DELAY,"No Ritardo",
V_TAIL,"V Tail",
DATA_REFUSED,"Dati rifiutati",
DEVICE_NOT_RESPONDING,"Il Dispositivo non risponde",
NO_OUTPUT,"No Uscita",
WEIGHT_RATES,"Escursione / Rates",
OTHERWISE,"Altrimenti",
AUTO,"Auto",
TRIM_STEP_FINE,"Fine",
TRIM_STEP_COARSE,"Grossolano",
TRIM_STEP_EXPONENTIAL,"Esponenziale",
TRIM_STEP_EXTRA_FINE,"Extra Fine",
TRIM_STEP_MEDIUM,"Medio",
TRIM_STEP_CUSTOM,"Ad hoc",
SCREENSHOT,"Screenshot",
SILENT,"Silenzioso",
ALARMS_ONLY,"Solo Allarmi",
OFTEN,"Spesso",
ALWAYS,"Sempre",
NEVER,"Mai",
WHEN_TELEMETRY_STREAMING,"Durante Streaming Telemetria",
VOICE1,"Voce 1 (Principale)",
VOICE2,"Voce 2",
VOICE3,"Voce 3",
NEGATIVE,"Negativo",
POSITIVE,"Positivo",
THROTTLE_HOLD,"Hold Gas",
TRIGGER_VALUE,"Valore Trigger",
IDLE_OUTPUT_VALUE,"Valore uscita minimo",
LOW_POSITION_TRIM,"Posizione Trim Bassa",
AND,"AND",
OR,"OR",
XOR,"XOR",
SENSORS,"Sensori",
VARIOMETER,"Variometro",
ALARMS,"Allarmi",
SENSOR,"Sensore",
RX_BATT,"BattRx",
RX_CURRENT,"CorrenteRx",
ALTITUDE,"Altitudine",
VSPEED,"VSpeed",
SELECT_LANGUAGE,"Seleziona Lingua",
ONCE,"Una volta",
FLIGHT_DATA,"Dati Volo",
ALL_TIMERS,"Tutti i timer",
WHOLE_TELEMETRY,"Intera telemetria",
REPEAT,"Ripeti",
WAV_FILE,"File Wav",
BUTTERFLY,"Butterfly",
CAMBER,"Camber",
PITCH_TO_RUD,"Passo => Dir",
MISSING_BASIC_MIX,"Mixer base mancante",
MISSING_ENOUGH_CHANNEL,"Non ci sono abbastanza canali disponibili",
NOT_SUIT_FOR_THIS_MODEL,"Questo mixer non è indicato per il tuo modello",
THR_TO_ELE,"Gas => Ele",
THR_TO_RUD,"Gas => Dir",
TEMPERATURE,"Temperatura",
DATA_RATE,"Velocità aggiornamento dati",
GPS,"GPS",
GAS_SUITE,"Gas Suite",
FLOW_RESET,"Reset Flusso",
CDI_OFF_SPEED_LIMIT,"Limite velocità CDI off",
FLOW_PULSE,"Impulso Flusso",
AUTO_RESET,"Reset Automatico",
RESET_RESIDUAL_VOLUME,"Reset volume residuo",
RESET_MAX_FLOW,"Reset flusso max",
RESET_AVERAGE_FLOW,"Reset flusso medio",
VOLUME_ALARM,"Volume Allarme",
MAX_FLOW_ALARM,"Allarme Flusso Max",
OVER_SPEED_ALARM,"Allarme Over speed",
FLOW_TRIGGER,"Interruttore Flusso",
FACTORY_SETTING,"Dati di Fabbrica",
OVER_TEMP1_ALARM,"Allarme Over temp1",
OVER_TEMP2_ALARM,"Allarme Over temp2",
TEMPERATURE_UNIT,"Gradi Temp",
AUTO_SAVE,"Auto Save",
GPS_POSITION_DATA_RATE,"Dati GPS Posizione",
GPS_ALTITUDE_DATA_RATE,"Dati GPS Altitudine",
GPS_SPEED_DATA_RATE,"Dati GPS Velocità",
GPS_COURSE_DATA_RATE,"Dati GPS Rotta",
GPS_TIME_DATA_RATE,"Dati GPS Tempo/ora",
RB_30_40,"RB 30/40",
EW,"EW",
NS,"NS",
DEFAULT_FLIGHT_MODE,"Fase di volo Standard",
SKIP_ON_STARTUP,"Tralascia all'Avvio",
LOW_VALUE_WARNING,"Avviso Valore Basso",
CRITICAL_VALUE,"Valore Critico",
UPGRADE_MODULE,"Aggiorna modulo",
AUTHENTICATION_FAILURE,"Autenticazione fallita",
MODULE_NEEDS_UPGRADE,"Aggiornamento modulo necessario",
CLEAR,"Svuota",
MIX_SWITCH_DESCRIPTION,"Seleziona un interruttore per cambiare lo stato del mixer attivo/inattivo",
MIX_WEIGHT_DESCRIPTION,"Il moltiplicatore in % applicato ad un comando per determinare il valore di uscita di un mixer. Questo verrà calcolato dopo la curva",
MIX_CURVE_DESCRIPTION,"Scegli una curva per il mixer. Questa verrà calcolata prima del escursione parametro",
MIX_DIFFERENTIAL_DESCRIPTION,"Seleziona la quantità di movimento differenziale per i canali",
MIX_OUTPUT_DESCRIPTION,"Seleziona il canale che vuoi interagisca con questo mixer",
MIX_INPUT_DESCRIPTION,"Seleziona la sorgente di controllo di questo mixer",
MIX_OPERATION_DESCRIPTION,"Seleziona il tipo di funzione per il mixer: Aggiungi, Moltiplica o Sostituisci",
MIX_REVERSE_DESCRIPTION,"Inverti direzione del controllo",
MIX_OFFSET_DESCRIPTION,"Seleziona la quantità di offset dal centro",
MIX_WEIGHTUP_DESCRIPTION,"Seleziona la quantità di movimento su",
MIX_WEIGHTDOWN_DESCRIPTION,"Seleziona la quantità di movimento giù",
MIX_SPEEDUP_DESCRIPTION,"Seleziona la quantità di accelerazione",
MIX_SPEEDDOWN_DESCRIPTION,"Seleziona la quantità di decelerazione",
MIX_LOWPOSTRIM_DESCRIPTION,"Abilità solo posizione giù del trim",
HELI_PITCH,"Passo",
HELI_GYRO,"Gyro",
MISSING_THROTTLE,"Il tuo modello non ha nessun controllo gas",
SIX_POSITIONS_SWITCH,"Interruttore 6-POS",
GYRO_X_AXIS,"Gyro X Axis",
GYRO_Y_AXIS,"Gyro Y Axis",
AILERON_LETTER,"A",
RUDDER_LETTER,"R",
ELEVATOR_LETTER,"E",
THROTTLE_LETTER,"T",
NOT,"NON",
STICKY,"Sticky",
EDGE,"Soglia",
MIDDLE,"Metà",
NO_CHECK,"Nessun Controllo",
CUSTOM,"Ad hoc",
HOLD,"Trattieni",
NO_PULSES,"No Impulsi",
NOT_SET,"Non Definito",
NO_ENGINE,"No motore",
NO_FLAPS,"No flaps",
NO_RUDDERS,"No direzionale",
NO_ELEVATORS,"No elevatore",
NO_AILERONS,"No alettoni",
CHANNELS_1,"1 canale",
CHANNELS_2,"2 canali",
CHANNELS_3,"3 canali",
CHANNELS_4,"4 canali",
BEEP,"Beep",
IN_RANGE,"Intervallo",
REPLACE,"Sostituisci",
USE_A_SOURCE,"Usa come sorgente",
CONVERT_TO_VALUE,"Converti in valore",
SPECIAL,"Speciale",
MAXIMUM,"Massimo",
MINIMUM,"Minimo",
MOMENTARY,"Attiva",
TWO_POS,"2-POS",
THREE_POS,"3-POS",
GYRO_CALIBRATION_PLACE_LEVEL,"Posiziona la radio in PIANO, e seleziona il tasto sotto",
GYRO_CALIBRATION_LEFT,"Inclina la radio a SINISTRA, e seleziona il tasto sotto",
GYRO_CALIBRATION_RIGHT,"Inclina la radio to DESTRA, e seleziona il tasto sotto",
GYRO_CALIBRATION_NOSE_UP,"Inclina la radio NASO SU, e seleziona il tasto sotto",
GYRO_CALIBRATION_NOSE_DOWN,"Inclina la radio NASO GIU, e seleziona il tasto sotto",
DEFAULT,"Default",
STRENGTH,"Intensità",
AM,"AM",
PM,"PM",
PLAY_VARIO,"Esegui vario",
RF_ALWAYS_OFF,"Modo Speciale, RF spenta.",
STAB_FUNC,"Funzione Stabile",
RX_PROTOCOL,"Protocollo RX",
NO_MAP,"Nessuna mappa",
DIRECTION,"Direzione",
CLOCKWISE,"Orario",
ANTICLOCKWISE,"Antiorario",
PWM_PULSE_TYPE,"Tipo impulso PWM",
BASIC_CONFIG,"Config Base",
RX1_MAP,"RX1 Mappa",
RX2_MAP,"RX2 Mappa",
RX3_MAP,"RX3 Mappa",
ALL_FREQUENCY,"Tutte le frequenze",
STICKS_NAME,"Nome Sticks",
CHANNELS_COUNT,"Numero Canali",
EXT,"Ext",
INT,"Int",
PLACE_RECEIVE_LEVEL,"Posiziona la ricevente orizzontale,\nfaccia su.",
PLACE_RECEIVE_LEVEL_REVERSE,"Posiziona la ricevente orizzontale,\nfaccia giu.",
PLACE_RECEIVE_LEFT,"Posiziona la ricevente verticale,\npins su.",
PLACE_RECEIVE_RIGHT,"Posiziona la ricevente verticale,\npins giu.",
PLACE_RECEIVE_FORWARD,"Posiziona la ricevente lato leggibile\nlettering, pins DX.",
PLACE_RECEIVE_BACKWARD,"Posiziona la ricevente lato non leggibile\nlettering, pins SX.",
ADD_A_NEW_WEIGHT,"+ Aggiungi una nuova escursione",
ADD_A_NEW_CURVE,"+ Aggiungi una nuova curva",
AUDIO,"Audio",
VOICE,"Voce",
VAR,"Var",
VOLUME,"Volume",
SAVE_TO_FLASH,"Salva su flash",
SAVE_TO_FLASH_MESSAGE,"Tutte le impostazioni sono state memorizzate sulla memoria flash!",
TIMER_GENERATOR,"Generatore Timer",
CONFIRM_CLEAR_CHANNEL_DDD_NAME,"Il Canale %d non è usato da nessun mix.\nVuoi cancellare il suo nome?",
EDIT_SSS,"%s Modifica",
RESET_SSS,"%s ReImposta",
OPTIONS_3DOTS,"Opzioni...",
QUESTION_COPY_CHANNEL_NAME,"Il canale non ha un nome.\nVuoi usare il nome del mixer?",
FLY_BAR_LESS,"Flybarless",
WING_RUD_ELE_AIL,"Ala Dir Ele Ale",
WING_FLYING,"Ala Delta Ale/ TuttAla",
WING_VTAIL_AIL,"Ala VTail Ale",
LEVEL,"Dritto",
LEVEL_REVERSED,"Rovesciato",
UPRIGHT,"Lato",
UPRIGHT_REVERSED,"Lato Rovesciato",
WING_TYPE,"Tipo Ala",
MOUNTING_TYPE,"Tipo Istallazione",
SXR_ENABLE,"Abilita SXR",
AIL_INVERTED,"Ale Invertito",
AIL2_INVERTED,"Ale2 Invertito",
ELE_INVERTED,"Ele Invertito",
ELE2_INVERTED,"Ele2 Invertito",
RUD_INVERTED,"Dir Invertito",
AUX1_ENABLE,"Abilita AUX1",
AUX2_ENABLE,"Abilita AUX2",
QUICK_MODE,"Modo Rapido",
SELF_CHECK,"Self Check",
STAB_GAIN_OF_AIL,"Stabilizza Guadagno Ale",
STAB_GAIN_OF_ELE,"Stabilizza Guadagno Ele",
STAB_GAIN_OF_RUD,"Stabilizza Guadagno Dir",
AUTO_LEVEL_GAIN_OF_AIL,"Auto Livello Guadagno Ale",
AUTO_LEVEL_GAIN_OF_ELE,"Auto Livello Guadagno Ele",
HOVER_GAIN_OF_ELE,"Hover Guadagno Ele",
HOVER_GAIN_OF_RUD,"Hover Guadagno Dir",
KNIFE_EDGE_GAIN_OF_AIL,"Knife-edge Guadagno Ale",
KNIFE_EDGE_GAIN_OF_RUD,"Knife-edge Guadagno Dir",
AUTO_LEVEL_OFFSET_OF_AIL,"Auto Livello Angolo Offset Ale",
AUTO_LEVEL_OFFSET_OF_ELE,"Auto Livello Angolo Offset Ele",
HOVER_OFFSET_ANGLE_OF_ELE,"Hover Angolo Offset Ele",
HOVER_OFFSET_ANGLE_OF_RUD,"Hover Angolo Offset Dir",
KNIFE_EDGE_OFFSET_OF_AIL,"Knife-edge Angolo Offset Ale",
KNIFE_EDGE_OFFSET_OF_RUD,"Knife-edge Angolo Offset Dir",
OUTPUT_VOLTAGE,"Output Voltaggio",
LIPO_VOLTAGE,"Lipo Voltaggio",
RB_10_20,"RB 10/20",
ALTITUDE_DATA_RATE,"Velocità aggiornamento Dati Altitudine",
VARIO_DATA_RATE,"Velocità aggiornamento Dati Vario",
CURRENT_DATA_RATE,"Velocità aggiornamento Corrente(A)",
VOLTAGE_DATA_RATE,"Velocità aggiornamento Voltaggio",
RPM,"RPM",
POLES_COUNT,"Numero Poli",
NEED_FIRMWARE_UPDATE,"Necessario Aggiornamento Firmware",
SYSTEM_VALUE,"Valore di Sistema",
GPS_CLOCK,"Ora GPS",
RACING_MODE_ACTIVE,"Modo Corsa Attivo.",
RACING_MODE_IS_UNSUPPORTED,"Modo Corsa non supportato.",
POTS_SLIDERS,"Pot. / Sliders",
STICKS_POTS_SLIDERS,"Sticks / Pot. / Sliders",
WRITE_INTERVAL,"Scrivi intervallo",
TX_BATT,"TxBatt",
AVERAGE,"Media",
TOTALIZE,"Totalizza",
CELL,"Cell",
CONSUMPTION,"Consumo",
DISTANCE,"Distanza",
FALLING_EDGE_OF_SSS_BETWEEN_SSS_AND_SSS,"↑↓Impulso di %s tra %s e {2}",
RISING_EDGE_OF_SSS_DURING_SSS,"%s dopo ↑Soglia di %s",
FALLING_EDGE_OF_SSS_DURING_SSS,"↓Soglia di %s durante %s",
FALLING_EDGE_OF_SSS,"↓Soglia di %s",
RISING_EDGE_OF_SSS,"↑Soglia di %s",
STALL,"Stallo",
EDITABLE_SRV_DDD_CURR,"SRV%d Corr",
EDITABLE_SRV_DDD_VOLT,"SRV%d Volt",
EDITABLE_SRV_DDD_TEMP,"SRV%d Temp",
EDITABLE_SRV_DDD_STATUS,"SRV%d Stato",
CONDITION,"Condizione",
TIMER_LOGS,"Timer Logs",
SAVE_TO_SD,"Salva su SD",
CLEAR_LOGS,"Svuota Logs",
TITLE,"Titolo",
LOWEST,"Inferiore",
COUNT,"Conto",
HIGHEST,"Superiore",
BLADES,"Pale",
MAINGEAR_TEETH,"Denti Ingranaggio Prim.",
PINION_TEETH,"Denti Pignone",
GEAR,"Ingranaggio",
PROPELLER,"Elica",
FLIGHT_VALUE,"Valore Volo",
CURRENT_FLIGHT_MODE,"F.V. Attuale",
NO_DESTINATION,"Nessuna destinazione",
ENT_LONG,"ENT Lungo",
RX_STILL_ON_TURN_OFF_TRANSMITTER,"Rx ancora attiva, spegnere trasmittente ?",
CONFIRM_RESET_SENSOR,"Il valore di questo sensore sarà reimpostato.\nSicuro di voler continuare?",
LATITUDE,"Latitudine",
LONGITUDE,"Longitudine",
GPS_MAP,"Mappa GPS",
MAP,"Mappa",
INTERNAL_GPS,"GPS Interno",
CLOCK,"Ora",
TRIP,"Viaggio",
SYSTEM_EVENT,"Evento di Sistema",
RSSI_LOW,"Rssi Basso",
TRAINER_ACTIVE,"Trainer attivo",
MULTIPLIER,"Moltiplicatore",
VERTICAL,"Verticale",
HORIZONTAL,"Orizzontale",
TOTAL,"Totale",
CELLS,"Celle",
MULTI_LIPO,"Multi LiPo",
LIPO,"LiPo",
LINE_CHART,"Grafico Lineare",
LOG_PERIOD,"Periodo Log",
RESUME,"Riprendi",
PAUSE,"Pausa",
AUTO_RANGE,"Intervallo Flessibile",
LOCK,"Blocca",
Xx2POS,"{HARDWARE_FUNCTION_SWITCHES} x 2-Pos",
XPOS_WITH_OFF,"{HARDWARE_FUNCTION_SWITCHES}-Pos con OFF",
XPOS,"{HARDWARE_FUNCTION_SWITCHES}-Pos",
2xXPOS,"2 x {HARDWARE_FUNCTION_SWITCHES_PER_SIDE}-Pos",
GLOBAL,"Globale",
_2DOTS,": ",
SUMMARY,"Riepilogo",
CONFIRM_STOP_USING_CURVE,"Sei sicuro di non voler più usare questa curva?",
CONFIRM_STOP_USING_RATE,"Sei sicuro di non voler più usare questi rate?",
PATTERN,"Pattern",
ROLL_ANGLE,"Angolo R.",
PITCH_ANGLE,"Angolo P.",
HYDRAULIC_PRESSURE,"Pressione Idr.",
IGNORE_TRAINER_INPUT,"Non gestito dal Trainer",
FULL_RANGE,"Piena Escursione",
IGNORE_RANGE,"Ignora escursione"
HALF_RANGE,"Metà escursione",
LAST_POSITION,"Ultima Posizione",
SLEEP_BRIGHTNESS,"Luminosità Modalità Sleep",
TOP_LCD_SLEEP,"Top LCD Sleep",
VIEW_PER_CHANNEL,"Vista per Canali",
VIEW_TABLE,"Vista Insieme",
GENERAL,"Generale",
RX_STILL_ON_TURN_OFF_RF,"La Ricevente è ancora connessa.\nSei sicuro di voler continuare?",
LOAD_ALL_FUNCTION_SWITCH_POSITIONS,"Carica tutte le posizioni degli Int.Funzione","Carica tutte le posizioni Int.FX"
CONFIRM_LOAD_ALL_FUNCTION_SWITCH_POSITIONS,"Questa operazione sovrascriverà tutte le posizioni IF con le Impostazioni attuali. Sicuro di voler continuare?",
STORAGE_LOCATION,"Posizione Archiviazione",
RADIO,"Radio",
MODELS,"Modelli",
USER_BITMAPS,"Immagini Utente",
SCRIPTS,"Scripts",
LOGS,"Logs",
SCREENSHOTS,"Catturaschemo",
PRESSURE,"Pressione",
COLOR,"Colore",
CONFIRM_CLEAR_CHANNELS_SSS_NAME,"Non ci sono mixers che usano il canale %s. Vuoi eliminare il nome di questi canali?",
CHANNEL_SBUS_VALUE_LIMIT_WARNING,"Il nuovo valore del canale è incompatibile con SBUS/rindondanza. Sei sicuro di voler continuare?",
VOLTAGE,"Voltaggio",
SAVE_TO_FILE,"Salva su File",
FLASH_VIDEO_COMPONENT,"Flash Componente Video",
RX_BAT_VOLTAGE,"Voltaggio Batteria RX",
RX_BAT_2_VOLTAGE,"Voltaggio Batteria RX 2",
EXT_ADC_VOLTAGE,"Voltaggio Esterno ADC",
BOARD_CURRENT,"Corrente Circuito Alimentazione",
POWER_ON_RESET,"Reset Accensione/Power On",
PIN_RESET,"Reset Pin",
WAKE_UP_RESET,"Reset da Wake Up",
WATCHDOG_RESET,"Reset Watchdog",
LOCKUP_RESET,"Reset da Blocco/Lockup",
BROWN_DOWN_DET_RESET,"Reset da Brown Down rilevato",
RX_RESET_CASE,"Reset RX Caso",
OPERATION_ASSIGN,"Assegna(=)",
OPERATION_ADD,"Addiziona(+)",
OPERATION_SUBTRACT,"Sottrai(-)",
OPERATION_MULTIPLY,"Multiplica(*)",
OPERATION_DIVIDE,"Dividi(/)",
OPERATION_MIN,"Min",
OPERATION_MAX,"Max",
REPURPOSE,"Riassegna",
SENSOR_CONFLICT_WARNING,"Allarme Conflitto Sensore",
NIGHTLY_BUILD_NOT_FOR_FLYING,"Nightly build, solo Test-no volo!",
READING_FILE,"Leggo il file ...",
NOT_ENOUGH_MEMORY,"Memoria insufficiente",
CLEAN_LOGS,"Pulisci logs",
CONFIRM_CLEAN_LOGS,"Questa operazione rimuovera' tutti i file .csv nella directory. Sei sicuro di voler continuare?",
CLEANING_LOGS,"Pulizia logs ...",
PAUSE_CONDITION,"Pausa condizione",
RESET_SETTINGS,"Reset parametri",
SWAP_CHANNELS,"Scambio canali",
CONFIRM_RESET_SETTINGS,"Le impostazioni verranno riportate ai valori di default.\nSei Sicuro di voler continuare?",
CONFIRM_SWITCH_EXTERNAL_MODULE,"Modulo Esterno in uso. Verra' disconesso. \Sei sicuro di voler continuare?",
CONFIRM_SWITCH_TRAINER,"Trainer sta' usando il modulo esterno. Verra' disconesso. \Sei sicuro di voler continuare?",
COMPETITION_OPTION,"Competizione (solo RSSI e Batteria)",
CONFIRM_BLUETOOTH_USED_BY_SSS,"Bluetooth e' in uso con %s. Verra' disconesso. \Sei sicuro di voler continuare?",
BOTH_MODULES,"Entrambi i moduli",
SPORT_CONNECTOR,"Connettore S.Port",
CONFIRM_SPORT_USED_BY_SSS,"Connettore S.Port in uso ora da %s. Sei sicuro di voler continuare?",
TRAINER_CABLE,"Cavo Trainer",
BLUETOOTH,"Bluetooth",
SBUS_EXTERNAL_MODULE,"SBUS Modulo Esterno",
CPPM_EXTERNAL_MODULE,"CPPM Modulo Esterno",
LUA_TASKS,"Compiti Lua",
LUA_SOURCES,"Sorgenti Lua",
MISSING_SCRIPT_FILE,"File script mancante",
BITMAP,"Bitmap",
BITMAP_TYPE,"Tipo Bitmap",
BITMAP_FILE,"File Bitmap",
FILE_PATH,"Percorso File",
TEXT,"Testo",
DOCUMENTS,"Documenti",
USB_MODE_PRESELECTION,"Preselezione Modo USB",
USB_MODE,"Modo USB",
JOYSTICK,"Joystick",
SERIAL,"Seriale",
SELECT_MODEL_AT_POWER_ON,"Seleziona modello all'accensione",
LOAD_MODEL,"Carica modello",
TELEMETRY_ACTIVE,"Telemetria Attiva",
FLIGHT_RESET,"Flight reset",
THROTTLE_ACTIVE,"Gas Attivo",
COUNTING_SOURCE,"Sorgente Proporzionale timing",
SEND_FILE,"Invia file",
FILE_TRANSFER,"Trasferimento File",
RECEIVE_FILE_HERE,"Ricevi il file qui",
WAITING_FOR_CONNECTION,"In attesa connessione",
WAITING_FOR_RECEIVER_CONFIRMATION,"In attesa conferma ricevente...",
FILE_TRANSFER_FAILED,"Trasferimento File fallito",
CONFIRM_RECEIVE_FILE_SSS_IN_FOLDER_SSS_SIZE_IS_SSS,"Sicuro di ricevere il file %s nella cartella %s\nFile dimensione %s",
CONFIRM_OVERWRITE_FILE_SSS_IN_FOLDER_SSS_SIZE_IS_SSS,"Sicuro di sovrascrivere il file %s nella cartella %s\nFile dimensione %s",
SENDING_SSS,"Invio %s...",
RECEIVING_SSS,"Ricezione %s...",
SEND_MODEL,"Invia modello",
RECEIVE_MODEL,"Ricevi modello",
ARE_YOU_USING_A_FRSKY_SELF_STAB_RECEIVER,"Stai usando una Rx stabilizzata FrSky?",
EMERGENCY,"Emergenza",
GAIN_ADJUST,"Regola Gain",
UNIT_KNOT,"nodi",
UNIT_MILLILITER_PER_PULSE,"ml/p",
UNIT_RPM,"r/m",
ASSIGN_INPUT_HINT,"Si prega di assegnare una sorgente di input per la funzione seguente",
CONFIRMATION,"Conferma",
ENABLE_XXX,"Abilita %s?",
DISABLE_XXX,"Disabilita %s?",
CONFIRMATION_BEFORE_ACTIVE,"Conferma prima di attivare",
CONFIRMATION_BEFORE_INACTIVE,"Conferma prima di disattivare",
REMOTE_NFC,"Int.Remoto NFC",
SWITCH_CHANNEL,"Canale Interruttore",
WIRELESS,"Wireless",
TIMEOUT,"Time out",
NO_ENABLED_MODULE,"Si prega di abilitare il modulo che desideri collegare al NFC",
GET_MODULE_UUID_FAILED,"Impossibile ottenere l'UUID del modulo.\nControlla lo stato del modulo!",
BIND_NFC_FAILED,"Impossibile eseguire collegamento dell'NFC con il modulo!",
PROTOCOL_NOT_SUPPORTED,"L'attuale protocollo del modulo non è supportato!",
CONFIRM_DELETE_TRIM,"Sei sicuro di voler cancellare questo trim extra?",
LEFT_STICK,"Stick Sx",
RIGHT_STICK,"Stick Dx",
ALL_MOTORS,"Tutti i motori",
SELECT,"Seleziona",
SINGLE_MOTOR,"Motore Singolo",
STICK_MOTORS,"Stick motori",
CONFIRM_DELETE_ACTION,"Sei Sicuro di voler rimuovere questa azione?",
CONFIRM_DELETE_SCREEN,"Sei Sicuro di voler rimuovere questa schermata?",
CONFIRM_DELETE_SENSOR,"Sei Sicuro di voler rimuovere questo sensore?",
FILE_ALREADY_EXISTS,"Un file con lo stesso nome già presente"
MODEL_RUNTIME,"Tempo utilizzo Modello"
RADIO_RUNTIME,"Tempo utilizzo Radio"
WAITING_FOR_SIGNAL,"Attesa Segnale..."
CONFIRM_RESET_RUNTIME,"Tempo utilizzo verrà resettato.\nSei sicuro di voler continuare?"
BANK_FM,"Bank (FM)"
EDITABLE_BANK_FM,"Bank (FM)"
