TRANSLATION_NAME,"Nederlands"
TRANSLATION_KEY,"nl"
FORMULA,"Formule"
CALCULATED_SENSOR,"Berekende Sensor"
NAME,"Naam"
DECIMALS,"Decimalen"
VALUE,"Waarde"
SENSOR_LOST_WARNING_DELAY,"Waarschuwing, sensor verloren"
WARNING_DISABLED,"Warning Disabled"
RANGE,"Bereik"
SPACE_WITH_SAMPLES," samples"
RESET,"Reset"
TELEMETRY_SENSOR,"Telemetrie sensor"
UNIT,"Eenheid"
WRITE_LOGS,"Logs Schrijven"
ID,"ID"
CENTER,"Midden"
SUBTRIM,"Subtrim"
PWM_CENTER,"PWM Center"
NORMAL,"Normaal"
EQUAL,"Equal"
UNPLUGGED,"Unplugged"
BEHAVIOUR,"Behaviour"
ADD_NEW_BEHAVIOUR,"Add a new behaviour"
ADD_EXTRA_TRIM,"Add an extra trim"
EXTRA_TRIM,"Extra trim"
SLOW_UP,"Langzaam Omhoog"
MIN,"Min"
CURVE,"Curven"
MAX,"Max"
CHANNEL,"Kanaal"
INVERTED_CHANNEL,"Inverted channel"
INVERT,"Omkeren"
SLOW_DOWN,"Langzaam Omlaag"
INVERTED,"Omgekeerd"
FLIGHT_MODES,"Vluchtmodussen"
MIX_FLIGHT_MODES_DESCRIPTION,""
MIX_NAME_DESCRIPTION,"Wijzig mixer naam"
TRIGGER_ON_CONDITION,"Trigger AAN conditie"
COMMENT,"Commentaar"
FUNCTION,"Functie"
VALUES,"Values"
ADD_NEW_VALUE,"+ Add a new value"
ACTIONS,"Actions"
ADD_NEW_ACTION,"+ Add a new action"
DURATION_HIGH,"Duur actief"
RISING_EDGE,"Opkomende EDGE"
DURING,"Tijdens"
VALUE1,"Waarde 1"
VALUE_X,"Waarde (X)"
CHECK_INTERVAL,"Controleer interval"
ACTIVE_CONDITION,"Aktieve conditie"
MIN_DURATION,"Minste duur"
MAX_DURATION,"Max duration"
DURATION_LOW,"Duur inactief"
VALUE2,"Waarde 2"
DELAY_BEFORE_ACTIVE,"Vertraging voor actief"
DURATION,"Duratie"
SOURCE_A,"Bron (A)"
TRIGGER_OFF_CONDITION,"Trigger UIT conditie"
DELAY_BEFORE_INACTIVE,"Vertraging voor inactief"
DELAY_ON_OFF,"Delay ON / OFF"
SOURCE,"Bron"
APPLICATION_ID,"Applicatie ID"
PHYSICAL_ID,"Fysiek ID"
ACTION,"Actie"
TRAINER,"Trainer"
TRAINER_MODE,"Trainer Mode"
CHANNEL_RANGE,"Kanaal Bereik"
CH,"CH"
OUTPUTS,"Uitgangen"
LAST_MODIFICATION,"Laatste Modificatie"
CLONE,"Kloon"
MODEL_MATCH,"Model ID"
MODEL_DATA_LOAD,"Model data laden"
FILE_SIZE,"Bestands grootte"
MODEL_SELECT,"Modelselectie"
NO_MODELS_DIRECTORY,"No models directory!"
ARE_YOU_SURE_YOU_WANT_TO_DELETE_THIS_MODEL,"Weet u zeker dat u dit model wilt verwijderen?"
SUCCESS,"Voltooid!"
CLONE_MODEL_SUCCESSFULLY,"Model is succesvol gekloond!"
FILENAME_TOO_LONG,"Filename too long!"
RX_STILL_ON_SELECT_ANOTHER_MODEL,"Receiver is still ON, are you sure to switch to this model?"
CONFIRM_SELECT_ANOTHER_MODEL,"Are you sure you want to select another model?"
FILE_NAME,"Bestandsnaam"
MODEL_TYPE,"Model Type"
CONFIRM,"Bevestiging"
SET_CURRENT_MODEL,"Selecteer model"
UNCATEGORIZED,"Uncategorized"
CHANGE_FOLDER,"Change Folder"
OPERATION,"Operation"
OPERATION_FAILED,"Operation failed!"
DELETE_FOLDER,"Delete Folder"
RENAME_FOLDER,"Rename Folder"
CREATE_FOLDER,"Create Folder"
CONFIRM_DELETE_FLIGHT_MODE,"Weet u zeker dat u deze vluchtmodus wilt verwijderen?"
MOVE,"Verplaats"
EDIT,"Bewerk"
ADD,"Toevoegen"
TELEMETRY_PORT,"Telem. Poort"
WARNING,"Waarschuwing"
ERRORS,"Errors"
OPTIONS,"Opties"
CONFIGURE,"Configure"
WAITING_FOR_RECEIVER,"Wachten op ontvanger..."
PIN,"Pin"
TELEMETRY,"Telemetrie"
RX_SETTINGS,"RX Instellingen"
NO_RESPONSE_FROM_RECEIVER,"Geen response van de ontvanger"
SBUS_OUT,"SBUS Out"
SBUS_IN,"SBUS In"
TELEMETRY_25_MW,"Telemetrie 25mW"
HIGH_PWM_SPEED,"Hoge PWM Snelheid"
FLIGHT_DATA_RECORDER,"Flight Data Record"
RX_HAS_NO_FLIGHT_DATA_RECORD,"Receiver has no flight data recorder."
SENSOR_CONFIG,"Gereedschap"
CONFIRM_DELETE_TIMER,"Weet u zeker dat u deze timer wilt verwijderen?"
TIMER,"Timer "
MODE,"Mode"
PASTE,"Plakken"
TIMERS,"Timers"
COPY,"Kopiëren"
NO_TIMER_HINT,"Nog geen timer. Druk op knop Toevoegen om aan te maken!"
ANTENNA,"Antenne"
POWER_HAS_BEEN_CHANGED_PLEASE_REBIND,"Vermogen is gewijzigd, bind opnieuw!"
NO_RESPONSE_FROM_MODULE,"Geen reactie van module!"
POWER,"Vermogen"
BAUDRATE,"Baudrate"
WAITING_FOR_MODULE,"Wachten op module..."
TX_SETTINGS,"TX Instellingen"
MIXES,"Mixes"
CHANNELS,"Kanalen"
FLIGHT_MODE,"Vluchtmodus"
D,"D"
CONFIRM_DELETE_MIX,"Weet u zeker dat u deze mix wilt verwijderen?"
CONFIRM_DELETE_SSS,"Are you sure you want to delete %s"
NONE,"Geen"
NO_MIX_HINT,"Nog geen Mix. Druk op knop Toevoegen om aan te maken!"
TYPE,"Type"
SHARE,"Delen"
RX,"RX"
RACING_MODE,"Race modus"
RANGE_CHECK,"Rijkwijdte test","Rijkwijdte"
EXTERNAL_MODULE,"Externe Module"
BIND_OK,"Bind OK"
BINDING_3DOTS,"Binden..."
BIND,"Bind"
FAILSAFE,"Failsafe"
INTERNAL_MODULE,"Interne Module"
SET_FAILSAFE,"Failsafe instellen"
RESET_BIND,"Reset bind"
FACTORY_RESET,"Factory reset"
RF_SYSTEM,"RF Systeem"
OWNER_REGISTRATION_ID,"Eigenaar registratie ID"
SELECT_DEVICE,"Selecteer Apparaat"
REGISTER,"Registreren"
VALID_FRAME_RATE,"VFR"
STATE,"Status"
PROTOCOL,"Protocol"
RSSI,"RSSI"
ARE_YOU_SURE_TO_RESET_THIS_RECEIVER,"Weet u zeker dat u deze ontvanger wilt resetten?"
SET,"Instellen"
EXPO,"Expo"
UNIT_POINTS_COUNT,"Punten"
WEIGHT,"Gewicht"
POINTS,"Punten"
OFFSET,"Offset"
AUTO_OFFSET,"Auto offset"
OFFSET_WHEN_ACTIVE,"Offset when active"
OFFSET_WHEN_INACTIVE,"Offset when inactive"
SMOOTH,"Vloeiend"
POINT,"Punt "
POINTS_COUNT,"Aantal Punten"
EASY_MODE,"Eenvoudige Modus"
LOGIC_SWITCHES,"Logische Schakelaars"
ARE_YOU_SURE_YOU_WANT_TO_DELETE_THIS_LOGIC_SWITCH,"Weet u zeker dat u deze logische schakelaar wilt verwijderen?"
NO_LOGIC_SWITCH_HINT,"Nog geen logische schakelaar. Druk op de Toevoeg knop om aan te maken!"
START_CONDITION,"Start condition"
STOP_CONDITION,"Stop condition"
TIMER_EDIT,"Bewerk timer"
PERSISTENT,"Aanhoudend"
START_VALUE,"Start waarde","Start"
AUDIO_ACTIONS,"Audio actions"
AUDIO_ACTION,"Audio action"
ADD_A_NEW_AUDIO_ACTION,"Add a new audio action"
ALARM_VALUE,"Alarm waarde","Alarm"
HAPTIC,"Haptisch"
COUNTDOWN,"Countdown"
BEEP_COUNTDOWN,"Beep countdown"
START,"Start"
PLAY_FILE,"Play File"
SPACE_WITH_OTHERS," anderen..."
CONFIRM_DELETE_CURVE,"Weet u zeker dat u deze curve wilt verwijderen?"
CURVE_USED_BY,"Deze curve wordt gebruikt door de volgende mixers:"
AND_WITH_TWO_SPACES," en "
CURVES,"Curven"
VARS,"Vars"
NO_VAR_HINT,"No var yet. Please press the add button to create one!"
ARE_YOU_SURE_YOU_WANT_TO_DELETE_THIS_VAR,"Are you sure you want to delete this var?"
NO_CURVE_HINT,"Nog geen curve. Druk op de Toevoeg knop om aan te maken"
CONFIRM_RESET_MIXES,"Deze bewerking zorgt ervoor dat alle mixers worden gereset.\nWeet u zeker dat u wilt doorgaan?"
ELEVATORS,"Hoogteroeren"
YAW,"Yaw"
SWASH_PLATE,"Tuimelschijf"
EDIT_MODEL,"Bewerk Model"
PICTURE,"Afbeelding"
TAIL,"Stabilo"
AILERONS,"Rolroeren"
PITCH,"Pitch"
THROTTLE,"Gas"
FLAPS,"Flaps"
ENGINE,"Motor"
RUDDERS,"Richtingsroeren"
ROLL,"Roll"
FUNCTION_SWITCHES,"Functieschakelaars"
RESET_ALL_MIXES,"Reset Alle Mixers"
CREATE_CALCULATED_SENSOR,"Berekende, sensor maken"
CONFIRM_DELETE_SENSORS,"Alle sensoren worden verwijderd.\nWeet u zeker dat u wilt doorgaan?"
ON,"AAN"
OFF,"UIT"
DISCOVER_NEW_SENSORS,"Vind nieuwe sensoren"
DELETE_ALL,"Verwijder Alles"
CREATE_DIY_SENSOR,"DIY sensor maken"
CONFIRM_LOAD_ALL_SWITCH_POSITIONS,"Deze bewerking overschrijft alle controleposities van schakelaars met de huidige posities. Weet u zeker dat u wilt doorgaan?"
CHECK_FUNCTION,"Controleer functie"
LOAD_ALL_SWITCH_POSITIONS,"Alle schakelaarposities laden"
CONFIRM_LOAD_ALL_POT_POSITIONS,"Deze bewerking zal alle potmeter controleposities overschrijven met de huidige posities. Weet u zeker dat u wilt doorgaan?"
LOAD_ALL_POT_POSITIONS,"Alle potposities laden"
CALIBRATION_FINISH,"Kalibratie voltooid!"
SXR_CALIBRATION,"SxR Kalibratie"
CLICK_WHEN_DONE,"Klik als u klaar bent"
CALIBRATING,"Kalibratie actief..."
SXR_CALIBRATION_DESCRIPTION,"Beschrijving voor SxR-kalibratiefunctie"
SLAVE_CH,"Slave CH"
PERCENT,"Procent"
DESTINATION,"Bestemming"
ENABLE,"AAN"
NO_FUNCTION_HINT,"Nog geen functie. Druk op de Toevoeg knop om aan te maken"
SPECIAL_FUNCTIONS,"Speciale Functies"
SF,"SF"
DISABLE,"UIT"
ARE_YOU_SURE_YOU_WANT_TO_DELETE_THIS_SPECIAL_FUNCTION,"Weet u zeker dat u deze speciale functie wilt verwijderen?"
REGISTRATION_OK,"Registratie OK"
UID,"UID"
REGISTRATION_ID,"Registratie ID"
RX_NAME,"RX Naam"
RECEIVER_CONNECTED,"Ontvanger verbonden"
REGISTRATION,"Registratie"
TRIMS,"Trims"
FADE_IN,"Fade In"
FADE_OUT,"Fade Out"
AUTO_DETECT,"Auto Detect"
DISPLAY_DECIMALS_AND_UNIT,"Display Precisie / Unit"
SELECT_SENSOR,"Selecteer Sensor"
DIY_SENSOR,"DIY Sensor"
WAITING,"Wachten"
BAND,"Band"
RATIO,"Ratio"
MODULE,"Module"
PROTOCOL_DECIMALS_AND_UNIT,"Protocol Precisie / Unit"
CROSS_TRIM,"Kruis Trim"
MOVE_TRIM_TO_SUBTRIM,"Move trim to subtrim"
INSTANT_TRIM,"Instant trim"
CONFIRM_MOVE_TRIM_TO_SUBTRIM,"Confirm move trim to subtrim?"
MOVE_TRIMS_TO_SUBTRIMS,"Move trims to subtrims"
CONFIRM_MOVE_TRIMS_TO_SUBTRIMS,"Confirm move trims to subtrims?"
INDEPENDENT_PER_FLIGHT_MODE,"Onafhankelijke trim per vluchtmodus"
STICK,"Knuppel"
CONFIGURE_SCREENS,"Configureer Schermen"
TOP_SCREEN,"Top Screen"
CHANGE_LAYOUT,"Change Layout"
FULL_SCREEN,"Full Screen"
WIDGET,"Widget"
SET_MAIN_SCREEN,"Hoofdscherm instellen"
CONFIGURE_WIDGET,"Configureer Widget"
NEW_SCREEN,"Nieuw Scherm"
SCREEN,"Scherm "
CHANGE_WIDGET,"Wijzig Widget","Wijzig..."
MOVE_FORWARD,"← Verplaats vooruit"
MOVE_BACKWARD,"→ Verplaats terug"
RESET_FLIGHT,"Reset Vlucht"
RESET_TIMERS,"Reset Timers"
RESET_TELEMETRY,"Reset Telemetrie"
HOME,"Home"
ADD_AFTER,"Toevoegen na..."
ADD_MIX_FAILED,"Mix toevoegen mislukt!"
MAX_MIXES_REACHED,"Het maximale aantal mixen is bereikt!"
FIRST_POSITION,"Eerst positie"
MIXES_LIBRARY,"Mixer Bibliotheek"
LOCAL_ADDRESS,"Lokaal Adres"
WAITING_FOR_DEVICES,"Wachten op apparaten..."
LOCAL_NAME,"Lokale Naam"
SEARCH_DEVICES,"Apparaten zoeken"
BLUETOOTH_DEVICE_CONNECTED,"Bluetooth Apparaten verbonden"
CONNECT_LAST_DEVICE,"Laatste apparaat verbinden"
NO_BLUETOOTH_DEVICE_FOUND,"Geen Bluetooth Apparaten gevonden!"
SPEAKER_MUTE,"Luidspreker Dempem"
DISCONNECT,"Verbreken"
WAITING_FOR_DEVICE,"Wachten op verbinding"
DIST_ADDRESS,"Dist Adres"
CONNECTING,"Verbinden"
RESET_MODULE,"Reset Module"
HIGH_SPEED,"High Speed"
NORMAL_SPEED,"Normal Speed"
MODEL,"Model Config."
CHECKLIST,"Checklist"
FILE_MANAGER,"Bestandsbeheer"
SOUND,"Geluid & Vibr."
STICKS,"Knuppels"
DATE_TIME,"Datum & Tijd"
HARDWARE,"Hardware"
INFO,"Info"
SERIAL_NUMBER,"Serial number"
RESET_FACTORY_SETTINGS,"Reset factory settings"
CONFIRM_RESET_FACTORY_SETTINGS,"Reset factory settings?"
SYSTEM,"Systeem Config."
DISPLAY,"Display"
KEYBOARD,"Keyboard"
ENABLE_SLIDER,"Enable slider"
DISABLE_SLIDER,"Disable slider"
ALERTS,"Waarschuwingen"
SPECTRUM_ANALYSER,"Spektrum"
BATTERY,"Batterij"
CHECKLIST_WARNING,"Checklist Waarschuwing"
RADIO_IS_IN_SILENT_MODE,"Radio staat in stille modus"
RADIO_BATTERY_IS_LOW,"Radiobatterij is bijna leeg"
THROTTLE_IS_NOT_IDLE,"Gas niet Idle"
ARE_NOT_IN_SAFE_POSITION," staan niet in veilige positie"
IS_NOT_IN_SAFE_POSITION," staat niet in veilige positie"
FUNCTION_SWITCHES_ARE_NOT_IN_SAFE_POSITION,"Functieschakelaars staan niet in veilige stand"
FAILSAFE_IS_NOT_SET,"Failsafe niet ingesteld"
RTC_BATTERY_IS_LOW,"RTC batterij is bijna leeg"
ALWAYS_ON,"Altijd Aan"
YES,"Ja"
DIGITAL_RSSI,"Digitaal RSSI"
GYRO,"Gyro"
LANGUAGE,"Taal"
SWITCHES,"Schakelaars"
TOP_TOOLBAR,"Bovenste werkbalk"
NO,"Nee"
BRIGHTNESS,"Helderheid"
KEYS,"Toetsen"
WAKE_UP,"Wakker maken"
DIGITAL_VOLTAGE,"Digitale Voltage"
SLEEP,"Slaap"
SYSTEM_ALERTS,"Systeem Waarschuwingen"
INACTIVITY,"Inactiviteit"
AUTO_ADJUST_FROM_GPS,"Automatisch aanpassen via GPS"
DATE,"Datum"
ADJUST_RTC_SPEED,"Adjust RTC speed"
SHOW_SECONDS,"Weergave seconden"
IS24HOUR,"24-uurs tijd"
TIME_ZONE,"Tijdzone"
YEAR,"Jaar"
MONTH,"Maand"
TIME,"Tijd"
NEXT,"Volgende"
GYRO_CALIBRATION,"Gyro kalibratie"
PREV,"Vorige"
MDL_LONG,"MDL Lang"
HARDWARE_CHECK,"Hardware check"
SWITCHES_SETTINGS,"Schakelaar Instellingen"
ADC_INSPECTOR,"ADC waarde inspectie"
SYS_LONG,"SYS Lang"
HOME_KEYMAP,"Home Toetsen indeling"
POTS_SLIDERS_SETTINGS,"Pots/Schuiven Instellingen"
SWITCH_MIDDLE_DETECT_DELAY,"Schakelaar midden detectievertraging"
DISP_SHORT,"{DISP_LABEL} Kort"
DISP_LONG,"{DISP_LABEL} Lang"
SWITCH,"Schakelaar"
ANALOGS_FILTER,"Analoog filter"
ANALOGS_CALIBRATION,"Analoge kalibratie"
CONFIRM_CONTINUE,"Weet u zeker dat u door wilt gaan?"
THR_NOT_LOW_WARNING,"Gashendel staat niet in lage stand!"
CHANNELS_ORDER,"Kanaalvolgorde"
STICKS_MODE,"Knuppel Mode"
STICKS_MODE_1,"Sticks mode 1"
STICKS_MODE_2,"Sticks mode 2"
STICKS_MODE_3,"Sticks mode 3"
STICKS_MODE_4,"Sticks mode 4"
FIRST_FOUR_CHANNELS_FIXED,"Eerste vier kanalen vast"
NO_SD_CARD,"Geen SD kaart"
FLASH_BOOTLOADER,"Flash Bootloader"
FLASH_INTERNAL_MODULE,"Flash Interne Module"
PLAY,"Afspelen"
CURRENT_VERSION,"Huidige Versie"
FLASH_RECEIVER_BY_INTERNAL_MODULE_OTA,"Flash RX via int. OTA"
FLASH_RECEIVER_BY_EXTERNAL_MODULE_OTA,"Flash RX by ext. OTA"
OTA_UPDATE,"OTA Update"
FLASH_EXTERNAL_DEVICE,"Flash Extern Apparaat"
OPEN,"Open"
FLASH_EXTERNAL_MODULE,"Flash Externe Module"
FLASH_EXTERNAL_MULTIMODULE,"Flash external multimodule"
MOVE_HERE,"Verplaats hier"
OTA_UPDATE_ERROR,"OTA update fout"
UNSUPPORTED_RX,"Niet ondersteunde RX"
MAIN_VOLTAGE,"Hoofdspanning"
DISPLAY_VOLTAGE_RANGE,"Spanningsbereik weergeven"
LOW_VOLTAGE,"Spanning laag, Drempelwaarde"
RTC_VOLTAGE,"RTC Voltage"
UNKNOWN,"Onbekend"
FIRMWARE,"Firmware"
FIRMWARE_VERSION,"Firmware Versie"
VIDEO_HARDWARE_VERSION,"Video Hardware Version"
RECEIVER,"Ontvanger "
NON_STABILIZED_RECEIVER,"Non stabilized receiver"
VARIO,"Vario"
MAIN_VOLUME,"Hoofd Volume"
AUDIO_VOLUME,"Volume"
PITCH_AT_ZERO,"Pitch nul"
SEQUENCE,"Sequence"
PITCH_AT_MAX,"Pitch max"
REPEAT_AT_ZERO,"Herhalen"
FIXED_WING,"Vliegtuig"
GLIDER,"Zwever"
HELI,"Helikopter"
MULTI,"Multi"
OTHER,"Overig"
CALIBRATION,"Kalibratie"
INPUTS,"Invoer"
UPDATE,"Update"
SDCARD,"SD Card"
SDCARD_ERROR,"SD Card Fout"
INVALID_DATA,"Ongeldige data"
FILE_BAD_FORMAT,"Onbekende file"
NO_FILES_ON_SD,"Geen files op SD!"
READ_ERROR,"Lees fout"
WRITE_ERROR,"Schrijf fout"
WRONG_HEADER,"Verkeerde header"
WRONG_FORMAT,"Verkeerd formaat"
WRONG_CRC,"CRC Fout"
WRONG_FILE_SIZE,"Verkeerde file grootte"
WRONG_FILE,"Verkeerde file"
ERROR,"Foutmelding"
RUDDER,"Richtingsroer"
ELEVATOR,"Hoogteroer"
DELETE,"Verwijder"
MODEL_BITMAP,"Model Bitmap"
TAIL_TYPE,"Stabilo type"
TRADITIONAL,"Traditioneel"
VTAIL,"V-Staart"
REVERSE,"Omkeren"
RATE,"Rate"
UP,"Omhoog"
DOWN,"Omlaag"
RIGHT,"Right"
LEFT,"Left"
TOP,"Top"
BOTTOM,"Bottom"
TIMER_UP,"Op"
TIMER_DOWN,"Neer"
LIMIT,"Limiet"
SPEED,"Snelheid"
SET_DATE,"Datum instellen"
SET_TIME,"Tijd instellen"
SILENT_MODE,"Stilte modus"
KEY,"Toets"
ALARM,"Alarm"
TRIM,"Trim"
SETUP_CHANNEL,"Kanaal instellen"
LOGIC_SWITCH,"Logische Schakelaar"
CREATE_MODEL,"Model Aanmaken"
CANCEL,"Annuleren"
DELAY,"Vertraging"
SAVE,"OPSLAAN"
LS,"LS"
FS,"FS"
OP,"OP"
TRAINER_MASTER,"Master"
TRAINER_SLAVE,"Slave"
LINK_MODE,"Link Modus"
TRAINEE_CHANNEL,"Student Channel"
SUNDAY,"Zondag"
MONDAY,"Maandag"
TUESDAY,"Dinsdag"
WEDNESDAY,"Woensdag"
THURSDAY,"Donderdag"
FRIDAY,"Vrijdag"
SATURDAY,"Zaterdag"
JANUARY,"Januari"
FEBRUARY,"Februari"
MARCH,"Maart"
APRIL,"April"
MAY,"Mei"
JUNE,"Juni"
JULY,"Juli"
AUGUST,"Augustus"
SEPTEMBER,"September"
OCTOBER,"Oktober"
NOVEMBER,"November"
DECEMBER,"December"
RECEIVER_TYPE,"Ontvanger Type"
BACK,"Terug"
INTERNAL,"Intern"
EXTERNAL,"Extern"
RF_PROTOCOL,"RF Protocol"
EXTERNAL_RF,"Externe RF"
LOGIC_SWITCH_RANGE,"Bereik"
PLAY_SEQUENCE,"Track Afspelen"
WAIT_DURATION,"Wait duration"
WAIT_CONDITION,"Wait condition"
CONFIRM_DELETE_LINE,"Are you sure you want to delete this line?"
ADD_A_NEW_LINE_IN_SEQUENCE,"Add a new line in sequence"
PLAY_TEXT,"Play text"
GO_TO_SCREEN,"Go to screen"
LOCK_TOUCHSCREEN,"Lock touchscreen"
BLANK,"Blanco"
CALIBRATE,"Kalibreren"
CLICK_CALIBRATE_TO_START,"Klik 'Kalibreren' om te starten"
CENTER_STICKS_POTS_SLIDERS_AND_CLICK_NEXT,"Centreer de knuppels/potmeters/schuiven, klik op 'Volgende' wanneer klaar"
MOVE_STICKS_POTS_SLIDERS_AND_CLICK_NEXT,"Beweeg de knuppels/potmeters/schuiven naar max. bereik, klik dan op 'Volgende'"
CALIBRATION_COMPLETE_CLICK_CONFIRM_TO_STORE,"Kalibratie voltooid, klik 'Bevestigen' om op te slaan in de radio-instellingen"
BACKLIGHT,"BackLight"
DARK_MODE,"Dark Mode"
HIGHLIGHT_COLOR,"Highlight Color"
MODEL_NAME,"Naam"
NO_AIRBRAKES,"Geen airbrakes"
SWR,"SWR"
CURRENT,"Stroom"
VFAS,"VFAS"
TEMPERATURE_2,"Temp2"
TEMPERATURE_1,"Temp1"
FUEL,"Brandstof"
ACCX,"AccX"
ACCY,"AccY"
ACCZ,"AccZ"
GPS_ALT,"GPS Alt"
GPS_SPEED,"GPS Speed"
GPS_COURSE,"GPS Course"
AIR_SPEED,"Air Speed"
BATTERY_1_VOLTAGE,"Bat1 Voltage"
BATTERY_1_CURRENT,"Bat1 Current"
BATTERY_2_VOLTAGE,"Bat2 Voltage"
BATTERY_2_CURRENT,"Bat2 Current"
RBOX_STATE_1,"RBOX S1"
RBOX_STATE_2,"RBOX S2"
BATTERY_1_CONSUMPTION,"Bat1 Cons."
BATTERY_2_CONSUMPTION,"Bat2 Cons."
SD1_CHANNEL,"SD1CH"
ESC_VOLTAGE,"ESC Voltage"
ESC_CURRENT,"ESC Stroom"
ESC_RPM,"ESC RPM"
ESC_CONSUMPTION,"ESC Consumptie"
ESC_TEMPERATURE,"ESC Temp"
RB_OUTPUT_STATE,"Output State"
RB_CH1_A,"CH1 Current"
RB_CH2_A,"CH2 Current"
RB_CH3_A,"CH3 Current"
RB_CH4_A,"CH4 Current"
RB_CH5_A,"CH5 Current"
RB_CH6_A,"CH6 Current"
RB_CH7_A,"CH7 Current"
RB_CH8_A,"CH8 Current"
RB_CH9_A,"CH9 Current"
RB_OUTPUT_1_VOLTAGE,"Output1 Voltage"
RB_OUTPUT_2_VOLTAGE,"Output2 Voltage"
GASSUIT_TEMP1,"GASS Temp1"
GASSUIT_TEMP2,"GASS Temp2"
GASSUIT_SPEED,"GASS RPM"
GASSUIT_RES_VOL,"GASS Res. Vol."
GASSUIT_RES_PERC,"GASS Res. %"
GASSUIT_FLOW,"GASS Flow"
GASSUIT_MAX_FLOW,"GASS Max Flow"
GASSUIT_AVG_FLOW,"GASS Avg Flow"
BEC_VOLTAGE,"BEC Voltage"
BEC_CURRENT,"BEC Current"
R9M_POWER,"R9M Vermogen"
OK,"OK"
FLAP,"Flap"
AIRBRAKE,"Airbrake"
FILE,"Bestand"
FLASH_SPORT,"Flash S.port"
PLAY_VALUE,"Waarde Afspelen"
CATEGORY,"Categorie"
MEMBER,"Lid"
ANALOGS,"Analoge"
SWITCHES_POSITIONS,"Schakelposities"
TRIMS_POSITIONS,"Trim posities"
CONST_VALUE,"Const waarde"
SLIDER_LEFT,"Schuif links"
SLIDER_RIGHT,"Schuif rechts"
RIGHT_HORIZONTAL,"Rechts Horizontaal"
TRIM_RIGHT_HORIZONTAL_LEFT,"Trim RHL"
TRIM_RIGHT_HORIZONTAL_RIGHT,"Trim RHR"
RIGHT_VERTICAL,"Rechts Verticaal"
TRIM_RIGHT_VERTICAL_UP,"Trim RVU"
TRIM_RIGHT_VERTICAL_DOWN,"Trim RVD"
LEFT_VERTICAL,"Links verticaal"
TRIM_LEFT_VERTICAL_UP,"Trim LVU"
TRIM_LEFT_VERTICAL_DOWN,"Trim LVD"
LEFT_HORIZONTAL,"Links Horizontaal"
TRIM_LEFT_HORIZONTAL_LEFT,"Trim LHL"
TRIM_LEFT_HORIZONTAL_RIGHT,"Trim LHR"
TRIM_T5_LEFT,"T5 L"
TRIM_T5_RIGHT,"T5 R"
TRIM_T6_LEFT,"T6 L"
TRIM_T6_RIGHT,"T6 R"
TRIM_T5_DOWN,"T5 D"
TRIM_T5_UP,"T5 U"
TRIM_T6_DOWN,"T6 D"
TRIM_T6_UP,"T6 U"
DIFFERENTIAL,"Differentieel"
SLOW,"Slow"
MULTIPLY,"Vermenigvuldigen"
WEIGHT_UP,"Gewicht Omhoog"
WEIGHT_DOWN,"Gewicht Omlaag"
OUTPUT,"Uitgang "
CLOSE,"Sluiten"
FLASHING,"Bezig met flashen..."
RESET_DEVICE,"Apparaat reset..."
LOW_BATTERY,"Radio batterij laag!"
VOLTAGE_CALIBRATION,"Voltage Calibratie"
STARTING_MODEL_WIZARD,"Modelwizard starten..."
RADIO_DATA_LOAD,"Radio data laden"
DEFAULT_SYSTEM_SETTINGS_RESTORED,"Opslagfout, standaard systeeminstellingen hersteld."
FLIGHT_MODE_SHORT,"FM"
PREFLIGHT_WARNING,"Preflight waarschuwingen"
NEW_MODEL,"Nieuw model"
STARTING_CALIBRATION,"Kalibratie starten..."
NO_SD_CARD_WARNING,"Geen SD kaartwaarschuwing"
ADD_CURVE_ERROR,"Toevoegen van curve mislukt!"
STEP,"Stap"
AILERON,"Rolroer"
SPACE_WITH_CHANNEL," kanaal"
QUESTION_SWAP_SSS_AND_SSS_CHANNELS_SETTINGS,"Wil je %s en %s kanaalinstellingen omwisselen?"
INPUT,"Ingang"
ELE_TO_AIL,"Hgt => Rol"
THR_CURVE,"Gas Curve"
PITCH_CURVE,"Pitch Curve"
THROTTLE_CUT,"Gas Cut"
AIL_TO_RUD,"Rol => Ri"
ELE_TO_CAMBER,"Hoog => Camber"
RUD_TO_AIL,"Ri => Rol"
RUD_TO_ELE,"Ri => Hoog"
AIL_TO_FLAPS,"Rol => Flaps"
FLAPS_TO_ELE,"Flaps => Hoog"
FREE_MIX,"Vrije Mix"
SNAP_ROLL,"Snap Roll"
TEST_MIX,"Test Mix"
DELAY_UP,"Vertraging Omhoog"
DELAY_MID,"Vertraging Mid"
DELAY_DOWN,"Vertraging Omlaag"
NO_DELAY,"Geen Vertraging"
V_TAIL,"V Staart"
DATA_REFUSED,"Data gewijgerd"
DEVICE_NOT_RESPONDING,"Apparaat reageerd niet"
NO_OUTPUT,"Geen uitvoer"
WEIGHT_RATES,"Gewichten / Rate"
OTHERWISE,"Otherwise"
AUTO,"Auto"
TRIM_STEP_FINE,"Fijn"
TRIM_STEP_COARSE,"Ruw"
TRIM_STEP_EXPONENTIAL,"Exponentieel"
TRIM_STEP_EXTRA_FINE,"Extra Fijn"
TRIM_STEP_MEDIUM,"Medium"
TRIM_STEP_CUSTOM,"Aangepast"
SCREENSHOT,"Schermafbeelding"
SILENT,"Stil"
ALARMS_ONLY,"Alleen Alarm"
OFTEN,"Vaak"
ALWAYS,"Altijd"
NEVER,"Never"
WHEN_TELEMETRY_STREAMING,"When telemetry streaming"
VOICE1,"Voice 1 (Main)"
VOICE2,"Voice 2"
VOICE3,"Voice 3"
NEGATIVE,"Negatief"
POSITIVE,"Positief"
THROTTLE_HOLD,"Gas Vasthouden"
TRIGGER_VALUE,"Trigger waarde"
IDLE_OUTPUT_VALUE,"Idle Uitgangswaarde"
LOW_POSITION_TRIM,"Lage positie trim"
AND,"AND"
OR,"OR"
XOR,"XOR"
SENSORS,"Sensoren"
VARIOMETER,"Variometer"
ALARMS,"Alarmen"
SENSOR,"Sensor"
RX_BATT,"RxBatt"
RX_CURRENT,"RxCurrent"
ALTITUDE,"Hoogte"
VSPEED,"VSnelheid"
SELECT_LANGUAGE,"Select Language"
ONCE,"Eenmaal"
FLIGHT_DATA,"Vlucht data"
ALL_TIMERS,"Alle timers"
WHOLE_TELEMETRY,"Alle telemetry"
REPEAT,"Herhalen"
WAV_FILE,"Wav file"
BUTTERFLY,"Butterfly"
CAMBER,"Camber"
PITCH_TO_RUD,"Pitch => Ri"
MISSING_BASIC_MIX,"Basis Mixer ontbreekt"
MISSING_ENOUGH_CHANNEL,"Er zijn niet genoeg kanalen beschikbaar"
NOT_SUIT_FOR_THIS_MODEL,"Deze mixer is niet geschikt voor uw model"
THR_TO_ELE,"Gas => Hgt"
THR_TO_RUD,"Gas => Rud"
TEMPERATURE,"Temperatuur"
DATA_RATE,"Data Rate"
GPS,"GPS"
GAS_SUITE,"Gas Suite"
FLOW_RESET,"Flow reset"
CDI_OFF_SPEED_LIMIT,"CDI off speed limit"
FLOW_PULSE,"Flow Pulse"
AUTO_RESET,"Auto Reset"
RESET_RESIDUAL_VOLUME,"Reset residual volume"
RESET_MAX_FLOW,"Reset max flow"
RESET_AVERAGE_FLOW,"Reset average flow"
VOLUME_ALARM,"Volume Alarm"
MAX_FLOW_ALARM,"Max Flow Alarm"
OVER_SPEED_ALARM,"Over speed alarm"
FLOW_TRIGGER,"Flow Trigger"
FACTORY_SETTING,"Fabrieks Instelling"
OVER_TEMP1_ALARM,"Over temp1 alarm"
OVER_TEMP2_ALARM,"Over temp2 alarm"
TEMPERATURE_UNIT,"Temp Graden"
AUTO_SAVE,"Auto Save"
GPS_POSITION_DATA_RATE,"GPS Positie Data Rate"
GPS_ALTITUDE_DATA_RATE,"GPS Hoogte Data Rate"
GPS_SPEED_DATA_RATE,"GPS Snelheid Data Rate"
GPS_COURSE_DATA_RATE,"GPS Koers Data Rate"
GPS_TIME_DATA_RATE,"GPS Tijd Data Rate"
RB_30_40,"RB 30/40"
EW,"OW"
NS,"NZ"
DEFAULT_FLIGHT_MODE,"Standaard Vluchtmode"
SKIP_ON_STARTUP,"Overslaan bij opstarten"
LOW_VALUE_WARNING,"Waarschuwing lage waarde"
CRITICAL_VALUE,"Kritische waarde"
UPGRADE_MODULE,"Upgrade module"
AUTHENTICATION_FAILURE,"Authenticatie fout"
MODULE_NEEDS_UPGRADE,"Module upgrade nodig"
CLEAR,"Wis"
MIX_SWITCH_DESCRIPTION,"Selecteer een schakelaar om de actieve/inactieve status van de mixer te wijzigen"
MIX_WEIGHT_DESCRIPTION,"De vermenigvuldiger in % toegepast op een inkomende bron om de uitgangswaarde van de mixer te bepalen. Dit wordt berekend na de curve"
MIX_CURVE_DESCRIPTION,"Kies een curve voor de mixer. Dit wordt berekend vóór het parametergewicht"
MIX_DIFFERENTIAL_DESCRIPTION,"Selecteer de hoeveelheid differentiële beweging voor kanalen"
MIX_OUTPUT_DESCRIPTION,"Selecteer het kanaal dat u door deze mixer wilt laten beïnvloeden"
MIX_INPUT_DESCRIPTION,"Selecteer de besturingsbron van deze mixer"
MIX_OPERATION_DESCRIPTION,"Selecteer functietype voor mixer: Toevoegen, Vermenigvuldigen of Vervangen"
MIX_REVERSE_DESCRIPTION,"Besturingsrichting omkeren"
MIX_OFFSET_DESCRIPTION,"Selecteer de hoeveelheid offset vanaf het midden"
MIX_WEIGHTUP_DESCRIPTION,"Selecteer de hoeveelheid beweging omhoog"
MIX_WEIGHTDOWN_DESCRIPTION,"Selecteer de hoeveelheid beweging naar beneden"
MIX_SPEEDUP_DESCRIPTION,"Selecteer de hoeveelheid versnellen"
MIX_SPEEDDOWN_DESCRIPTION,"Selecteer de hoeveelheid snelheid omlaag"
MIX_LOWPOSTRIM_DESCRIPTION,"Alleen trimmen lage positie inschakelen"
HELI_PITCH,"Pitch"
HELI_GYRO,"Gyro"
MISSING_THROTTLE,"Uw model heeft geen Gas kanalen"
SIX_POSITIONS_SWITCH,"6-POS-schakelaar"
GYRO_X_AXIS,"Gyro X-as"
GYRO_Y_AXIS,"Gyro Y-as"
AILERON_LETTER,"A"
RUDDER_LETTER,"R"
ELEVATOR_LETTER,"E"
THROTTLE_LETTER,"T"
NOT,"NOT"
STICKY,"Sticky"
EDGE,"EDGE"
MIDDLE,"Midden"
NO_CHECK,"Geen controle"
CUSTOM,"Aangepast"
HOLD,"Vasthouden"
NO_PULSES,"Geen Pulsen"
NOT_SET,"Niet ingesteld"
NO_ENGINE,"Geen motor"
NO_FLAPS,"Geen flaps"
NO_RUDDERS,"Geen Richtingsroeren"
NO_ELEVATORS,"Geen Hoogteroeren"
NO_AILERONS,"Geen Rolroeren"
CHANNELS_1,"1 kanaal"
CHANNELS_2,"2 kanalen"
CHANNELS_3,"3 kanalen"
CHANNELS_4,"4 kanalen"
BEEP,"Piep"
IN_RANGE,"binnen bereik"
REPLACE,"Vervangen"
USE_A_SOURCE,"Gebruik een bron"
CONVERT_TO_VALUE,"Converteren naar waarde"
SPECIAL,"Speciaal"
MAXIMUM,"Maximaal"
MINIMUM,"Minimaal"
MOMENTARY,"Schakelen"
TWO_POS,"2-POS"
THREE_POS,"3-POS"
GYRO_CALIBRATION_PLACE_LEVEL,"Plaats radio Waterpas en klik op de onderstaande knop als u klaar bent"
GYRO_CALIBRATION_LEFT,"Kantel de radio naar LINKS en klik op de onderstaande knop als u klaar bent"
GYRO_CALIBRATION_RIGHT,"Kantel de radio naar RECHTS en klik op de onderstaande knop als u klaar bent"
GYRO_CALIBRATION_NOSE_UP,"Kantel radio SCHUIN OMHOOG en klik op de onderstaande knop als u klaar bent"
GYRO_CALIBRATION_NOSE_DOWN,"Kantel radio SCHUIN OMLAAG en klik op de onderstaande knop als u klaar bent"
DEFAULT,"Standaard"
STRENGTH,"Sterkte"
AM,"AM"
PM,"PM"
PLAY_VARIO,"Vario afspelen"
RF_ALWAYS_OFF,"Speciale modus, RF is altijd UIT."
STAB_FUNC,"Stabiele function"
RX_PROTOCOL,"RX protocol"
NO_MAP,"Geen map"
DIRECTION,"Richting"
CLOCKWISE,"Met de klok mee"
ANTICLOCKWISE,"Tegen de klok in"
PWM_PULSE_TYPE,"PWM pulse type"
BASIC_CONFIG,"Basis configuratie"
RX1_MAP,"RX1 Map"
RX2_MAP,"RX2 Map"
RX3_MAP,"RX3 Map"
ALL_FREQUENCY,"Alle frequenties"
STICKS_NAME,"Knuppel namen"
CHANNELS_COUNT,"Aantal kanalen"
EXT,"Ext"
INT,"Int"
PLACE_RECEIVE_LEVEL,"Plaats uw ontvanger horizontaal,\nmet de bovenkant naar boven."
PLACE_RECEIVE_LEVEL_REVERSE,"Plaats uw ontvanger horizontaal,\nmet de bovenkant naar beneden."
PLACE_RECEIVE_LEFT,"Plaats je ontvanger verticaal,\npinnen omhoog."
PLACE_RECEIVE_RIGHT,"Plaats uw ontvanger verticaal,\npinne naar beneden."
PLACE_RECEIVE_FORWARD,"Plaats uw ontvanger leesbaar\ntext, pinnen rechts."
PLACE_RECEIVE_BACKWARD,"Plaats uw ontvanger niet leesbaar\ntext, pinnen links."
ADD_A_NEW_WEIGHT,"+ Voeg nieuw gewicht toe"
ADD_A_NEW_CURVE,"+ Voeg nieuwe curve toe"
AUDIO,"Audio"
VOICE,"Voice"
VAR,"Var"
VOLUME,"Volume"
SAVE_TO_FLASH,"Opslaan in flash"
SAVE_TO_FLASH_MESSAGE,"Alle instellingen zijn succesvol opgeslagen in flash!"
TIMER_GENERATOR,"Timer Generator"
CONFIRM_CLEAR_CHANNEL_DDD_NAME,"Kanaal %d wordt niet gebruikt door een Mix.\nWil je de naam wissen?"
EDIT_SSS,"%s Bewerken"
RESET_SSS,"%s Reset"
OPTIONS_3DOTS,"Opties..."
QUESTION_COPY_CHANNEL_NAME,"Het kanaal heeft geen naam.\nWilt u de naam van de mixer naar het kanaal kopiëren?"
FLY_BAR_LESS,"Flybarless"
WING_RUD_ELE_AIL,"Vleugel Ri Hgt Rol"
WING_FLYING,"Vleugel Delta Rol/ Vleugel vliegende"
WING_VTAIL_AIL,"Vleugel V-Staart Rol"
LEVEL,"Vlak"
LEVEL_REVERSED,"Vlak Reversed"
UPRIGHT,"Rechtop"
UPRIGHT_REVERSED,"Rechtop gedraaid"
WING_TYPE,"Vleugel Type"
MOUNTING_TYPE,"Bevestings Type"
SXR_ENABLE,"SXR Ingeschakeld"
AIL_INVERTED,"Rol Omgedraaid"
AIL2_INVERTED,"Rol2 Omgedraaid"
ELE_INVERTED,"Hgt Omgedraaid"
ELE2_INVERTED,"Hgt2 Omgedraaid"
RUD_INVERTED,"Ri Omgedraaid"
AUX1_ENABLE,"AUX1 Ingeschakeld"
AUX2_ENABLE,"AUX2 Ingeschakeld"
QUICK_MODE,"Quick Mode"
SELF_CHECK,"Self Check"
STAB_GAIN_OF_AIL,"Stabilisatie Gain van Rol"
STAB_GAIN_OF_ELE,"Stabilisatie Gain van Hgt"
STAB_GAIN_OF_RUD,"Stabilisatie Gain van Rud"
AUTO_LEVEL_GAIN_OF_AIL,"Auto Level Gain van Rol"
AUTO_LEVEL_GAIN_OF_ELE,"Auto Level Gain van Hgt"
HOVER_GAIN_OF_ELE,"Hover Gain van Hgt"
HOVER_GAIN_OF_RUD,"Hover Gain van Rud"
KNIFE_EDGE_GAIN_OF_AIL,"Knife-edge Gain van Rol"
KNIFE_EDGE_GAIN_OF_RUD,"Knife-edge Gain van Rud"
AUTO_LEVEL_OFFSET_OF_AIL,"Auto Level Offset Hoek van Rol"
AUTO_LEVEL_OFFSET_OF_ELE,"Auto Level Offset Hoek van Hgt"
HOVER_OFFSET_ANGLE_OF_ELE,"Hover Offset Hoek van Hgt"
HOVER_OFFSET_ANGLE_OF_RUD,"Hover Offset Hoek van Rud"
KNIFE_EDGE_OFFSET_OF_AIL,"Knife-edge Offset Hoek van Rol"
KNIFE_EDGE_OFFSET_OF_RUD,"Knife-edge Offset Hoek van Rud"
OUTPUT_VOLTAGE,"Uitgangs voltage"
LIPO_VOLTAGE,"Lipo Voltage"
RB_10_20,"RB 10/20"
ALTITUDE_DATA_RATE,"Hoogte Data Rate"
VARIO_DATA_RATE,"Vario Data Rate"
CURRENT_DATA_RATE,"Stroom Data Rate"
VOLTAGE_DATA_RATE,"Voltage Data Rate"
RPM,"RPM"
POLES_COUNT,"Aantal Polen"
NEED_FIRMWARE_UPDATE,"Heeft firmware update nodig"
SYSTEM_VALUE,"Systeem Waarde"
GPS_CLOCK,"GPS Tijd"
RACING_MODE_ACTIVE,"Race modus aktief."
RACING_MODE_IS_UNSUPPORTED,"Race-modus wordt niet ondersteund."
POTS_SLIDERS,"Pots / Schuiven"
STICKS_POTS_SLIDERS,"Knuppels / Pots / Schuiven"
WRITE_INTERVAL,"Schrijf interval"
TX_BATT,"TxBatt"
AVERAGE,"Gemiddeld"
TOTALIZE,"Totaliseren"
CELL,"Cell"
CONSUMPTION,"Consumptie"
DISTANCE,"Afstand"
FALLING_EDGE_OF_SSS_BETWEEN_SSS_AND_SSS,"↑↓Pulse van %s tussen %s en %s"
RISING_EDGE_OF_SSS_DURING_SSS,"%s na ↑EDGE van %s"
FALLING_EDGE_OF_SSS_DURING_SSS,"↓EDGE van %s tijdens %s"
FALLING_EDGE_OF_SSS,"↓EDGE van %s"
RISING_EDGE_OF_SSS,"↑EDGE van %s"
STALL,"Stall"
EDITABLE_SRV_DDD_CURR,"SRV%d Stroom"
EDITABLE_SRV_DDD_VOLT,"SRV%d Spanning"
EDITABLE_SRV_DDD_TEMP,"SRV%d Temp"
EDITABLE_SRV_DDD_STATUS,"SRV%d Status"
CONDITION,"Conditie"
TIMER_LOGS,"Timer Logs"
SAVE_TO_SD,"Opslaan op SD"
CLEAR_LOGS,"Logboeken wissen"
TITLE,"Titel"
LOWEST,"Laagste"
COUNT,"Aantal"
HIGHEST,"Hoogste"
BLADES,"Bladen"
MAINGEAR_TEETH,"Hoofd tandw. tanden"
PINION_TEETH,"Pinion tanden"
GEAR,"Tandwiel"
PROPELLER,"Propeller"
FLIGHT_VALUE,"Vlucht waarde"
CURRENT_FLIGHT_MODE,"Huidige V.M."
NO_DESTINATION,"Geen bestemming"
ENT_LONG,"ENT Lang"
RX_STILL_ON_TURN_OFF_TRANSMITTER,"Rx is nog steeds AAN, zender uitzetten?"
CONFIRM_RESET_SENSOR,"De waarde van deze sensor wordt gereset.\nWeet u zeker dat u wilt doorgaan?"
LATITUDE,"Latitude"
LONGITUDE,"Longitude"
GPS_MAP,"GPS Map"
MAP,"Map"
INTERNAL_GPS,"Interne GPS"
CLOCK,"Tijd"
TRIP,"Trip"
SYSTEM_EVENT,"Systeemgebeurtenis"
RSSI_LOW,"Rssi Laag"
TRAINER_ACTIVE,"Trainer active"
MULTIPLIER,"Vermenigvuldiger"
VERTICAL,"Vertikaal"
HORIZONTAL,"Horizontaal"
TOTAL,"Totaal"
CELLS,"Cellen"
MULTI_LIPO,"Multi LiPo"
LIPO,"LiPo"
LINE_CHART,"Lijngrafiek"
LOG_PERIOD,"Log Periode"
RESUME,"Hervat"
PAUSE,"Pauze"
AUTO_RANGE,"Automatisch bereik"
LOCK,"Vastzetten"
Xx2POS,"{HARDWARE_FUNCTION_SWITCHES} x 2-Pos"
XPOS_WITH_OFF,"{HARDWARE_FUNCTION_SWITCHES}-Pos met UIT"
XPOS,"{HARDWARE_FUNCTION_SWITCHES}-Pos"
2xXPOS,"2 x {HARDWARE_FUNCTION_SWITCHES_PER_SIDE}-Pos"
GLOBAL,"Globaal"
_2DOTS,": "
SUMMARY,"Samenvatting"
CONFIRM_STOP_USING_CURVE,"Weet u zeker dat u deze curve niet meer wilt gebruiken?"
CONFIRM_STOP_USING_RATE,"Weet u zeker dat u deze rate niet meer wilt gebruiken?"
PATTERN,"Patroon"
ROLL_ANGLE,"R.Hoek"
PITCH_ANGLE,"P.Hoek"
HYDRAULIC_PRESSURE,"H.Druk"
IGNORE_TRAINER_INPUT,"Trainer input negeren"
FULL_RANGE,"Full range"
IGNORE_RANGE,"Ignore range"
HALF_RANGE,"Half range"
LAST_POSITION,"Laatste Positie"
SLEEP_BRIGHTNESS,"Helderheid, Slaap modus"
TOP_LCD_SLEEP,"Top LCD Sleep"
VIEW_PER_CHANNEL,"Bekijk per kanaal"
VIEW_TABLE,"Bekijk Tabel"
GENERAL,"Algemeen"
RX_STILL_ON_TURN_OFF_RF,"Ontvanger is nog verbonden.\nWeet u zeker dat u door wilt gaan?"
LOAD_ALL_FUNCTION_SWITCH_POSITIONS,"Laad alle functie schakelaar posities","Laad alle FS posities"
CONFIRM_LOAD_ALL_FUNCTION_SWITCH_POSITIONS,"Deze bewerking zal alle FS-posities overschrijven met de huidige. Weet u zeker dat u door wilt gaan?"
STORAGE_LOCATION,"Storage location"
RADIO,"Radio"
MODELS,"Models"
USER_BITMAPS,"User Bitmaps"
SCRIPTS,"Scripts"
LOGS,"Logs"
SCREENSHOTS,"Screenshots"
PRESSURE,"Pressure"
COLOR,"Color"
CONFIRM_CLEAR_CHANNELS_SSS_NAME,"There are no mixers using channel %s. Do you want to clear the name of these channels?"
CHANNEL_SBUS_VALUE_LIMIT_WARNING,"The new channel value is incompatible with SBUS/redundancy use. Are you sure you want to continue?"
VOLTAGE,"Voltage"
SAVE_TO_FILE,"Save to File"
FLASH_VIDEO_COMPONENT,"Flash Video Component"
RX_BAT_VOLTAGE,"RX Battery Voltage"
RX_BAT_2_VOLTAGE,"RX Battery 2 Voltage"
EXT_ADC_VOLTAGE,"Extern ADC Voltage"
BOARD_CURRENT,"Board Current"
POWER_ON_RESET,"Power On Reset"
PIN_RESET,"Pin Reset"
WAKE_UP_RESET,"Wake Up Reset"
WATCHDOG_RESET,"Watchdog Reset"
LOCKUP_RESET,"Lockup Reset"
BROWN_DOWN_DET_RESET,"Brown Down Detection Reset"
RX_RESET_CASE,"RX Reset Case"
OPERATION_ASSIGN,"Assign(=)"
OPERATION_ADD,"Add(+)"
OPERATION_SUBTRACT,"Subtract(-)"
OPERATION_MULTIPLY,"Multiply(*)"
OPERATION_DIVIDE,"Divide(/)"
OPERATION_MIN,"Min"
OPERATION_MAX,"Max"
REPURPOSE,"Repurpose"
SENSOR_CONFLICT_WARNING,"Sensor Conflict Warning"
NIGHTLY_BUILD_NOT_FOR_FLYING,"Nightly build, not for flying!"
READING_FILE,"Reading file ..."
NOT_ENOUGH_MEMORY,"Not enough memory"
CLEAN_LOGS,"Clean logs"
CONFIRM_CLEAN_LOGS,"This operation will remove all the .csv files under the directory. Are you sure you want to continue?"
CLEANING_LOGS,"Cleaning logs ..."
PAUSE_CONDITION,"Pause condition"
RESET_SETTINGS,"Reset settings"
SWAP_CHANNELS,"Swap channels"
CONFIRM_RESET_SETTINGS,"The settings will be reset to the default values.\nAre you sure you want to continue?"
CONFIRM_SWITCH_EXTERNAL_MODULE,"External module is now used. It will be stopped.\nAre you sure you want to continue?"
CONFIRM_SWITCH_TRAINER,"Trainer is now using the external module. It will be stopped.\nAre you sure you want to continue?"
COMPETITION_OPTION,"Competition (only RSSI and Battery)","Competition (RSSI / Batt)"
CONFIRM_BLUETOOTH_USED_BY_SSS,"Bluetooth is now used by %s. It will be stopped.\nAre you sure you want to continue?"
BOTH_MODULES,"Both modules"
SPORT_CONNECTOR,"S.Port connector"
CONFIRM_SPORT_USED_BY_SSS,"S.Port connector is now used by %s. Are you sure you want to continue?"
TRAINER_CABLE,"Trainer Cable"
BLUETOOTH,"Bluetooth"
SBUS_EXTERNAL_MODULE,"SBUS External Module"
CPPM_EXTERNAL_MODULE,"CPPM External Module"
LUA_TASKS,"Lua Tasks"
LUA_SOURCES,"Lua Sources"
MISSING_SCRIPT_FILE,"Missing script file"
BITMAP,"Bitmap"
BITMAP_TYPE,"Bitmap type"
BITMAP_FILE,"Bitmap file"
FILE_PATH,"File path"
TEXT,"Text"
DOCUMENTS,"Documents"
TELEMETRY_ACTIVE,"Telemetry Active"
FLIGHT_RESET,"Flight reset"
THROTTLE_ACTIVE,"Throttle Active"
USB_MODE_PRESELECTION,"USB Mode Preselection"
USB_MODE,"USB Mode"
JOYSTICK,"Joystick"
SERIAL,"Serial"
SELECT_MODEL_AT_POWER_ON,"Select model at power on"
LOAD_MODEL,"Load model"
COUNTING_SOURCE,"Proportional timing source"
SEND_FILE,"Send file"
FILE_TRANSFER,"File transfer"
RECEIVE_FILE_HERE,"Receive file here"
WAITING_FOR_CONNECTION,"Waiting for connection"
WAITING_FOR_RECEIVER_CONFIRMATION,"Waiting for receiver confirmation..."
FILE_TRANSFER_FAILED,"File transfer failed"
CONFIRM_RECEIVE_FILE_SSS_IN_FOLDER_SSS_SIZE_IS_SSS,"About to receive file %s to folder %s\nFile size is %s"
CONFIRM_OVERWRITE_FILE_SSS_IN_FOLDER_SSS_SIZE_IS_SSS,"About to overwrite file %s in folder %s\nFile size is %s"
SENDING_SSS,"Sending %s..."
RECEIVING_SSS,"Receiving %s..."
SEND_MODEL,"Send model"
RECEIVE_MODEL,"Receive model"
UNIT_KNOT,"knopen"
UNIT_MILLILITER_PER_PULSE,"ml/p"
UNIT_RPM,"r/m"
ARE_YOU_USING_A_FRSKY_SELF_STAB_RECEIVER,"Are you using a self-stab receiver from FrSky?"
ASSIGN_INPUT_HINT,"Please assign input sources for the following functions"
EMERGENCY,"Emergency"
GAIN_ADJUST,"Gain adj."
CONFIRMATION,"Confirmation"
ENABLE_XXX,"Enable %s?"
DISABLE_XXX,"Disable %s?"
CONFIRMATION_BEFORE_ACTIVE,"Confirmation before active"
CONFIRMATION_BEFORE_INACTIVE,"Confirmation before inactive"
REMOTE_NFC,"Remote NFC"
SWITCH_CHANNEL,"Switch channel"
WIRELESS,"Wireless"
TIMEOUT,"Time out"
NO_ENABLED_MODULE,"Please enable the module you want to bind with NFC"
GET_MODULE_UUID_FAILED,"Failed to get module UUID.\nPlease check your module state!"
BIND_NFC_FAILED,"Failed to bind the NFC with the module!"
PROTOCOL_NOT_SUPPORTED,"The current module protocol is not supported!"
CONFIRM_DELETE_TRIM,"Are you sure you want to delete this extra trim?"
LEFT_STICK,"Left stick"
RIGHT_STICK,"Right stick"
ALL_MOTORS,"All motors"
SELECT,"Select"
SINGLE_MOTOR,"Single motor"
STICK_MOTORS,"Stick motors"
CONFIRM_DELETE_ACTION,"Are you sure you want to remove this action?"
CONFIRM_DELETE_SCREEN,"Are you sure you want to remove this screen?"
CONFIRM_DELETE_SENSOR,"Are you sure you want to remove this sensor?"
TOOL_VERSION,"Tool version"
FILE_ALREADY_EXISTS,"A file with the same name already exists"
MODEL_RUNTIME,"Model runtime"
RADIO_RUNTIME,"Radio runtime"
WAITING_FOR_SIGNAL,"waiting for signal..."
