TRANSLATION_NAME,"Norsk"
TRANSLATION_KEY,"no"
MODEL,"Modell"
MODEL_SELECT,"Velg modell"
NO_MODELS_DIRECTORY,"Ingen modell-mappe!"
EDIT_MODEL,"Rediger modell"
FLIGHT_MODES,"FlightMode"
MIXES,"Mikser"
OUTPUTS,"Utgang"
TIMERS,"Timere"
TRIMS,"Trimmer"
RF_SYSTEM,"Sendesystem"
TELEMETRY,"Telemetri"
CHECKLIST,"Sjekkliste"
LOGIC_SWITCHES,"Logiske brytere"
SPECIAL_FUNCTIONS,"Spesialfunksjoner"
CURVES,"Kurver"
VARS,"Vars"
NO_VAR_HINT,"Ingen Var ennå. Trykk på '+' for å opprette en!"
ARE_YOU_SURE_YOU_WANT_TO_DELETE_THIS_VAR,"Er du sikker på at du vil slette denne Var-en?"
TRAINER,"Trainer"
SENSOR_CONFIG,"Konfigurer sensor"
FORMULA,"Formel"
CALCULATED_SENSOR,"Kalkulert sensor"
NAME,"Navn"
DECIMALS,"Desimaler"
VALUE,"Verdi"
SENSOR_LOST_WARNING_DELAY,"Alarm! Mistet sensor"
WARNING_DISABLED,"Alarmer skrudd av"
RANGE,"Måleområde"
SPACE_WITH_SAMPLES," målinger"
RESET,"Nullstill"
TELEMETRY_SENSOR,"Telemetri-sensor"
UNIT,"Enhet"
WRITE_LOGS,"Skriv logger"
ID,"ID"
CENTER,"Senter"
SUBTRIM,"Subtrim"
PWM_CENTER,"PWM senter"
NORMAL,"Normal"
EQUAL,"Er lik"
UNPLUGGED,"Plugget ut"
BEHAVIOUR,"Oppførsel"
ADD_NEW_BEHAVIOUR,"Legg til en ny oppførsel"
ADD_EXTRA_TRIM,"Legg til en ekstra trim"
EXTRA_TRIM,"Ekstra trim"
SLOW_UP,"Sakte opp"
MIN,"Minimum"
CURVE,"Kurve"
MAX,"Maksimum"
CHANNEL,"Kanal"
INVERTED_CHANNEL,"Reversert kanal"
INVERT,"Reverser"
SLOW_DOWN,"Sakte ned"
INVERTED,"Reverser"
MIX_FLIGHT_MODES_DESCRIPTION,""
MIX_NAME_DESCRIPTION,""
TRIGGER_ON_CONDITION,"Utløserverdi PÅ"
COMMENT,"Kommentar"
FUNCTION,"Funksjon"
VALUES,"Verdier"
ADD_NEW_VALUE,"+ Legg til en ny verdi"
ACTIONS,"Hendelser"
ADD_NEW_ACTION,"+ Legg til en ny hendelse"
DURATION_HIGH,"Høy varighet"
RISING_EDGE,"Rising Edge"
DURING,"Mellom"
VALUE1,"Verdi 1"
VALUE_X,"Verdi (X)"
CHECK_INTERVAL,"Sjekk intervall"
ACTIVE_CONDITION,"Aktiveres med"
MIN_DURATION,"Minimum varighet"
MAX_DURATION,"Maksimum varighet"
DURATION_LOW,"Lav varighet"
VALUE2,"Verdi 2"
DELAY_BEFORE_ACTIVE,"Forsinkelse før PÅ"
DURATION,"Varighet"
SOURCE_A,"Kilde (A)"
TRIGGER_OFF_CONDITION,"Utløserverdi AV"
DELAY_BEFORE_INACTIVE,"Forsinkelse før AV"
DELAY_ON_OFF,"Forsinkelse På/Av"
SOURCE,"Kilde"
APPLICATION_ID,"Program-ID"
PHYSICAL_ID,"Fysisk ID"
ACTION,"Handling"
TRAINER_MODE,"Trainer-modus"
CHANNEL_RANGE,"Antall kanaler"
CH,"CH"
LAST_MODIFICATION,"Sist endret"
CLONE,"Dupliser"
MODEL_MATCH,"Modell ID"
MODEL_DATA_LOAD,"Laster inn modell"
FILE_SIZE,"Filstørrelse"
ARE_YOU_SURE_YOU_WANT_TO_DELETE_THIS_MODEL,"Er du sikker på at du vil slette denne modellen?"
SUCCESS,"Vellykket!"
CLONE_MODEL_SUCCESSFULLY,"Vellykket kloning av modell"
FILENAME_TOO_LONG,"For langt filenavn!"
RX_STILL_ON_SELECT_ANOTHER_MODEL,"Mottaker er fortsatt PÅ! Er du sikker på at du vil bytte modell?"
CONFIRM_SELECT_ANOTHER_MODEL,"Er du sikker på at du vil velge en annen modell?"
FILE_NAME,"Filnavn"
MODEL_TYPE,"Modelltype"
CONFIRM,"Bekreft"
SET_CURRENT_MODEL,"Velg modell"
UNCATEGORIZED,"Ukategorisert"
CHANGE_FOLDER,"Bytt mappe"
OPERATION,"Operation"
OPERATION_FAILED,"Operasjon feilet!"
DELETE_FOLDER,"Slett mappe"
RENAME_FOLDER,"Endre navn på mappe"
CREATE_FOLDER,"Lag ny mappe"
CONFIRM_DELETE_FLIGHT_MODE,"Er du sikker på at du vil slette denne 'Flight Modus'en?"
MOVE,"Flytt"
EDIT,"Rediger"
ADD,"Legg til"
TELEMETRY_PORT,"Telemetri-port"
WARNING,"Advarsel"
ERRORS,"Feil"
OPTIONS,"Valg"
CONFIGURE,"Konfigurer"
WAITING_FOR_RECEIVER,"Venter på mottaker..."
PIN,"PIN"
RX_SETTINGS,"Mottakerinnstillinger"
NO_RESPONSE_FROM_RECEIVER,"Ingen respons fra mottaker"
SBUS_OUT,"SBUS Ut"
SBUS_IN,"SBUS Inn"
TELEMETRY_25_MW,"Telemetri 25mW"
HIGH_PWM_SPEED,"Høyhastighets-PWM"
FLIGHT_DATA_RECORDER,"Flight Data Recorder"
RX_HAS_NO_FLIGHT_DATA_RECORD,"Mottaker har ingen 'Flight Data Recorder'-funksjon!"
CONFIRM_DELETE_TIMER,"Er du sikker på at du vil slette denne timeren?"
TIMER,"Timer"
MODE,"Type"
PASTE,"Lim inn"
COPY,"Kopier"
NO_TIMER_HINT,"Timer mangler! Klikk på '+' for å legge til en!"
ANTENNA,"Antenne"
POWER_HAS_BEEN_CHANGED_PLEASE_REBIND,"Styrken er blitt endret. Mottaker må bindes opp på nytt!"
NO_RESPONSE_FROM_MODULE,"Ingen respons fra modulen!"
POWER,"Sendestyrke"
BAUDRATE,"Baudrate"
WAITING_FOR_MODULE,"Venter på modul..."
TX_SETTINGS,"Senderinnstillinger"
CHANNELS,"Kanaler"
FLIGHT_MODE,"FlightMode"
D,"D"
CONFIRM_DELETE_MIX,"Bekreft sletting av mikser"
CONFIRM_DELETE_SSS,"Er du sikker på at du vil slette %s"
NONE,"Ingen"
NO_MIX_HINT,"Ingen mikser! Trykk på '+' for å opprette en"
TYPE,"Type"
SHARE,"Del"
RX,"Mottaker"
RACING_MODE,"Racing Mode"
RANGE_CHECK,"Rekkeviddetest"
EXTERNAL_MODULE,"Eksternmodul"
BIND_OK,"Sammenkobling OK"
BINDING_3DOTS,"Kobler sammen..."
BIND,"Koble sammen"
FAILSAFE,"FailSafe"
INTERNAL_MODULE,"Internmodul"
SET_FAILSAFE,"Sett opp FailSafe"
RESET_BIND,"Tilbakestill sammenkobling"
FACTORY_RESET,"Tilbakestill til fabrikkinnstilling"
OWNER_REGISTRATION_ID,"Eiers Registrerings-ID"
SELECT_DEVICE,"Velg enhet"
REGISTER,"Registrer"
VALID_FRAME_RATE,"Valid Frame Rate"
STATE,"Aktiv"
PROTOCOL,"Protokoll"
RSSI,"RSSI"
ARE_YOU_SURE_TO_RESET_THIS_RECEIVER,"Er du sikker på at du vil tilbakestille denne mottakeren?"
SET,"Valg"
EXPO,"Eksponential"
UNIT_POINTS_COUNT,"Punkt"
WEIGHT,"Vekt"
POINTS,"Punkter"
OFFSET,"Forskyving"
AUTO_OFFSET,"Auto forskjøvet"
OFFSET_WHEN_ACTIVE,"Forskjøvet når linje er aktiv"
OFFSET_WHEN_INACTIVE,"Forskjøvet når linje er inaktiv"
SMOOTH,"Utjevn"
POINT,"Punkt"
POINTS_COUNT,"Antall punkter"
EASY_MODE,"Enkel modus"
ARE_YOU_SURE_YOU_WANT_TO_DELETE_THIS_LOGIC_SWITCH,"Er du sikke på at du vil slette denne logiske bryteren?"
NO_LOGIC_SWITCH_HINT,"Ingen logisk bryter! Trykk på '+' for å opprette en"
START_CONDITION,"Hva trigger 'Start'?"
STOP_CONDITION,"Hva trigger 'Stopp'?"
TIMER_EDIT,"Rediger timer"
PERSISTENT,"Permanent"
START_VALUE,"Startverdi"
AUDIO_ACTIONS,"Audio valg"
AUDIO_ACTION,"Audio valg"
ADD_A_NEW_AUDIO_ACTION,"Legg til et nytt 'Audio valg'"
ALARM_VALUE,"Alarmverdi"
HAPTIC,"Vibrering"
COUNTDOWN,"Nedtelling"
BEEP_COUNTDOWN,"Nedtellings-beep"
START,"Start"
PLAY_FILE,"Spill av lydfil"
SPACE_WITH_OTHERS," med andre..."
CONFIRM_DELETE_CURVE,"Er du sikker på at du vil slette denne kurven?"
CURVE_USED_BY,"Kurven brukes av mikser: "
AND_WITH_TWO_SPACES," og "
NO_CURVE_HINT,"Ingen kurver. Trykk på '+' for å opprette en!"
CONFIRM_RESET_MIXES,"Ønsker du å tilbakestille mikserne?"
ELEVATORS,"Høyderor"
YAW,"Yaw"
SWASH_PLATE,"Swashplate"
PICTURE,"Bilde"
TAIL,"Hale"
AILERONS,"Balanseror"
PITCH,"Pitch"
THROTTLE,"Gass"
FLAPS,"Flaps"
ENGINE,"Motor"
RUDDERS,"Sideror"
ROLL,"Roll"
FUNCTION_SWITCHES,"Funksjonsbrytere"
RESET_ALL_MIXES,"Tilbakestill alle mikserne"
CREATE_CALCULATED_SENSOR,"Lag kalkulert sensor"
CONFIRM_DELETE_SENSORS,"Alle sensorer vil bli fjernet.\nEr du sikker på at du vil fortsette?"
ON,"PÅ"
OFF,"AV"
DISCOVER_NEW_SENSORS,"Søk etter nye sensorer"
DELETE_ALL,"Slett alt"
CREATE_DIY_SENSOR,"Lag Egen Sensor"
CONFIRM_LOAD_ALL_SWITCH_POSITIONS,"Bekreft lasting av bryterposisjoner"
CHECK_FUNCTION,"Sjekk funksjon"
LOAD_ALL_SWITCH_POSITIONS,"Last inn alle bryterposisjoner"
CONFIRM_LOAD_ALL_POT_POSITIONS,"Bekreft innlasting av vribryterposisjoner"
LOAD_ALL_POT_POSITIONS,"Last inn alle vribryterposisjoner"
CALIBRATION_FINISH,"Kalibrering ferdig"
SXR_CALIBRATION,"SxR kalibrering"
CLICK_WHEN_DONE,"Ferdig"
CALIBRATING,"Kalibrerer..."
SXR_CALIBRATION_DESCRIPTION,"Kalibrering av SxR mottaker"
SLAVE_CH,"Slave kanal "
PERCENT,"Prosent"
DESTINATION,"Destinasjon"
ENABLE,"PÅ"
NO_FUNCTION_HINT,"Ingen funksjon. Trykk på '+' for å opprette en!"
SF,"SF"
DISABLE,"Deaktiver"
ARE_YOU_SURE_YOU_WANT_TO_DELETE_THIS_SPECIAL_FUNCTION,"Er du sikker på at du vil slette denne spesialfunksjonen?"
REGISTRATION_OK,"Registrering OK"
UID,"UID"
REGISTRATION_ID,"Registrer ID"
RX_NAME,"Mottakernavn"
RECEIVER_CONNECTED,"Mottaker er koblet til"
REGISTRATION,"Registrering"
FADE_IN,"Myk overgang Inn"
FADE_OUT,"Myk overgang Ut"
AUTO_DETECT,"Autooppdag"
DISPLAY_DECIMALS_AND_UNIT,"Skjermpresisjon/Enhet"
SELECT_SENSOR,"Velg Sensor"
DIY_SENSOR,"Egen Sensor"
WAITING,"Venter"
BAND,"Bånd"
RATIO,"Omfang"
MODULE,"Modul"
PROTOCOL_DECIMALS_AND_UNIT,"Protokollnøyaktighet/Enhet"
CROSS_TRIM,"Krysstrim"
MOVE_TRIM_TO_SUBTRIM,"Flytt Trim til Subtrim"
INSTANT_TRIM,"Øyeblikkelig trim"
CONFIRM_MOVE_TRIM_TO_SUBTRIM,"Bekreft å flytte Trim til Subtrim"
MOVE_TRIMS_TO_SUBTRIMS,"Flytt trimmer til 'Subtrim'"
CONFIRM_MOVE_TRIMS_TO_SUBTRIMS,"Bekreft å flytte Trimmer til Subtrimmer"
INDEPENDENT_PER_FLIGHT_MODE,"Forskjellig pr. FlightMode"
STICK,"Stikke"
CONFIGURE_SCREENS,"Oppsett av skjermer"
TOP_SCREEN,"Skjerm i toppen"
CHANGE_LAYOUT,"Endre layout"
FULL_SCREEN,"Fullskjerm"
WIDGET,"Miniprogram"
SET_MAIN_SCREEN,"Sett hovedskjerm"
CONFIGURE_WIDGET,"Konfigurer miniprogram"
NEW_SCREEN,"Ny skjerm"
SCREEN,"Skjerm"
CHANGE_WIDGET,"Endre miniprogram","Endre"
MOVE_FORWARD,"← Flytt mot venstre"
MOVE_BACKWARD,"→ Flytt mot høyre"
RESET_FLIGHT,"Nullstill Flyvning"
RESET_TIMERS,"Nullstill Timere"
RESET_TELEMETRY,"Nullstill Telemetri"
HOME,"Hjem"
ADD_AFTER,"Legg til etter..."
ADD_MIX_FAILED,"'Legg Til Mikser' feilet!"
MAX_MIXES_REACHED,"Du har nådd maks antall miksere!"
FIRST_POSITION,"Første posisjon"
MIXES_LIBRARY,"Mikser bibliotek"
LOCAL_ADDRESS,"Lokal adresse"
WAITING_FOR_DEVICES,"Venter på enhet..."
LOCAL_NAME,"Lokalt navn"
SEARCH_DEVICES,"Søk etter enheter"
BLUETOOTH_DEVICE_CONNECTED,"Blåtann-enhet tilkoblet"
CONNECT_LAST_DEVICE,"Koble til siste enhet"
NO_BLUETOOTH_DEVICE_FOUND,"Ingen Blåtann-enhet funnet!"
SPEAKER_MUTE,"Skru av høyttaler"
DISCONNECT,"Koble fra"
WAITING_FOR_DEVICE,"Venter på frakobling"
DIST_ADDRESS,"Ekstern adresse"
CONNECTING,"Kobler til"
RESET_MODULE,"Tilbakestill modul"
HIGH_SPEED,"Høy hastighet"
NORMAL_SPEED,"Normal hastighet"
FILE_MANAGER,"Filsystem"
SOUND,"Lyd"
STICKS,"Stikker"
DATE_TIME,"Dato og tid"
HARDWARE,"Maskinvare"
INFO,"Info"
SERIAL_NUMBER,"Serienummer"
RESET_FACTORY_SETTINGS,"Tilbakestill til fabrikkinnstillinger"
CONFIRM_RESET_FACTORY_SETTINGS,"Bekreft tilbakestilling til fabrikkinnstillinger"
SYSTEM,"System"
ALERTS,"Alarmer"
SPECTRUM_ANALYSER,"Frekvensanalyse"
BATTERY,"Batteri"
CHECKLIST_WARNING,"Advarsel 'Sjekkliste'!"
RADIO_IS_IN_SILENT_MODE,"Radio er i Stillemodus!"
RADIO_BATTERY_IS_LOW,"Radiobatteri har lav spenning!"
THROTTLE_IS_NOT_IDLE,"Gass er ikke satt til null!"
ARE_NOT_IN_SAFE_POSITION," er ikke i en sikker posisjon!"
IS_NOT_IN_SAFE_POSITION," er ikke i en sikker posisjon!"
FUNCTION_SWITCHES_ARE_NOT_IN_SAFE_POSITION,"Funksjonsbrytere er ikke i en sikker posisjon!"
FAILSAFE_IS_NOT_SET,"FailSafe er ikke satt!"
RTC_BATTERY_IS_LOW,"RTC-knappebatteri har lav spenning!"
DISPLAY,"Skjerm"
KEYBOARD,"Tastatur"
ENABLE_SLIDER,"Aktiver glidebryter"
DISABLE_SLIDER,"Dektiver glidebryter"
AUDIO,"Lyd"
VOICE,"Stemme"
ALWAYS_ON,"Alltid på"
YES,"Ja"
DIGITAL_RSSI,"RSSI som tall"
GYRO,"Gyro"
LANGUAGE,"Språk"
SWITCHES,"Brytere"
TOP_TOOLBAR,"Displaylinje øverst"
NO,"Nei"
BRIGHTNESS,"Lysstyrke"
KEYS,"Taster"
WAKE_UP,"Våkne"
DIGITAL_VOLTAGE,"Numerisk visning av Voltstyrke"
SLEEP,"Dvale"
SILENT,"Stille"
DEFAULT,"Grunninnstillinger"
ALARMS_ONLY,"Kun alarmer"
OFTEN,"Ofte"
ALWAYS,"Alltid"
NEVER,"Aldri"
WHEN_TELEMETRY_STREAMING,"Når telemetri overfører"
VOICE1,"Stemme 1 (Hoved)"
VOICE2,"Stemme 2"
VOICE3,"Stemme 3"
SYSTEM_ALERTS,"Alarmer"
INACTIVITY,"Alarm ved inaktivitet"
AUTO_ADJUST_FROM_GPS,"Auto-innstillinger fra GPS"
DATE,"Dato"
ADJUST_RTC_SPEED,"Juster RTC klokkehastighet"
SHOW_SECONDS,"Vis sekunder"
IS24HOUR,"24-timers format"
TIME_ZONE,"Tidssone"
YEAR,"År"
MONTH,"Måned"
TIME,"Tid"
NEXT,"Neste"
GYRO_CALIBRATION,"Kalibrér intern gyro"
PREV,"Forrige"
MDL_LONG,"Langt trykk på MDL"
HARDWARE_CHECK,"Sjekk av maskinvare"
SWITCHES_SETTINGS,"Bryterinnstillinger"
ADC_INSPECTOR,"Analog"
SYS_LONG,"Langt trykk på SYS"
HOME_KEYMAP,"Funksjon Nav.knapp Venstre"
POTS_SLIDERS_SETTINGS,"Vri-/glidebryter innstillinger"
SWITCH_MIDDLE_DETECT_DELAY,"Forsinkelse på bryter i midtposisjon"
DISP_SHORT,"Kort trykk på {DISP_LABEL}"
DISP_LONG,"Langt trykk på {DISP_LABEL}"
SWITCH,"Bryter"
ANALOGS_FILTER,"Analog filter"
ANALOGS_CALIBRATION,"Analog kalibrering"
CONFIRM_CONTINUE,"Fortsett?"
THR_NOT_LOW_WARNING,"Gasstikken er ikke i null!"
CHANNELS_ORDER,"Kanalrekkefølge"
STICKS_MODE,"Stikkemodus"
STICKS_MODE_1,"Stikkemodus 1"
STICKS_MODE_2,"Stikkemodus 2"
STICKS_MODE_3,"Stikkemodus 3"
STICKS_MODE_4,"Stikkemodus 4"
FIRST_FOUR_CHANNELS_FIXED,"De 4 første kanalene er faste"
NO_SD_CARD,"SD-kort mangler"
FLASH_BOOTLOADER,"Flash Bootloader"
FLASH_INTERNAL_MODULE,"Programmér via int.modul"
PLAY,"Spill av"
CURRENT_VERSION,"Nåværende version"
FLASH_RECEIVER_BY_INTERNAL_MODULE_OTA,"Programmér mottaker OTA med internmodul"
FLASH_RECEIVER_BY_EXTERNAL_MODULE_OTA,"Programmér mottaker OTA med eksternmodul"
OTA_UPDATE,"OTA Oppdatering"
FLASH_EXTERNAL_DEVICE,"Programmér ekstern enhet"
OPEN,"Åpne"
FLASH_EXTERNAL_MODULE,"Programmér eksternmodul"
FLASH_EXTERNAL_MULTIMODULE,"Programmér ekstern multimodul"
MOVE_HERE,"Flytt hit"
OTA_UPDATE_ERROR,"Feil ved oppdatering OTA"
UNSUPPORTED_RX,"Mottaker er ikke støttet"
MAIN_VOLTAGE,"Senderbatteri"
DISPLAY_VOLTAGE_RANGE,"Sett min/maks V for batteriikonet"
LOW_VOLTAGE,"Advarsel for lav spenning ved"
RTC_VOLTAGE,"Strømstyrke på RTC-knappebatteri"
UNKNOWN,"Ukjent"
FIRMWARE,"Firmware"
FIRMWARE_VERSION,"Firmware versjon"
VIDEO_HARDWARE_VERSION,"Video Hardware Versjon"
RECEIVER,"Mottaker"
NON_STABILIZED_RECEIVER,"Ikke en 'Stabilisert mottaker'"
VARIO,"Vario"
MAIN_VOLUME,"Hovedvolum"
AUDIO_VOLUME,"Volum"
PITCH_AT_ZERO,"Tone ved ingen stig/synk"
SEQUENCE,"Rekkefølge"
PITCH_AT_MAX,"Tone ved maks stigning"
REPEAT_AT_ZERO,"Gjentagelsesfrekvens"
FIXED_WING,"Motor/Jet"
GLIDER,"Seilfly"
HELI,"Helikopter"
MULTI,"Multirotor"
OTHER,"Annet"
CALIBRATION,"Kalibring"
INPUTS,"Innganger"
UPDATE,"Oppdater"
SDCARD,"SD-kort"
SDCARD_ERROR,"Feil på SD-kort"
INVALID_DATA,"Ugyldig data"
FILE_BAD_FORMAT,"Feil filtype"
NO_FILES_ON_SD,"Ingen filer på SD-kortet"
READ_ERROR,"Lesefeil"
WRITE_ERROR,"Skrivefeil"
WRONG_HEADER,"Feil header"
WRONG_FORMAT,"Feil format"
WRONG_CRC,"Feil CRC"
WRONG_FILE_SIZE,"Feil filstørrelse"
WRONG_FILE,"Feil fil"
ERROR,"Feil"
RUDDER,"Sideror"
ELEVATOR,"Høyderor"
DELETE,"Slett"
MODEL_BITMAP,"Bilde av modell"
TAIL_TYPE,"Type hale"
TRADITIONAL,"Tradisjonell"
VTAIL,"V-hale"
REVERSE,"Reverser"
RATE,"Rate"
UP,"Opp"
DOWN,"Ned"
RIGHT,"Høyre"
LEFT,"Venstre"
TOP,"Overside"
BOTTOM,"Underside"
TIMER_UP,"↑ Opp"
TIMER_DOWN,"↓ Ned"
LIMIT,"Grense"
SPEED,"Hastighet"
SET_DATE,"Still inn dato"
SET_TIME,"Still inn klokke"
SILENT_MODE,"Stillemodus"
KEY,"Tast"
ALARM,"Alarm"
TRIM,"Trim"
SETUP_CHANNEL,"Innstilling av kanal"
LOGIC_SWITCH,"Logisk bryter"
CREATE_MODEL,"Lag ny modell"
SAVE,"Lagre"
LS,"LS"
FS,"FS"
OP,"OP"
TRAINER_MASTER,"Lærer"
TRAINER_SLAVE,"Elev"
LINK_MODE,"Link-modus"
TRAINEE_CHANNEL,"Elev-kanal"
SUNDAY,"Søndag"
MONDAY,"Mandag"
TUESDAY,"Tirsdag"
WEDNESDAY,"Onsdag"
THURSDAY,"Torsdag"
FRIDAY,"Fredag"
SATURDAY,"Lørdag"
JANUARY,"Januar"
FEBRUARY,"Februar"
MARCH,"Mars"
APRIL,"April"
MAY,"Mai"
JUNE,"Juni"
JULY,"Juli"
AUGUST,"August"
SEPTEMBER,"September"
OCTOBER,"Oktober"
NOVEMBER,"November"
DECEMBER,"Desember"
CANCEL,"Avbryt"
DELAY,"Forsinkelse"
RECEIVER_TYPE,"Type mottaker"
BACK,"Tilbake"
INTERNAL,"Intern"
EXTERNAL,"Ekstern"
RF_PROTOCOL,"RF protokoll"
EXTERNAL_RF,"Ekstern RF"
LOGIC_SWITCH_RANGE,"Rekkevidde på logisk bryter"
PLAY_SEQUENCE,"Spill lydfil"
WAIT_DURATION,"Vente hvor lenge"
WAIT_CONDITION,"Vente på"
CONFIRM_DELETE_LINE,"Er du sikker på at du vil slette denne linjen?"
ADD_A_NEW_LINE_IN_SEQUENCE,"Legg til en ny linje i rekkefølgen"
PLAY_TEXT,"Spill tekst"
GO_TO_SCREEN,"Gå til side"
LOCK_TOUCHSCREEN,"Lås touch-skjermen(e)"
BLANK,"Slett"
CALIBRATE,"Kalibrer"
CLICK_CALIBRATE_TO_START,"Klikk 'Kalibrer' for å starte"
CENTER_STICKS_POTS_SLIDERS_AND_CLICK_NEXT,"Sentrer stikker og knotter og klikk på 'Fortsett'"
MOVE_STICKS_POTS_SLIDERS_AND_CLICK_NEXT,"Beveg alle stikker og knotter til maks utslag og klikk på 'Neste'"
CALIBRATION_COMPLETE_CLICK_CONFIRM_TO_STORE,"Kalibrering ferdig. Klikk 'Bekreft' for å lagre"
BACKLIGHT,"Bakbelysning"
DARK_MODE,"Mørk modus"
HIGHLIGHT_COLOR,"Markeringsfarge"
MODEL_NAME,"Navn"
NO_AIRBRAKES,"Ingen luftbremser"
SWR,"SWR"
CURRENT,"Strømstyrke"
VFAS,"VFAS"
TEMPERATURE_2,"Temp2"
TEMPERATURE_1,"Temp1"
FUEL,"Drivstoff"
ACCX,"AccX"
ACCY,"AccY"
ACCZ,"AccZ"
GPS_ALT,"GPS Høyde"
GPS_SPEED,"GPS Hastighet"
GPS_COURSE,"GPS Retning"
AIR_SPEED,"Hastighet"
BATTERY_1_VOLTAGE,"Batt1 Spenning"
BATTERY_1_CURRENT,"Batt1 Strømstyrke"
BATTERY_2_VOLTAGE,"Batt2 Spenning"
BATTERY_2_CURRENT,"Batt2 Strømstyrke"
RBOX_STATE_1,"RBOX S1"
RBOX_STATE_2,"RBOX S2"
BATTERY_1_CONSUMPTION,"Batt1 Forbruk"
BATTERY_2_CONSUMPTION,"Batt2 Forbruk"
BATTERY_1_TEMPERATURE,"Batt1 temp."
BATTERY_2_TEMPERATURE,"Batt2 temp."
SD1_CHANNEL,"SD1 kanal"
ESC_VOLTAGE,"ESC Volt"
ESC_CURRENT,"ESC Ampére"
ESC_RPM,"ESC Turtall"
ESC_CONSUMPTION,"ESC Forbruk"
ESC_TEMPERATURE,"ESC Temperatur"
RB_OUTPUT_STATE,"Output State"
RB_CH1_A,"CH1 Strømstyrke"
RB_CH2_A,"CH2 Strømstyrke"
RB_CH3_A,"CH3 Strømstyrke"
RB_CH4_A,"CH4 Strømstyrke"
RB_CH5_A,"CH5 Strømstyrke"
RB_CH6_A,"CH6 Strømstyrke"
RB_CH7_A,"CH7 Strømstyrke"
RB_CH8_A,"CH8 Strømstyrke"
RB_CH9_A,"CH9 Strømstyrke"
RB_OUTPUT_1_VOLTAGE,"Output1 Spenning"
RB_OUTPUT_2_VOLTAGE,"Output2 Spenning"
GASSUIT_TEMP1,"GASS Temp1"
GASSUIT_TEMP2,"GASS Temp2"
GASSUIT_SPEED,"GASS Turtall"
GASSUIT_RES_VOL,"GASS Vol. Res."
GASSUIT_RES_PERC,"GASS Res. %"
GASSUIT_FLOW,"GASS gjennomstrømning"
GASSUIT_MAX_FLOW,"GASS maks gjennomstrømning"
GASSUIT_AVG_FLOW,"GASS gjennomsnittlig gjennomstrømning"
BEC_VOLTAGE,"BEC Spenning"
BEC_CURRENT,"BEC Strømstyrke"
R9M_POWER,"Strømstyrke R9M"
OK,"OK"
FLAP,"Flaps"
AIRBRAKE,"Luftbremser"
FILE,"Fil"
FLASH_SPORT,"Programmér via S.Port"
PLAY_VALUE,"Spill verdi"
CATEGORY,"Kategori"
MEMBER,"Kilde"
ANALOGS,"Analoge knapper"
SWITCHES_POSITIONS,"Bryterposisjoner"
TRIMS_POSITIONS,"Trimposisjoner"
CONST_VALUE,"Konstant verdi"
SLIDER_LEFT,"Glidebryter venstre"
SLIDER_RIGHT,"Glidebryter høyre"
RIGHT_HORIZONTAL,"Høyre horisontal"
TRIM_RIGHT_HORIZONTAL_LEFT,"Trim høyre horisontal venstre"
TRIM_RIGHT_HORIZONTAL_RIGHT,"Trim høyre horisontal høyre"
RIGHT_VERTICAL,"Høyre vertikal"
TRIM_RIGHT_VERTICAL_UP,"Trim høyre vertikal opp"
TRIM_RIGHT_VERTICAL_DOWN,"Trim høyre vertikal ned"
LEFT_VERTICAL,"Venstre vertikal"
TRIM_LEFT_VERTICAL_UP,"Trim venstre vertikal opp"
TRIM_LEFT_VERTICAL_DOWN,"Trim venstre vertikal ned"
LEFT_HORIZONTAL,"Venstre horisontal"
TRIM_LEFT_HORIZONTAL_LEFT,"Trim venstre horisontal venstre"
TRIM_LEFT_HORIZONTAL_RIGHT,"Trim venstre horisontal høyre"
TRIM_T5_LEFT,"T5 venstre"
TRIM_T5_RIGHT,"T5 høyre"
TRIM_T6_LEFT,"T6 venstre"
TRIM_T6_RIGHT,"T6 høyre"
TRIM_T5_DOWN,"T5 ned"
TRIM_T5_UP,"T5 opp"
TRIM_T6_DOWN,"T6 ned"
TRIM_T6_UP,"T6 opp"
DIFFERENTIAL,"Differensial"
SLOW,"Sakte"
MULTIPLY,"Multipliser"
WEIGHT_UP,"Verdi opp"
WEIGHT_DOWN,"Verdi ned"
OUTPUT,"Resultat"
CLOSE,"Lukk"
FLASHING,"Programmerer..."
RESET_DEVICE,"Tilbakestill enhet..."
LOW_BATTERY,"Lavt batteri!"
VOLTAGE_CALIBRATION,"Kalibrer Volt"
STARTING_MODEL_WIZARD,"Starter modellassistenten..."
RADIO_DATA_LOAD,"Laster inn radiodata"
DEFAULT_SYSTEM_SETTINGS_RESTORED,"Grunnleggende systeminnstillinger er tilbakestilt."
FLIGHT_MODE_SHORT,"FM"
PREFLIGHT_WARNING,"Advarsel Preflight"
NEW_MODEL,"Ny modell"
STARTING_CALIBRATION,"Starter kalibrering..."
NO_SD_CARD_WARNING,"SD-kort mangler"
ADD_CURVE_ERROR,"Legg til kurve feilet!"
STEP,"Trinn"
AILERON,"Balanseror"
SPACE_WITH_CHANNEL," kanal"
QUESTION_SWAP_SSS_AND_SSS_CHANNELS_SETTINGS,"Vil du bytte kanalinnstillingene %s og %s ?"
INPUT,"Inngang"
ELE_TO_AIL,"Høyde → Bal."
THR_CURVE,"Gasskurve"
PITCH_CURVE,"Pitchkurve"
THROTTLE_CUT,"Gass-kutt"
AIL_TO_RUD,"Bal. → Side"
ELE_TO_CAMBER,"Høyde → Camber"
RUD_TO_AIL,"Side → Bal."
RUD_TO_ELE,"Side → Høyde"
AIL_TO_FLAPS,"Bal. → Flaps"
FLAPS_TO_ELE,"Flaps → Høyde"
FREE_MIX,"Fri mikser"
SNAP_ROLL,"Snaproll"
TEST_MIX,"Test mikser"
DELAY_UP,"Forsinkelse ↑"
DELAY_MID,"Forsinkelse -"
DELAY_DOWN,"Forsinkelse ↓"
NO_DELAY,"Ingen forsinkelse"
V_TAIL,"V-hale"
DATA_REFUSED,"Data ikke godtatt"
DEVICE_NOT_RESPONDING,"Enheten reagerer ikke"
NO_OUTPUT,"Ingen output"
WEIGHT_RATES,"Vekt/Rates"
OTHERWISE,"Otherwise"
AUTO,"Auto"
TRIM_STEP_FINE,"Fin"
TRIM_STEP_COARSE,"Grov"
TRIM_STEP_EXPONENTIAL,"Eksponential"
TRIM_STEP_EXTRA_FINE,"Ekstra fin"
TRIM_STEP_MEDIUM,"Medium"
TRIM_STEP_CUSTOM,"Spesial"
SCREENSHOT,"Skjermbilde"
NEGATIVE,"Negativ"
POSITIVE,"Positiv"
THROTTLE_HOLD,"Gass Hold"
TRIGGER_VALUE,"Utløserverdi"
IDLE_OUTPUT_VALUE,"Tomgangsverdi"
LOW_POSITION_TRIM,"Trim lav posisjon"
AND,"AND"
OR,"OR"
XOR,"XOR"
SENSORS,"Sensorer"
VARIOMETER,"Variometer"
ALARMS,"Alarmer"
SENSOR,"Sensor"
RX_BATT,"Mottaker Batteri"
RX_CURRENT,"Mottaker Strømstyrke"
ALTITUDE,"Høyde"
VSPEED,"Vertikal hastighet"
SELECT_LANGUAGE,"Velg språk"
ONCE,"En gang"
FLIGHT_DATA,"Flight data"
ALL_TIMERS,"Alle timerne"
WHOLE_TELEMETRY,"All telemetri"
REPEAT,"Repeter"
WAV_FILE,"WAV-lydfil"
BUTTERFLY,"Butterfly"
CAMBER,"Camber"
PITCH_TO_RUD,"Høyde → Side"
MISSING_BASIC_MIX,"Grunnleggende miks mangler"
MISSING_ENOUGH_CHANNEL,"Mangler nok kanaler"
NOT_SUIT_FOR_THIS_MODEL,"Denne miksingen passer ikke for denne modellen"
THR_TO_ELE,"Gass → Høyde"
THR_TO_RUD,"Gass → Side"
TEMPERATURE,"Temperatur"
DATA_RATE,"Datafrekvens"
GPS,"GPS"
GAS_SUITE,"'Gas Suite'"
FLOW_RESET,"Tilbakestill 'Flow'"
CDI_OFF_SPEED_LIMIT,"CDI utenfor måleområdet"
FLOW_PULSE,"Gjennomstrømningspuls"
AUTO_RESET,"Automatisk tilbakestilling"
RESET_RESIDUAL_VOLUME,"Resett 'Gjenværende volum'"
RESET_MAX_FLOW,"Resett 'Maks gjennomstrømning'"
RESET_AVERAGE_FLOW,"Resett 'Gjenomsnittlig gjennomstrømning'"
VOLUME_ALARM,"Alarmvolum"
MAX_FLOW_ALARM,"Alarm 'Maksimum gjennomstrømning'"
OVER_SPEED_ALARM,"Alarm 'Over-speed'"
FLOW_TRIGGER,"Gjennomstrømning utløserverdi"
FACTORY_SETTING,"Fabrikkinnstilling"
OVER_TEMP1_ALARM,"Alarm, Temp1 for høy"
OVER_TEMP2_ALARM,"Alarm, Temp2 for høy"
TEMPERATURE_UNIT,"Temperatur Grader"
AUTO_SAVE,"Autolagre"
GPS_POSITION_DATA_RATE,"GPS Posisjon oppdateringsfrekvens"
GPS_ALTITUDE_DATA_RATE,"GPS Høyde oppdateringsfrekvens"
GPS_SPEED_DATA_RATE,"GPS Hastighet oppdateringsfrekvens"
GPS_COURSE_DATA_RATE,"GPS Kurs oppdateringsfrekvens"
GPS_TIME_DATA_RATE,"GPS Tid oppdateringsfrekvens"
RB_30_40,"RB 30/40"
EW,"EW"
NS,"NS"
DEFAULT_FLIGHT_MODE,"Grunninnstilling"
SKIP_ON_STARTUP,"Hopp over ved oppstart"
LOW_VALUE_WARNING,"Lav verdi"
CRITICAL_VALUE,"Kritisk verdi"
UPGRADE_MODULE,"Oppgrader modul"
AUTHENTICATION_FAILURE,"Feil ved autentisering"
MODULE_NEEDS_UPGRADE,"Modulen trenger oppgradering"
CLEAR,"Fjern"
MIX_SWITCH_DESCRIPTION,""
MIX_WEIGHT_DESCRIPTION,""
MIX_CURVE_DESCRIPTION,""
MIX_DIFFERENTIAL_DESCRIPTION,""
MIX_OUTPUT_DESCRIPTION,""
MIX_INPUT_DESCRIPTION,""
MIX_OPERATION_DESCRIPTION,""
MIX_REVERSE_DESCRIPTION,""
MIX_OFFSET_DESCRIPTION,""
MIX_WEIGHTUP_DESCRIPTION,""
MIX_WEIGHTDOWN_DESCRIPTION,""
MIX_SPEEDUP_DESCRIPTION,""
MIX_SPEEDDOWN_DESCRIPTION,""
MIX_LOWPOSTRIM_DESCRIPTION,"Trim kun aktivt på tomgang"
HELI_PITCH,"Pitch (Heli)"
HELI_GYRO,"Gyro (Heli)"
MISSING_THROTTLE,"Modellen har ingen motor"
SIX_POSITIONS_SWITCH,"6-posisjons bryter"
GYRO_X_AXIS,"Gyro X akse"
GYRO_Y_AXIS,"Gyro Y akse"
AILERON_LETTER,"B"
RUDDER_LETTER,"S"
ELEVATOR_LETTER,"H"
THROTTLE_LETTER,"G"
NOT,"NOT"
STICKY,"Sticky"
EDGE,"EDGE"
MIDDLE,"Mellom"
NO_CHECK,"Ingen sjekk"
CUSTOM,"Egen innstilling"
HOLD,"Hold"
NO_PULSES,"Ingen pulser"
NOT_SET,"Ikke definert"
NO_ENGINE,"Ingen motor"
NO_FLAPS,"Ingen flaps"
NO_RUDDERS,"Ikke sideror"
NO_ELEVATORS,"Ikke høyderor"
NO_AILERONS,"Ingen balanseror"
CHANNELS_1,"1 kanal"
CHANNELS_2,"2 kanaler"
CHANNELS_3,"3 kanaler"
CHANNELS_4,"4 kanaler"
BEEP,"Lydsignaler"
IN_RANGE,"Innenfor rekkevidde"
REPLACE,"Erstatt"
USE_A_SOURCE,"Bruk en kilde"
CONVERT_TO_VALUE,"Konverter til en verdi"
SPECIAL,"Spesial"
MAXIMUM,"Maksimum"
MINIMUM,"Minimum"
MOMENTARY,"Veksle mellom"
TWO_POS,"2-POS"
THREE_POS,"3-POS"
GYRO_CALIBRATION_PLACE_LEVEL,"Legg radioen horisontalt\nog trykk på 'Ferdig'"
GYRO_CALIBRATION_LEFT,"Hell radioen til venstre\nog trykk på 'Ferdig'"
GYRO_CALIBRATION_RIGHT,"Hell radioen til høyre\nog trykk på 'Ferdig'"
GYRO_CALIBRATION_NOSE_UP,"Hold radioen med håndtaket pekende oppover\nog trykk på 'Ferdig'"
GYRO_CALIBRATION_NOSE_DOWN,"Hold radioen med håndtaket pekende nedover\nog trykk på 'Ferdig'"
STRENGTH,"Intensitet"
AM,"AM"
PM,"PM"
PLAY_VARIO,"Aktiver Vario"
RF_ALWAYS_OFF,"Spesialmodus! Sendemodulen forblir AV!"
STAB_FUNC,"Stabiliseringsfunksjon"
RX_PROTOCOL,"Mottakerprotokoll"
NO_MAP,"Ingen tilordninger"
DIRECTION,"Retning"
CLOCKWISE,"Med klokken"
ANTICLOCKWISE,"Mot klokken"
PWM_PULSE_TYPE,"PWM pulstype"
BASIC_CONFIG,"Grunninnstilling"
RX1_MAP,"RX1 Oppsett"
RX2_MAP,"RX2 Oppsett"
RX3_MAP,"RX3 Oppsett"
ALL_FREQUENCY,"Alle frekvenser"
STICKS_NAME,"Navn på stikker"
CHANNELS_COUNT,"Antall kanaler"
EXT,"Ekstern"
INT,"Intern"
PLACE_RECEIVE_LEVEL,"Legg mottakeren med etiketten opp\npå en vannrett flate"
PLACE_RECEIVE_LEVEL_REVERSE,"Legg mottakeren med etiketten ned"
PLACE_RECEIVE_LEFT,"Sett mottakeren med pinnene opp"
PLACE_RECEIVE_RIGHT,"Sett mottakeren med pinnene ned"
PLACE_RECEIVE_FORWARD,"Sett mottakeren på langsiden\nmed etiketten mot deg"
PLACE_RECEIVE_BACKWARD,"Sett mottakeren på den andre langsiden\nmed etiketten oppned"
ADD_A_NEW_WEIGHT,"+ Ny vekt"
ADD_A_NEW_CURVE,"+ Ny kurve"
VAR,"Variabel"
VOLUME,"Volum"
SAVE_TO_FLASH,"Lagre til Flash-minne"
SAVE_TO_FLASH_MESSAGE,"Alle innstillinger er korrekt lagret i Flash-minnet"
TIMER_GENERATOR,"Timer Generator"
CONFIRM_CLEAR_CHANNEL_DDD_NAME,"Kanal %d brukes ikke i en mikser.\nSlett navn?"
EDIT_SSS,"Endre %s"
RESET_SSS,"Tilbakestill %s"
OPTIONS_3DOTS,"Valg..."
QUESTION_COPY_CHANNEL_NAME,"Kanalen har ikke noe navn.\nVil du kopiere miksen sitt navn på kanalen?"
FLY_BAR_LESS,"Flybarless"
WING_RUD_ELE_AIL,"Vinge Ror Høyde Bal."
WING_FLYING,"Vinge Delta Bal./Flyvende vinge"
WING_VTAIL_AIL,"Vinge V-hale Bal."
LEVEL,"Horisontal"
LEVEL_REVERSED,"Horisontal oppned"
UPRIGHT,"På langsiden, tekst leselig"
UPRIGHT_REVERSED,"På langsiden, tekst oppned"
WING_TYPE,"Vingetype"
MOUNTING_TYPE,"Monteringstype"
SXR_ENABLE,"SXR Aktiv"
AIL_INVERTED,"Balanseror Reversert"
AIL2_INVERTED,"Balanseror2 Reversert"
ELE_INVERTED,"Høyderor Reversert"
ELE2_INVERTED,"Høyderor2 Reversert"
RUD_INVERTED,"Sideror Reversert"
AUX1_ENABLE,"AUX1 Aktiv"
AUX2_ENABLE,"AUX2 Aktiv"
QUICK_MODE,"Hurtigmodus"
SELF_CHECK,"Selvsjekk"
STAB_GAIN_OF_AIL,"'Stabiliser Gain' Balanseror"
STAB_GAIN_OF_ELE,"'Stabiliser Gain' Høyderor"
STAB_GAIN_OF_RUD,"'Stabiliser Gain' Sideror"
AUTO_LEVEL_GAIN_OF_AIL,"'Auto Level Gain' fra Balanseror"
AUTO_LEVEL_GAIN_OF_ELE,"'Auto Level Gain' fra Høyderor"
HOVER_GAIN_OF_ELE,"'Hover Gain' fra Høyderor"
HOVER_GAIN_OF_RUD,"'Hover Gain' fra Sideror"
KNIFE_EDGE_GAIN_OF_AIL,"'Knife-edge Gain' fra Balanseror"
KNIFE_EDGE_GAIN_OF_RUD,"'Knife-edge Gain' fra Sideror"
AUTO_LEVEL_OFFSET_OF_AIL,"'Auto Level Offset Angle' fra Balanseror"
AUTO_LEVEL_OFFSET_OF_ELE,"'Auto Level Offset Angle' fra Høyderor"
HOVER_OFFSET_ANGLE_OF_ELE,"'Hover Offset Angle' fra Høyderor"
HOVER_OFFSET_ANGLE_OF_RUD,"'Hover Offset Angle' fra Sideror"
KNIFE_EDGE_OFFSET_OF_AIL,"'Knife-edge Offset Angle' fra Balanseror"
KNIFE_EDGE_OFFSET_OF_RUD,"'Knife-edge Offset Angle' fra Sideror"
OUTPUT_VOLTAGE,"Output Volt"
LIPO_VOLTAGE,"LiPo Volt"
RB_10_20,"RB 10/20"
ALTITUDE_DATA_RATE,"Høyde-data frekvens"
VARIO_DATA_RATE,"Vario-data frekvens"
CURRENT_DATA_RATE,"Datafrekvens Ampere"
VOLTAGE_DATA_RATE,"Datafrekvens Volt"
RPM,"RPM"
POLES_COUNT,"Antall poler"
NEED_FIRMWARE_UPDATE,"En Firmware-oppdatering er nødvendig"
SYSTEM_VALUE,"Systemverdi"
GPS_CLOCK,"GPS Dato/Tid"
RACING_MODE_ACTIVE,"'Racing Mode' aktiv"
RACING_MODE_IS_UNSUPPORTED,"'Racing Mode' er ikke støttet"
POTS_SLIDERS,"Vri-/Glidebrytere"
STICKS_POTS_SLIDERS,"Stikker/Vri-/Glidebrytere"
WRITE_INTERVAL,"Skriv intervall"
TX_BATT,"Senderbatteri"
AVERAGE,"Bruk gjennomsnitt av"
TOTALIZE,"Sammenlagt"
CELL,"Celle"
CONSUMPTION,"Forbruk"
DISTANCE,"Distanse"
FALLING_EDGE_OF_SSS_BETWEEN_SSS_AND_SSS,"↑↓Pulse of %s between %s and %s"
RISING_EDGE_OF_SSS_DURING_SSS,"%s after ↑Edge of %s"
FALLING_EDGE_OF_SSS_DURING_SSS,"↓Edge of %s during %s"
FALLING_EDGE_OF_SSS,"↓Edge of %s"
RISING_EDGE_OF_SSS,"↑Edge of %s"
STALL,"Blokkering"
EDITABLE_SRV_DDD_CURR,"SRV%d Ampere"
EDITABLE_SRV_DDD_VOLT,"SRV%d Volt"
EDITABLE_SRV_DDD_TEMP,"SRV%d Temp"
EDITABLE_SRV_DDD_STATUS,"SRV%d Status"
CONDITION,"Tilstand"
TIMER_LOGS,"Timer-logger"
SAVE_TO_SD,"Lagre på SD-kort"
CLEAR_LOGS,"Slett logger"
TITLE,"Tittel"
LOWEST,"Laveste"
COUNT,"Tell"
HIGHEST,"Høyeste"
BLADES,"Blader"
MAINGEAR_TEETH,"Antall tenner på hovedtannhjul"
PINION_TEETH,"Antall tenner på pinion-tannhjul"
GEAR,"Gir"
PROPELLER,"Rotorblader"
FLIGHT_VALUE,"Flight verdi"
CURRENT_FLIGHT_MODE,"Nåværende FlightMode"
NO_DESTINATION,"Ingen destinasjon"
ENT_LONG,"Langt trykk på ENT"
RX_STILL_ON_TURN_OFF_TRANSMITTER,"Advarsel! Mottaker er fortsatt PÅ! Bekreft at du vil slå av senderen!"
CONFIRM_RESET_SENSOR,"Verdien til denne sensoren blir tilbakestilt.\nBekreft"
LATITUDE,"Breddegrad"
LONGITUDE,"Lengdegrad"
GPS_MAP,"GPS-kart"
MAP,"Kart"
INTERNAL_GPS,"Intern GPS"
CLOCK,"Dato/Tid"
TRIP,"Trip"
SYSTEM_EVENT,"Systemhendelse"
RSSI_LOW,"RSSI Lav"
TRAINER_ACTIVE,"Trainer aktiv"
MULTIPLIER,"Multiplikator"
VERTICAL,"Vertikal"
HORIZONTAL,"Horisontal"
TOTAL,"Total"
CELLS,"Celler"
MULTI_LIPO,"Multi-LiPo"
LIPO,"LiPo"
LINE_CHART,"Linjekart"
LOG_PERIOD,"Logg-periode"
RESUME,"Fortsett"
PAUSE,"Pause"
AUTO_RANGE,"Fleksibelt Område"
LOCK,"Lås"
Xx2POS,"{HARDWARE_FUNCTION_SWITCHES} x 2-Pos"
XPOS_WITH_OFF,"{HARDWARE_FUNCTION_SWITCHES}-Pos med AV"
XPOS,"{HARDWARE_FUNCTION_SWITCHES}-Pos"
2xXPOS,"2 x {HARDWARE_FUNCTION_SWITCHES_PER_SIDE}-Pos"
GLOBAL,"Global"
_2DOTS,": "
SUMMARY,"Oversikt"
CONFIRM_STOP_USING_CURVE,"Er du sikker på at du vil stoppe å bruke denne kurven?"
CONFIRM_STOP_USING_RATE,"Er du sikker på at du vil stoppe å bruke denne raten?"
PATTERN,"Mønster"
ROLL_ANGLE,"Roll-vinkel"
PITCH_ANGLE,"Pitch-vinkel"
HYDRAULIC_PRESSURE,"Hydraulisk trykk"
IGNORE_TRAINER_INPUT,"Ikke kontrollert av Lærer"
FULL_RANGE,"100% signalområdet"
IGNORE_RANGE,"Ignorer signalområde"
HALF_RANGE,"50% signalområde"
LAST_POSITION,"Siste posisjon"
SLEEP_BRIGHTNESS,"Lysstyrke ved dvale"
TOP_LCD_SLEEP,"Dvale Øvre LCD"
VIEW_PER_CHANNEL,"Visning pr. kanal"
VIEW_TABLE,"Tilbake til oversikt"
GENERAL,"Generelt"
RX_STILL_ON_TURN_OFF_RF,"Mottaker er fortsatt koblet til.\nEr du sikker på at du vil fortsette?"
LOAD_ALL_FUNCTION_SWITCH_POSITIONS,"Last inn alle Funksjonsbryter-posisjoner","Last inn alle FS posisjoner"
CONFIRM_LOAD_ALL_FUNCTION_SWITCH_POSITIONS,"Dette overskriver alle FS innstillingene med innstillingene du har satt nå. Er du sikker på at du vil fortsette?"
STORAGE_LOCATION,"Lagringssted"
RADIO,"Radio"
MODELS,"Modeller"
USER_BITMAPS,"Brukerens Bitmap-bilder"
SCRIPTS,"Skript"
LOGS,"Logger"
SCREENSHOTS,"Skjermbilder"
PRESSURE,"Trykk"
COLOR,"Farge"
CONFIRM_CLEAR_CHANNELS_SSS_NAME,"Det er ingen miksere som bruker Kanal %s. Vil du slette navningen av disse kanalene?"
CHANNEL_SBUS_VALUE_LIMIT_WARNING,"Den nye kanal-verdien er inkompatibel med SBUS/Redundancy. Er du sikker på at du vil fortsette?"
VOLTAGE,"Voltstyrke"
SAVE_TO_FILE,"Lagre til fil"
FLASH_VIDEO_COMPONENT,"Flash Video Komponent"
RX_BAT_VOLTAGE,"RX Batteri Volt"
RX_BAT_2_VOLTAGE,"RX Batteri 2 Volt"
EXT_ADC_VOLTAGE,"Ekstern ADC Volt"
BOARD_CURRENT,"Board strømstyrke"
POWER_ON_RESET,"Tilbakestill 'Power On'"
PIN_RESET,"Tilbakestill 'Pin'"
WAKE_UP_RESET,"Tilbakestill 'Wake Up'"
WATCHDOG_RESET,"Tilbakestill 'Watchdog'"
LOCKUP_RESET,"Tilbakestill 'Lockup'"
BROWN_DOWN_DET_RESET,"Tilbakestill 'Brown Down Detection'"
RX_RESET_CASE,"RX Reset Case"
OPERATION_ASSIGN,"Tilknytt(=)"
OPERATION_ADD,"Legg til(+)"
OPERATION_SUBTRACT,"Trekk fra(-)"
OPERATION_MULTIPLY,"Gange(*)"
OPERATION_DIVIDE,"Dele(/)"
OPERATION_MIN,"Min"
OPERATION_MAX,"Maks"
REPURPOSE,"Tar verdi fra"
SENSOR_CONFLICT_WARNING,"Advarsel Sensor-konflikt"
NIGHTLY_BUILD_NOT_FOR_FLYING,"'Nightly' utgave. IKKE BRUK DENNE TIL FLYVING!"
READING_FILE,"Leser fil..."
NOT_ENOUGH_MEMORY,"Ikke nok minne"
CLEAN_LOGS,"Slett loggene"
CONFIRM_CLEAN_LOGS,"Dette vil slette alle .csv filene i denne mappen. Er du sikker på at du vil fortsette?"
CLEANING_LOGS,"Sletter logger..."
PAUSE_CONDITION,"Hva trigger 'Pause'?"
RESET_SETTINGS,"Resett innstillinger"
SWAP_CHANNELS,"Bytt om kanaler"
CONFIRM_RESET_SETTINGS,"Innstillingene blir tilbakestilt til fabrikkinnstillinger.\nEr du sikker på at du vil fortsette?"
CONFIRM_SWITCH_EXTERNAL_MODULE,"Ekstern modul er i bruk. Den vil bli skrudd av.\nEr du sikker på at du vil fortsette?"
CONFIRM_SWITCH_TRAINER,"Trainer bruker nå ekstern modul. Den vil bli skrudd av.\nEr du sikker på at du vil fortsette?"
COMPETITION_OPTION,"Konkurranse (kun RSSI og Batteri)"
CONFIRM_BLUETOOTH_USED_BY_SSS,"Blåtann brukes av %s. Den vil bli skrudd av.\nEr du sikker på at du vil fortsette?"
BOTH_MODULES,"Begge modulene"
SPORT_CONNECTOR,"S.Port tilkobling"
CONFIRM_SPORT_USED_BY_SSS,"S.Port tilkobling brukes av %s. Er du sikker på at du vil fortsette?"
TRAINER_CABLE,"Trainer kabel"
BLUETOOTH,"Blåtann"
SBUS_EXTERNAL_MODULE,"SBUS Ekstern Modul"
CPPM_EXTERNAL_MODULE,"CPPM Ekstern Modul"
LUA_TASKS,"Lua Oppgaver"
LUA_SOURCES,"Lua Kilder"
MISSING_SCRIPT_FILE,"Script fil mangler"
BITMAP,"Bitmap"
BITMAP_TYPE,"Bitmap type"
BITMAP_FILE,"Bitmap fil"
FILE_PATH,"Fil-sti"
TEXT,"Tekst"
DOCUMENTS,"Dokumenter"
USB_MODE_PRESELECTION,"Forhåndsvalg USB Modus"
USB_MODE,"USB Modus"
JOYSTICK,"Joystick"
SERIAL,"Seriell"
SELECT_MODEL_AT_POWER_ON,"Velg hvilken modellsom lastes når radioen starter"
LOAD_MODEL,"Last inn modell"
TELEMETRY_ACTIVE,"Telemetri Aktiv"
FLIGHT_RESET,"Tilbakestill 'Flight'"
THROTTLE_ACTIVE,"Gass Aktiv"
COUNTING_SOURCE,"Proposjonal 'Timer' kilde"
SEND_FILE,"Send fil"
FILE_TRANSFER,"Filoverføring"
RECEIVE_FILE_HERE,"Motta fil her"
WAITING_FOR_CONNECTION,"Venter på tilkobling"
WAITING_FOR_RECEIVER_CONFIRMATION,"Venter på bekreftelse fra mottaker..."
FILE_TRANSFER_FAILED,"Filoverføring feilet"
CONFIRM_RECEIVE_FILE_SSS_IN_FOLDER_SSS_SIZE_IS_SSS,"Klar til å motta fil %s i mappe %s\nFilstørrelse er %s"
CONFIRM_OVERWRITE_FILE_SSS_IN_FOLDER_SSS_SIZE_IS_SSS,"Kommer til å skrive over fil %s i mappe %s\nFilstørrelse er %s"
SENDING_SSS,"Sender %s..."
RECEIVING_SSS,"Mottar %s..."
SEND_MODEL,"Send modell"
RECEIVE_MODEL,"Motta modell"
UNIT_KNOT,"knop"
UNIT_MILLILITER_PER_PULSE,"ml/p"
UNIT_RPM,"rpm"
ARE_YOU_USING_A_FRSKY_SELF_STAB_RECEIVER,"Bruker du en selvstabiliserende mottaker fra FrSky?"
ASSIGN_INPUT_HINT,"Vennligst tildel input-kilder for følgende funksjoner"
EMERGENCY,"Nødstilfelle"
GAIN_ADJUST,"Gain just."
CONFIRMATION,"Bekreftelse"
ENABLE_XXX,"Aktivere %s?"
DISABLE_XXX,"Deaktivere %s?"
CONFIRMATION_BEFORE_ACTIVE,"Bekreftelse før 'Aktiv'"
CONFIRMATION_BEFORE_INACTIVE,"Bekreftelse før 'Inaktiv'"
REMOTE_NFC,"RemoteNFC"
SWITCH_CHANNEL,"Bytt kanal"
WIRELESS,"Trådløs"
TIMEOUT,"Time out"
NO_ENABLED_MODULE,"Vennligst aktiver modulen du ønsker å binde med NFC"
GET_MODULE_UUID_FAILED,"Feil ved henting av modulens UUID.\nVennligst sjekk modulens status!"
BIND_NFC_FAILED,"Sammenkobling av NFC og modulen feilet!"
PROTOCOL_NOT_SUPPORTED,"Nåværende modul-protokoll er ikke støttet!"
CONFIRM_DELETE_TRIM,"Er du sikker på at du vil slette denne ekstra trimmen?"
LEFT_STICK,"Venstre stikke"
RIGHT_STICK,"Høyre stikke"
ALL_MOTORS,"Alle motorer"
SELECT,"Velg"
SINGLE_MOTOR,"Enkelt motor"
STICK_MOTORS,"Stikke-motorer"
CONFIRM_DELETE_ACTION,"Er du sikker på at du vil fjerne denne hendelsen?"
CONFIRM_DELETE_SCREEN,"Er du sikker på at du vil fjerne denne skjermen?"
CONFIRM_DELETE_SENSOR,"Er du sikker på at du vil fjerne denne sensoren?"
FILE_ALREADY_EXISTS,"En fil med samme navn eksisterer allerede"
MODEL_RUNTIME,"Samlet tid - Modell"
RADIO_RUNTIME,"Samlet tid - Radio"
WAITING_FOR_SIGNAL,"venter på signal..."
CONFIRM_RESET_RUNTIME,"Samlet tid vil bli resatt.\nEr du sikker på at du vil fortsette?"
