TRANSLATION_NAME,"Polish"
TRANSLATION_KEY,"pl"
FORMULA,"Formuła"
CALCULATED_SENSOR,"Czujnik syntetyczny"
NAME,"Nazwa"
DECIMALS,"Dokładność po przecinku"
VALUE,"Wartość"
SENSOR_LOST_WARNING_DELAY,"Ostrzeżenie o utracie czujnika"
WARNING_DISABLED,"Warning Disabled"
RANGE,"Zakres"
SPACE_WITH_SAMPLES," próbek"
RESET,"Reset"
TELEMETRY_SENSOR,"Czujnik telemetryczny"
UNIT,"Jednostka"
WRITE_LOGS,"Zapisuj logi"
ID,"ID"
CENTER,"Środek"
SUBTRIM,"Subtrym"
PWM_CENTER,"PWM Center"
NORMAL,"Zwykły"
EQUAL,"Equal"
UNPLUGGED,"Unplugged"
BEHAVIOUR,"Behaviour"
ADD_NEW_BEHAVIOUR,"Add a new behaviour"
ADD_EXTRA_TRIM,"Add an extra trim"
EXTRA_TRIM,"Extra trim"
SLOW_UP,"Spowolnienie (+)"
MIN,"Min"
CURVE,"Krzywa"
MAX,"Max"
CHANNEL,"Kanał"
INVERTED_CHANNEL,"Inverted channel"
INVERT,"Odwrócenie"
SLOW_DOWN,"Spowolnienie (-)"
INVERTED,"Odwrócony"
FLIGHT_MODES,"Fazy Lotu"
MIX_FLIGHT_MODES_DESCRIPTION,"Wybierz fazy lotu, w których aktywna będzie ta linia miksera"
MIX_NAME_DESCRIPTION,"Podaj nazwę linii miksera"
TRIGGER_ON_CONDITION,"Wyzwolenie WŁĄCZENIA"
COMMENT,"Komentarz"
FUNCTION,"Funkcja"
VALUES,"Values"
ADD_NEW_VALUE,"+ Add a new value"
ACTIONS,"Actions"
ADD_NEW_ACTION,"+ Add a new action"
DURATION_HIGH,"Czas trwania impulsu"
RISING_EDGE,"Zbocze narastające"
DURING,"Przez"
VALUE1,"Wartość 1"
VALUE_X,"Wartość (X)"
CHECK_INTERVAL,"Sprawdzany interwał"
ACTIVE_CONDITION,"Warunek aktywowania"
MIN_DURATION,"Min czas trwania"
MAX_DURATION,"Max duration"
DURATION_LOW,"Czas trwania przerwy"
VALUE2,"Wartość 2"
DELAY_BEFORE_ACTIVE,"Opóźnienie przed aktywowaniem"
DURATION,"Czas trwania"
SOURCE_A,"Źródło (A)"
TRIGGER_OFF_CONDITION,"Wyzwolenie WYŁĄCZENIA"
DELAY_BEFORE_INACTIVE,"Opóźnienie przed dezaktywowaniem"
DELAY_ON_OFF,"Delay ON / OFF"
SOURCE,"Źródło"
APPLICATION_ID,"ID aplikacji"
PHYSICAL_ID,"ID fizyczne"
ACTION,"Akcja"
TRAINER,"Trener"
TRAINER_MODE,"Tryb trenera"
CHANNEL_RANGE,"Zakres kanałów"
CH,"KN"
OUTPUTS,"Wyjścia"
LAST_MODIFICATION,"Ostatnio modyfikowany"
CLONE,"Sklonuj"
MODEL_MATCH,"ID modelu"
MODEL_DATA_LOAD,"Model data load"
FILE_SIZE,"Rozmiar pliku"
MODEL_SELECT,"Modele"
NO_MODELS_DIRECTORY,"No models directory!"
ARE_YOU_SURE_YOU_WANT_TO_DELETE_THIS_MODEL,"Na pewno usunąć model?"
SUCCESS,"Sukces!"
CLONE_MODEL_SUCCESSFULLY,"Model został pomyślnie sklonowany"
FILENAME_TOO_LONG,"Zbyt długa nazwa pliku"
RX_STILL_ON_SELECT_ANOTHER_MODEL,"Odbiornik aktywny. Na pewno przełączyć na nowy model?"
CONFIRM_SELECT_ANOTHER_MODEL,"Are you sure you want to select another model?"
FILE_NAME,"Nazwa pliku"
MODEL_TYPE,"Rodzaj modelu"
CONFIRM,"Zatwierdź"
SET_CURRENT_MODEL,"Ustaw jako aktywny"
UNCATEGORIZED,"Uncategorized"
CHANGE_FOLDER,"Change Folder"
OPERATION,"Operation"
OPERATION_FAILED,"Operation failed!"
DELETE_FOLDER,"Delete Folder"
RENAME_FOLDER,"Rename Folder"
CREATE_FOLDER,"Create Folder"
CONFIRM_DELETE_FLIGHT_MODE,"Na pewno usunąć tę fazę lotu?"
MOVE,"Przenieś"
EDIT,"Edytuj"
ADD,"Dodaj"
TELEMETRY_PORT,"Port telem."
WARNING,"Ostrzeżenie"
ERRORS,"Errors"
OPTIONS,"Opcje"
CONFIGURE,"Configure"
WAITING_FOR_RECEIVER,"Czekam na odpowiedź odbiornika..."
PIN,"Pin"
TELEMETRY,"Telemetria"
RX_SETTINGS,"Ustawienia RX"
NO_RESPONSE_FROM_RECEIVER,"Odbiornik nie odpowiada"
SBUS_OUT,"SBUS Out"
SBUS_IN,"SBUS In"
TELEMETRY_25_MW,"Telemetria 25mW"
HIGH_PWM_SPEED,"Szybkie ramki PWM"
FLIGHT_DATA_RECORDER,"Flight Data Record"
RX_HAS_NO_FLIGHT_DATA_RECORD,"Receiver has no flight data recorder."
SENSOR_CONFIG,"Konf. osprzętu"
CONFIRM_DELETE_TIMER,"Na pewno usunąć ten licznik?"
TIMER,"Licznik"
MODE,"Tryb"
PASTE,"Wklej"
TIMERS,"Liczniki"
COPY,"Kopiuj"
NO_TIMER_HINT,"Brak zdefiniowanych liczników. Dodaj nowy licznik."
ANTENNA,"Antena"
POWER_HAS_BEEN_CHANGED_PLEASE_REBIND,"Zmieniono moc nadawczą. Zbinduj ponownie odbiornik."
NO_RESPONSE_FROM_MODULE,"Brak odpowiedzi modułu TX!"
POWER,"Moc"
BAUDRATE,"Baudrate"
WAITING_FOR_MODULE,"Oczekiwanie na moduł..."
TX_SETTINGS,"Ustawienia TX"
MIXES,"Mikser"
CHANNELS,"Kanały"
FLIGHT_MODE,"Faza lotu"
D,"D"
CONFIRM_DELETE_MIX,"Na pewno usunąć tę linię miksera?"
CONFIRM_DELETE_SSS,"Are you sure you want to delete %s"
NONE,"Brak"
NO_MIX_HINT,"Brak zdefiniowanych linii miksera. Dodaj nową pozycję."
TYPE,"Typ"
SHARE,"Udostępnij"
RX,"RX"
RACING_MODE,"Tryb wyczynowy"
RANGE_CHECK,"Sprawdzenie zasięgu","Zasięg"
EXTERNAL_MODULE,"Moduł zew."
BIND_OK,"Bindowanie OK"
BINDING_3DOTS,"Bindowanie..."
BIND,"Bindowanie"
FAILSAFE,"Failsafe"
INTERNAL_MODULE,"Moduł wew."
SET_FAILSAFE,"Ustaw Failsafe"
RESET_BIND,"Zresetuj bindowanie"
FACTORY_RESET,"Factory reset"
RF_SYSTEM,"System RF"
OWNER_REGISTRATION_ID,"ID rejestracyjne właściciela"
SELECT_DEVICE,"Wybierz urządzenie"
REGISTER,"Rejestruj"
VALID_FRAME_RATE,"VFR"
STATE,"Stan"
PROTOCOL,"Protokół"
RSSI,"RSSI"
ARE_YOU_SURE_TO_RESET_THIS_RECEIVER,"Na pewno zresetować ten odbiornik?"
SET,"Ustaw"
EXPO,"Expo"
UNIT_POINTS_COUNT,"pkt."
WEIGHT,"Waga"
POINTS,"Punktów"
OFFSET,"Przesunięcie"
AUTO_OFFSET,"Auto offset"
OFFSET_WHEN_ACTIVE,"Offset when active"
OFFSET_WHEN_INACTIVE,"Offset when inactive"
SMOOTH,"Wygładzenie"
POINT,"Punkt"
POINTS_COUNT,"Ilość punktów"
EASY_MODE,"Tryb uproszczony"
LOGIC_SWITCHES,"Przełączniki Log.","Przełącz. Log."
ARE_YOU_SURE_YOU_WANT_TO_DELETE_THIS_LOGIC_SWITCH,"Na pewno usunąć ten przełącznik logiczny?"
NO_LOGIC_SWITCH_HINT,"Brak zdefiniowanych przełączników logicznych. Dodaj nowy przełącznik."
START_CONDITION,"Start condition"
STOP_CONDITION,"Stop condition"
TIMER_EDIT,"Edytuj licznik"
PERSISTENT,"Zapamiętuj stan"
START_VALUE,"Wartość początkowa","Start"
AUDIO_ACTIONS,"Audio actions"
AUDIO_ACTION,"Audio action"
ADD_A_NEW_AUDIO_ACTION,"Add a new audio action"
ALARM_VALUE,"Alarm / Wartość początkowa","Alarm"
HAPTIC,"Wibracje"
COUNTDOWN,"Countdown"
BEEP_COUNTDOWN,"Beep countdown"
START,"Start"
PLAY_FILE,"Play File"
SPACE_WITH_OTHERS," others..."
CONFIRM_DELETE_CURVE,"Na pewno usunąć tę krzywą?"
CURVE_USED_BY,"Krzywa używana w następujących liniach miksera:"
AND_WITH_TWO_SPACES," and "
CURVES,"Krzywe"
VARS,"Vars"
NO_VAR_HINT,"No var yet. Please press the add button to create one!"
ARE_YOU_SURE_YOU_WANT_TO_DELETE_THIS_VAR,"Are you sure you want to delete this var?"
NO_CURVE_HINT,"Brak zdefiniowanych krzywych. Dodaj nową krzywą."
CONFIRM_RESET_MIXES,"Ta operacja spowoduje reset wszystkich ustawień Miksera.\nNa pewno kontynuować??"
ELEVATORS,"Ster Wysokości"
YAW,"Odchylenie (Yaw)"
SWASH_PLATE,"Swash Plate"
EDIT_MODEL,"Edytuj Model"
PICTURE,"Obraz"
TAIL,"Usterzenie ogona"
AILERONS,"Lotki"
PITCH,"Pochył (Pitch)"
THROTTLE,"Gaz"
FLAPS,"Klapy"
ENGINE,"Motor"
RUDDERS,"Ster Kierunku"
ROLL,"Przechył (Roll)"
FUNCTION_SWITCHES,"Przełączniki prog"
RESET_ALL_MIXES,"Reset Miksera"
CREATE_CALCULATED_SENSOR,"Utwórz czujnik syntetyczny"
CONFIRM_DELETE_SENSORS,"Wszystkie wykryte obecnie czujniki zostaną skasowane.\nNa pewno kontunuować?"
ON,"WŁ"
OFF,"WYŁ"
DISCOVER_NEW_SENSORS,"Wykryj podłączone czujniki"
DELETE_ALL,"Skasuj wszystkie"
CREATE_DIY_SENSOR,"Utwórz własny czujnik (DIY)"
CONFIRM_LOAD_ALL_SWITCH_POSITIONS,"Pozycje kontrolne przełączników zostaną zastąpione ich aktualnym ustawieniem. Czy chcesz kontynuować?"
CHECK_FUNCTION,"Check function"
LOAD_ALL_SWITCH_POSITIONS,"Ustal pozycje przełączników"
CONFIRM_LOAD_ALL_POT_POSITIONS,"Pozycje kontrolne potencjometrów zostaną zastąpione ich aktualnym ustawieniem. Czy chcesz kontynuować?"
LOAD_ALL_POT_POSITIONS,"Ustal pozycje potencjometrów"
CALIBRATION_FINISH,"Kalibracja zakończona"
SXR_CALIBRATION,"Kalibracja SxR"
CLICK_WHEN_DONE,"Kliknij gdy gotowe"
CALIBRATING,"Kalibrowanie..."
SXR_CALIBRATION_DESCRIPTION,"Opis kroków kalibracji SxR"
SLAVE_CH,"Slave CH"
PERCENT,"Percent"
DESTINATION,"Destination"
ENABLE,"WŁ"
NO_FUNCTION_HINT,"Brak zdefiniowanych funkcji specjalnych. Dodaj nową funkcję."
SPECIAL_FUNCTIONS,"Funkcje Specjalne"
SF,"FS"
DISABLE,"WYŁ"
ARE_YOU_SURE_YOU_WANT_TO_DELETE_THIS_SPECIAL_FUNCTION,"Na pewno usunąć tę funkcję specjalną?"
REGISTRATION_OK,"Rejestracja OK"
UID,"UID"
REGISTRATION_ID,"ID rejestracyjne"
RX_NAME,"Nazwa RX"
RECEIVER_CONNECTED,"Odbiornik połączony"
REGISTRATION,"Rejestracja"
TRIMS,"Trymy"
FADE_IN,"Przejście aktywacji"
FADE_OUT,"Przejście dezaktywacji"
AUTO_DETECT,"Auto wykrywanie"
DISPLAY_DECIMALS_AND_UNIT,"Dokładność wyświetlania / jdn"
SELECT_SENSOR,"Wybierz czujnik"
DIY_SENSOR,"Czujnik własny (DIY)"
WAITING,"Czekam"
WAITING_FOR_DATA,"Czekam na dane z czujnika..."
BAND,"Pasmo"
RATIO,"Mnożnik"
MODULE,"Moduł"
PROTOCOL_DECIMALS_AND_UNIT,"Dokładność protokołu / jdn"
CROSS_TRIM,"Przypisanie do drążków"
MOVE_TRIM_TO_SUBTRIM,"Move trim to subtrim"
INSTANT_TRIM,"Instant trim"
CONFIRM_MOVE_TRIM_TO_SUBTRIM,"Confirm move trim to subtrim?"
MOVE_TRIMS_TO_SUBTRIMS,"Move trims to subtrims"
CONFIRM_MOVE_TRIMS_TO_SUBTRIMS,"Confirm move trims to subtrims?"
INDEPENDENT_PER_FLIGHT_MODE,"Trym niezależny per Faza Lotu"
STICK,"Drążek"
CONFIGURE_SCREENS,"Konfiguruj ekrany"
TOP_SCREEN,"Top Screen"
CHANGE_LAYOUT,"Change Layout"
FULL_SCREEN,"Full Screen"
WIDGET,"Widżet"
SET_MAIN_SCREEN,"Ustaw jako ekran główny"
CONFIGURE_WIDGET,"Konfiguruj Widżet"
NEW_SCREEN,"Nowy ekran"
SCREEN,"Ekran"
CHANGE_WIDGET,"Zmień widżet","Zmień..."
MOVE_FORWARD,"← Przesuń do przodu"
MOVE_BACKWARD,"→ Przesuń do tyłu"
RESET_FLIGHT,"Reset Lotu"
RESET_TIMERS,"Reset Liczników"
RESET_TELEMETRY,"Reset Telemetrii"
HOME,"Start"
ADD_AFTER,"Dodaj za..."
ADD_MIX_FAILED,"Dodanie linii miksera nieudane!"
MAX_MIXES_REACHED,"Przekroczono maksymalną ilość linii miksera!"
FIRST_POSITION,"Jako pierwszy"
MIXES_LIBRARY,"Biblioteka miksera"
LOCAL_ADDRESS,"Adres własny (lokalny)"
WAITING_FOR_DEVICES,"Wykrywam urządzenia..."
LOCAL_NAME,"Nazwa własna (lokalna)"
SEARCH_DEVICES,"Wyszukaj urządzenia"
BLUETOOTH_DEVICE_CONNECTED,"Urządzenie Bluetooth podłączone"
CONNECT_LAST_DEVICE,"Podłącz ostatnio używane"
NO_BLUETOOTH_DEVICE_FOUND,"Nie znaleziono urządzeń Bluetooth!"
SPEAKER_MUTE,"Wycisz głośnik"
DISCONNECT,"Rozłącz"
WAITING_FOR_DEVICE,"Czekam na połączenie"
DIST_ADDRESS,"Adres urządzenia zdalnego"
CONNECTING,"Łączenie"
RESET_MODULE,"Reset modułu"
HIGH_SPEED,"High Speed"
NORMAL_SPEED,"Normal Speed"
MODEL,"Model"
CHECKLIST,"Lista Kontrolna"
FILE_MANAGER,"Pliki"
SOUND,"Dźwięki i Wibr."
STICKS,"Drążki"
DATE_TIME,"Data i Czas"
HARDWARE,"Sprzęt"
INFO,"Informacje"
SERIAL_NUMBER,"Serial number"
RESET_FACTORY_SETTINGS,"Reset factory settings"
CONFIRM_RESET_FACTORY_SETTINGS,"Reset factory settings?"
SYSTEM,"System"
DISPLAY,"Wyświetlacz"
KEYBOARD,"Keyboard"
ENABLE_SLIDER,"Enable slider"
DISABLE_SLIDER,"Disable slider"
ALERTS,"Alarmy"
SPECTRUM_ANALYSER,"Spektrum"
BATTERY,"Bateria"
CHECKLIST_WARNING,"Ostrzeżenie - Lista kontrolna"
RADIO_IS_IN_SILENT_MODE,"Radio jest w trybie cichym"
RADIO_BATTERY_IS_LOW,"Napięcie baterii głównej radia jest niskie!"
THROTTLE_IS_NOT_IDLE,"Zamknij przepustnicę"
ARE_NOT_IN_SAFE_POSITION," są nie w bezpiecznej pozycji"
IS_NOT_IN_SAFE_POSITION," jest nie w bezpiecznej pozycji"
FUNCTION_SWITCHES_ARE_NOT_IN_SAFE_POSITION,"Przełączniki programowalne nie są w bezpiecznych pozycjach"
FAILSAFE_IS_NOT_SET,"Ustaw bezpieczne parametry Failsafe!"
RTC_BATTERY_IS_LOW,"Napięcie baterii zegara czasu rzeczywistego (RTC) jest niskie!"
ALWAYS_ON,"Zawsze WŁ"
YES,"Tak"
DIGITAL_RSSI,"Cyfrowe RSSI"
GYRO,"Żyroskop"
LANGUAGE,"Język"
SWITCHES,"Przełączniki"
TOP_TOOLBAR,"Górna belka ekranu"
NO,"Nie"
BRIGHTNESS,"Jasność"
KEYS,"Przyciski"
WAKE_UP,"Wybudzanie"
DIGITAL_VOLTAGE,"Cyfrowe napięcie"
SLEEP,"Wygaszanie"
SYSTEM_ALERTS,"Alarmy Systemowe"
INACTIVITY,"Nieaktywność"
AUTO_ADJUST_FROM_GPS,"Pobierz automatycznie z GPS"
DATE,"Data"
ADJUST_RTC_SPEED,"Skoryguj chód zegara"
SHOW_SECONDS,"Wyświetlaj sekundy"
IS24HOUR,"Czas 24-godzinny"
TIME_ZONE,"Strefa czasowa"
YEAR,"Rok"
MONTH,"Miesiąc"
TIME,"Czas"
NEXT,"Dalej"
GYRO_CALIBRATION,"Kalibracja żyroskopu"
PREV,"Wróć"
MDL_LONG,"MDL Długi"
HARDWARE_CHECK,"Test sprzętowy"
SWITCHES_SETTINGS,"Ustawienia przełączników"
ADC_INSPECTOR,"Inspekcja ADC"
SYS_LONG,"SYS Długi"
HOME_KEYMAP,"Mapowanie przycisków"
POTS_SLIDERS_SETTINGS,"Ustawienia Pot. / Suwaków"
SWITCH_MIDDLE_DETECT_DELAY,"Opóźnienie wykrycia pozycji środkowej"
DISP_SHORT,"{DISP_LABEL} Krótki"
DISP_LONG,"{DISP_LABEL} Długi"
SWITCH,"Przełącznik"
ANALOGS_FILTER,"Filtr analogowy"
ANALOGS_CALIBRATION,"Kalibracja analogowa"
CONFIRM_CONTINUE,"Na pewno kontynuować?"
THR_NOT_LOW_WARNING,"Drążek gazu nie jest opuszczony!"
CHANNELS_ORDER,"Kolejność kanałów"
STICKS_MODE,"Układ drążków (mode)"
STICKS_MODE_1,"Sticks mode 1"
STICKS_MODE_2,"Sticks mode 2"
STICKS_MODE_3,"Sticks mode 3"
STICKS_MODE_4,"Sticks mode 4"
FIRST_FOUR_CHANNELS_FIXED,"Zapewnij układ pierwszych 4 kanałów"
NO_SD_CARD,"Brak karty SD"
FLASH_BOOTLOADER,"Flash Bootloader"
FLASH_INTERNAL_MODULE,"Programuj moduł wewnętrzny"
PLAY,"Odtwórz"
CURRENT_VERSION,"Wersja aktualna"
FLASH_RECEIVER_BY_INTERNAL_MODULE_OTA,"Programuj RX przez mod. wew. OTA"
FLASH_RECEIVER_BY_EXTERNAL_MODULE_OTA,"Flash RX by ext. OTA"
OTA_UPDATE,"Aktualizacja OTA"
FLASH_EXTERNAL_DEVICE,"Programuj urządzenie zewnętrzne"
OPEN,"Otwórz"
FLASH_EXTERNAL_MODULE,"Programuj moduł zewnętrzny"
FLASH_EXTERNAL_MULTIMODULE,"Flash external multimodule"
MOVE_HERE,"Przenieś tutaj"
OTA_UPDATE_ERROR,"Błąd aktualizacji OTA"
UNSUPPORTED_RX,"Niewspierany odbiornik (RX)"
MAIN_VOLTAGE,"Bateria główna"
DISPLAY_VOLTAGE_RANGE,"Wyświetlany zakres napięcia"
LOW_VOLTAGE,"Próg niskiego napięcia"
RTC_VOLTAGE,"Bateria zegara RTC"
UNKNOWN,"Nieznany"
FIRMWARE,"Firmware"
FIRMWARE_VERSION,"Wersja firmware"
VIDEO_HARDWARE_VERSION,"Video Hardware Version"
RECEIVER,"Odbiornik"
NON_STABILIZED_RECEIVER,"Non stabilized receiver"
VARIO,"Wariometr"
MAIN_VOLUME,"Głośność ogólna"
AUDIO_VOLUME,"Głośność"
PITCH_AT_ZERO,"Ton zero"
SEQUENCE,"Sequence"
PITCH_AT_MAX,"Ton max"
REPEAT_AT_ZERO,"Powtórzenie"
SILENT,"Cichy"
ALARMS_ONLY,"Tylko alarmy"
OFTEN,"Większość"
ALWAYS,"Wszystko"
NEVER,"Never"
WHEN_TELEMETRY_STREAMING,"When telemetry streaming"
VOICE1,"Voice 1 (Main)"
VOICE2,"Voice 2"
VOICE3,"Voice 3"
SUNDAY,"Niedziela"
MONDAY,"Poniedziałek"
TUESDAY,"Wtorek"
WEDNESDAY,"Środa"
THURSDAY,"Czwartek"
FRIDAY,"Piątek"
SATURDAY,"Sobota"
JANUARY,"Styczeń"
FEBRUARY,"Luty"
MARCH,"Marzec"
APRIL,"Kwiecień"
MAY,"Maj"
JUNE,"Czerwiec"
JULY,"Lipiec"
AUGUST,"Sierpień"
SEPTEMBER,"Wrzesień"
OCTOBER,"Październik"
NOVEMBER,"Listopad"
DECEMBER,"Grudzień"
SWR,"SWR"
CURRENT,"Natęż. prądu"
VFAS,"VFAS"
TEMPERATURE_2,"Temp2"
TEMPERATURE_1,"Temp1"
FUEL,"Fuel"
ACCX,"AccX"
ACCY,"AccY"
ACCZ,"AccZ"
GPS_ALT,"GPS Wysokość"
GPS_SPEED,"GPS Prędkość"
GPS_COURSE,"GPS Kurs"
AIR_SPEED,"Prędk. w pow."
BATTERY_1_VOLTAGE,"Bat1 Voltage"
BATTERY_1_CURRENT,"Bat1 Current"
BATTERY_2_VOLTAGE,"Bat2 Voltage"
BATTERY_2_CURRENT,"Bat2 Current"
RBOX_STATE_1,"RBOX S1"
RBOX_STATE_2,"RBOX S2"
BATTERY_1_CONSUMPTION,"Bat1 Cons."
BATTERY_2_CONSUMPTION,"Bat2 Cons."
BATTERY_1_TEMPERATURE,"Bat1 temp."
BATTERY_2_TEMPERATURE,"Bat2 temp."
SD1_CHANNEL,"SD1CH"
ESC_VOLTAGE,"ESC Napięcie"
ESC_CURRENT,"ESC Prąd"
ESC_RPM,"ESC RPM"
ESC_CONSUMPTION,"ESC Consumption"
ESC_TEMPERATURE,"ESC Temp"
RB_OUTPUT_STATE,"Output State"
RB_CH1_A,"CH1 Current"
RB_CH2_A,"CH2 Current"
RB_CH3_A,"CH3 Current"
RB_CH4_A,"CH4 Current"
RB_CH5_A,"CH5 Current"
RB_CH6_A,"CH6 Current"
RB_CH7_A,"CH7 Current"
RB_CH8_A,"CH8 Current"
RB_CH9_A,"CH9 Current"
RB_OUTPUT_1_VOLTAGE,"Output1 Voltage"
RB_OUTPUT_2_VOLTAGE,"Output2 Voltage"
GASSUIT_TEMP1,"GASS Temp1"
GASSUIT_TEMP2,"GASS Temp2"
GASSUIT_SPEED,"GASS RPM"
GASSUIT_RES_VOL,"GASS Res. Vol."
GASSUIT_RES_PERC,"GASS Res. %"
GASSUIT_FLOW,"GASS Przepływ"
GASSUIT_MAX_FLOW,"GASS Przepływ Max"
GASSUIT_AVG_FLOW,"GASS Przepływ Śr."
BEC_VOLTAGE,"BEC Voltage"
BEC_CURRENT,"BEC Current"
R9M_POWER,"R9M Power"
ROLL_ANGLE,"R.Angle"
PITCH_ANGLE,"P.Angle"
HYDRAULIC_PRESSURE,"H.Pressure"
INTERNAL_GPS,"Internal GPS"
CLOCK,"Clock"
LATITUDE,"Szerokość geogr."
LONGITUDE,"Wysokość geogr."
TRIP,"Trasa"
CATEGORY,"Kategoria"
MEMBER,"Pozycje"
IGNORE_TRAINER_INPUT,"Ignoruj wejście trenera"
FULL_RANGE,"Full range"
IGNORE_RANGE,"Ignore range"
HALF_RANGE,"Half range"
NEGATIVE,"Negative"
EDGE,"Edge"
ELE_TO_AIL,"Wys => Lotki"
AIL_TO_RUD,"Lotki => Kier"
ELE_TO_CAMBER,"Wys => Camber"
RUD_TO_AIL,"Kier => Lotki"
RUD_TO_ELE,"Kier => Wys"
AIL_TO_FLAPS,"Lotki => Klapy"
FLAPS_TO_ELE,"Klapy => Wys"
FREE_MIX,"Dowolny Miks"
SNAP_ROLL,"Snap Roll"
TEST_MIX,"Test Mix"
FIXED_WING,"Samolot"
GLIDER,"Szybowiec"
HELI,"Helikopter"
MULTI,"Multikopter"
OTHER,"Inny"
CALIBRATION,"Kalibracja"
INPUTS,"Wejścia"
UPDATE,"Uaktualnienie"
SDCARD,"Karta SD"
SDCARD_ERROR,"Błąd karty SD"
INVALID_DATA,"Błędne dane"
FILE_BAD_FORMAT,"Nieznany plik"
NO_FILES_ON_SD,"Brak plików na SD"
READ_ERROR,"Błąd odczytu"
WRITE_ERROR,"Błąd zapisu"
WRONG_HEADER,"Błędny nagłówek"
WRONG_FORMAT,"Błędny format"
WRONG_CRC,"Błędne CRC"
WRONG_FILE_SIZE,"Błędny rozmiar pliku"
WRONG_FILE,"Błędny plik"
ERROR,"Błąd"
RUDDER,"Ster Kier."
ELEVATOR,"Ster Wys."
DELETE,"Usuń"
MODEL_BITMAP,"Obraz modelu"
TAIL_TYPE,"Rodzaj usterzenia ogona"
TRADITIONAL,"Tradycyjne"
VTAIL,"V-Tail"
REVERSE,"Odwróć"
RATE,"Rate"
UP,"Góra"
DOWN,"Dół"
RIGHT,"Right"
LEFT,"Left"
TOP,"Top"
BOTTOM,"Bottom"
TIMER_UP,"Plus"
TIMER_DOWN,"Minus"
LIMIT,"Limit"
SPEED,"Prędkość"
SET_DATE,"Ustaw datę"
SET_TIME,"Ustaw czas"
SILENT_MODE,"Tryb cichy"
KEY,"Key"
ALARM,"Alarm"
TRIM,"Trym"
SETUP_CHANNEL,"Setup channel"
LOGIC_SWITCH,"Logic Switch"
CREATE_MODEL,"Tworzenie modelu"
CANCEL,"Cancel"
DELAY,"Delay"
SAVE,"SAVE"
LS,"PLG"
FS,"PPR"
OP,"OP"
TRAINER_MASTER,"Trener"
TRAINER_SLAVE,"Uczeń"
LINK_MODE,"Link Mode"
TRAINEE_CHANNEL,"Kanał ucznia"
RECEIVER_TYPE,"Receiver Type"
BACK,"Back"
INTERNAL,"Wewnętrzna"
EXTERNAL,"Zewnętrzna"
RF_PROTOCOL,"Protokół RF"
EXTERNAL_RF,"External RF"
LOGIC_SWITCH_RANGE,"Range"
PLAY_SEQUENCE,"Odtwórz ścieżkę"
WAIT_DURATION,"Wait duration"
WAIT_CONDITION,"Wait condition"
CONFIRM_DELETE_LINE,"Are you sure you want to delete this line?"
ADD_A_NEW_LINE_IN_SEQUENCE,"Add a new line in sequence"
PLAY_TEXT,"Play text"
GO_TO_SCREEN,"Go to screen"
LOCK_TOUCHSCREEN,"Lock touchscreen"
BLANK,"Blank"
CALIBRATE,"Kalibruj"
CLICK_CALIBRATE_TO_START,"Aby zacząć naciśnij 'Kalibruj'"
CENTER_STICKS_POTS_SLIDERS_AND_CLICK_NEXT,"Wycentruj drążki/potencjometry/suwaki i wybierz 'Dalej'"
MOVE_STICKS_POTS_SLIDERS_AND_CLICK_NEXT,"Porusz w pełnym zakresie drążki/potencjometry/suwaki i wybierz 'Dalej'"
CALIBRATION_COMPLETE_CLICK_CONFIRM_TO_STORE,"Kalibracja zakończona, wybierz 'Zatwierdź' aby zapisać ustawienia"
BACKLIGHT,"Podświetlenie"
DARK_MODE,"Dark Mode"
HIGHLIGHT_COLOR,"Highlight Color"
MODEL_NAME,"Nazwa"
NO_AIRBRAKES,"Brak hamulców"
OK,"OK"
FLAP,"Flap"
AIRBRAKE,"Airbrake"
FILE,"Plik"
FLASH_SPORT,"Programuj S.port"
PLAY_VALUE,"Odczytaj wartość"
ANALOGS,"Proporcjonalne"
SWITCHES_POSITIONS,"Poz. przełącz."
TRIMS_POSITIONS,"Poz. trymów"
CONST_VALUE,"Const value"
SLIDER_LEFT,"Suwak lewy"
SLIDER_RIGHT,"Suwak prawy"
RIGHT_HORIZONTAL,"Prawy poziomy"
TRIM_RIGHT_HORIZONTAL_LEFT,"Trym PpozL"
TRIM_RIGHT_HORIZONTAL_RIGHT,"Trym PpozP"
RIGHT_VERTICAL,"Prawy pionowy"
TRIM_RIGHT_VERTICAL_UP,"Trym PpionG"
TRIM_RIGHT_VERTICAL_DOWN,"Trym PpionD"
LEFT_VERTICAL,"Lewy pionowy"
TRIM_LEFT_VERTICAL_UP,"Trym LpionG"
TRIM_LEFT_VERTICAL_DOWN,"Trym LpionD"
LEFT_HORIZONTAL,"Lewy poziomy"
TRIM_LEFT_HORIZONTAL_LEFT,"Trym LpozL"
TRIM_LEFT_HORIZONTAL_RIGHT,"Trym LpozR"
TRIM_T5_LEFT,"T5 L"
TRIM_T5_RIGHT,"T5 P"
TRIM_T6_LEFT,"T6 L"
TRIM_T6_RIGHT,"T6 P"
TRIM_T5_DOWN,"T5 D"
TRIM_T5_UP,"T5 G"
TRIM_T6_DOWN,"T6 D"
TRIM_T6_UP,"T6 G"
DIFFERENTIAL,"Różnicowanie"
SLOW,"Slow"
MULTIPLY,"Mnożenie"
WEIGHT_UP,"Nachylenie (x>0)"
WEIGHT_DOWN,"Nachylenie (x<0)"
OUTPUT,"Wyjście"
CLOSE,"Close"
FLASHING,"Flashing..."
RESET_DEVICE,"Device reset..."
LOW_BATTERY,"Radio battery low!"
VOLTAGE_CALIBRATION,"Voltage Calibration"
STARTING_MODEL_WIZARD,"Starting model wizard..."
RADIO_DATA_LOAD,"Radio data load"
DEFAULT_SYSTEM_SETTINGS_RESTORED,"Storage error, default system settings restored."
FLIGHT_MODE_SHORT,"FL"
PREFLIGHT_WARNING,"Preflight Warnings"
NEW_MODEL,"New model"
STARTING_CALIBRATION,"Starting calibration..."
NO_SD_CARD_WARNING,"No SD Card Warning"
ADD_CURVE_ERROR,"Add curve failed!"
STEP,"Step"
AILERON,"Lotki"
SPACE_WITH_CHANNEL," channel"
QUESTION_SWAP_SSS_AND_SSS_CHANNELS_SETTINGS,"Chcesz zamienić kanał %s na %s?"
INPUT,"Wejście"
THR_CURVE,"Thr Curve"
PITCH_CURVE,"Pitch Curve"
THROTTLE_CUT,"Throttle Cut"
DELAY_UP,"Delay Up"
DELAY_MID,"Delay Mid"
DELAY_DOWN,"Delay Down"
NO_DELAY,"No Delay"
V_TAIL,"V Tail"
DATA_REFUSED,"Data refused"
DEVICE_NOT_RESPONDING,"Device not responding"
NO_OUTPUT,"No Output"
WEIGHT_RATES,"Waga / Zakres"
OTHERWISE,"Otherwise"
AUTO,"Auto"
TRIM_STEP_FINE,"Dokładny"
TRIM_STEP_COARSE,"Zgrubny"
TRIM_STEP_EXPONENTIAL,"Wykładniczy"
TRIM_STEP_EXTRA_FINE,"Bardzo dokładny"
TRIM_STEP_MEDIUM,"Średni"
TRIM_STEP_CUSTOM,"Definiowany"
SCREENSHOT,"Zrzut ekranu"
POSITIVE,"Positive"
THROTTLE_HOLD,"Throttle Hold"
TRIGGER_VALUE,"Trigger value"
IDLE_OUTPUT_VALUE,"Idle Output Value"
LOW_POSITION_TRIM,"Low position trim"
AND,"AND"
OR,"OR"
XOR,"XOR"
SENSORS,"Czujniki"
VARIOMETER,"Wariometr"
ALARMS,"Alarms"
SENSOR,"Czujnik"
RX_BATT,"RxBatt"
RX_CURRENT,"RxCurrent"
ALTITUDE,"Wysokość"
VSPEED,"VSpeed"
SELECT_LANGUAGE,"Wybierz język"
ONCE,"Raz"
FLIGHT_DATA,"Flight data"
ALL_TIMERS,"All timers"
WHOLE_TELEMETRY,"Whole telemetry"
REPEAT,"Repeat"
WAV_FILE,"Wav file"
BUTTERFLY,"Butterfly"
CAMBER,"Camber"
PITCH_TO_RUD,"Pitch => Kier"
MISSING_BASIC_MIX,"Missing basic mixer"
MISSING_ENOUGH_CHANNEL,"Zabrakło dostępnych kanałów"
NOT_SUIT_FOR_THIS_MODEL,"Ta linia miksera nie jest odpowiednia dla tego rodzaju modelu"
THR_TO_ELE,"Gaz => Wys"
THR_TO_RUD,"Gaz => Kier"
TEMPERATURE,"Temperatura"
DATA_RATE,"Odświeżanie danych"
GPS,"GPS"
GAS_SUITE,"Gas Suite"
FLOW_RESET,"Flow reset"
CDI_OFF_SPEED_LIMIT,"CDI off speed limit"
FLOW_PULSE,"Impulsy przepływu"
AUTO_RESET,"Auto Reset"
RESET_RESIDUAL_VOLUME,"Reset residual volume"
RESET_MAX_FLOW,"Reset max flow"
RESET_AVERAGE_FLOW,"Reset average flow"
VOLUME_ALARM,"Głośność alarmu"
MAX_FLOW_ALARM,"Alarm max przepływu"
OVER_SPEED_ALARM,"Over speed alarm"
FLOW_TRIGGER,"Wyzwolenie przepływu"
FACTORY_SETTING,"Ustawienia fabryczne"
OVER_TEMP1_ALARM,"Over temp1 alarm"
OVER_TEMP2_ALARM,"Over temp2 alarm"
TEMPERATURE_UNIT,"Temp w st."
AUTO_SAVE,"Auto Save"
GPS_POSITION_DATA_RATE,"Odświeżanie danych - pozycja GPS"
GPS_ALTITUDE_DATA_RATE,"Odświeżanie danych - wysokość GPS"
GPS_SPEED_DATA_RATE,"Odświeżanie danych - prędkość GPS"
GPS_COURSE_DATA_RATE,"Odświeżanie danych - kurs GPS"
GPS_TIME_DATA_RATE,"Odświeżanie danych - zegar GPS"
RB_30_40,"RB 30/40"
EW,"EW"
NS,"NS"
DEFAULT_FLIGHT_MODE,"Domyślna Faza Lotu"
SKIP_ON_STARTUP,"Pomiń przy starcie"
LOW_VALUE_WARNING,"Wartość ostrzegawcza"
CRITICAL_VALUE,"Wartość krytyczna"
UPGRADE_MODULE,"Uaktualnij moduł"
AUTHENTICATION_FAILURE,"Błąd autentykacji"
MODULE_NEEDS_UPGRADE,"Moduł wymaga uaktualnienia"
CLEAR,"Wyczyść"
MIX_SWITCH_DESCRIPTION,"Wybierz co będzie aktywowało tę linię miksera"
MIX_WEIGHT_DESCRIPTION,"Mnożnik w % aplikowany do wejścia, od którego zależy wartość wyjścia tej linii miksera (aplikowany po krzywej)"
MIX_CURVE_DESCRIPTION,"Wybierz krzywą przypisaną do tej linii miksera (krzywa aplikowana jest przed wagą)"
MIX_DIFFERENTIAL_DESCRIPTION,"Wybierz wartość różnicowego wychylenia wartości kanałów"
MIX_OUTPUT_DESCRIPTION,"Wybierz kanał, na który będzie miała wpływ ta linii miksera"
MIX_INPUT_DESCRIPTION,"Wybierz wejście (źródło) dla tej linii miksera"
MIX_OPERATION_DESCRIPTION,"Wybierz funkcję realizowaną przez tę linię miksera: Dodawanie, Mnożenie lub Zamiana"
MIX_REVERSE_DESCRIPTION,"Odwróć kierunek działania"
MIX_OFFSET_DESCRIPTION,"Określ przesunięcie na osi Y względem środka"
MIX_WEIGHTUP_DESCRIPTION,"Określ nachylenie wyjścia dla x>0"
MIX_WEIGHTDOWN_DESCRIPTION,"Określ nachylenie wyjścia dla x<0"
MIX_SPEEDUP_DESCRIPTION,"Określ czas dojścia do wartości docelowej (dla połowy osi X)"
MIX_SPEEDDOWN_DESCRIPTION,"Określ czas zejścia do wartości docelowej (dla połowy osi X)"
MIX_LOWPOSTRIM_DESCRIPTION,"Enable low position trim only"
HELI_PITCH,"Pitch"
HELI_GYRO,"Żyro"
MISSING_THROTTLE,"Model nie ma żadnej przepustnicy"
SIX_POSITIONS_SWITCH,"Przełącznik 6-poz"
GYRO_X_AXIS,"Żyro oś X"
GYRO_Y_AXIS,"Żyro oś Y"
AILERON_LETTER,"L"
RUDDER_LETTER,"K"
ELEVATOR_LETTER,"W"
THROTTLE_LETTER,"G"
NOT,"NOT"
STICKY,"Sticky"
MIDDLE,"Middle"
NO_CHECK,"Ignoruj"
CUSTOM,"Użytkownika"
HOLD,"Utrzymuj"
NO_PULSES,"Brak impulsów"
NOT_SET,"Nie ustawiono"
NO_ENGINE,"Bez motoru"
NO_FLAPS,"Bez klap"
NO_RUDDERS,"Bez steru kierunku"
NO_ELEVATORS,"Bez steru wysokości"
NO_AILERONS,"Bez lotek"
CHANNELS_1,"1 kanał"
CHANNELS_2,"2 kanały"
CHANNELS_3,"3 kanały"
CHANNELS_4,"4 kanały"
BEEP,"Sygnał"
IN_RANGE,"in range"
REPLACE,"Zamiana"
USE_A_SOURCE,"Use a source"
CONVERT_TO_VALUE,"Convert to value"
SPECIAL,"Specjalne"
MAXIMUM,"Maximum"
MINIMUM,"Minimum"
MOMENTARY,"Chwilowy"
TWO_POS,"2-POS"
THREE_POS,"3-POS"
GYRO_CALIBRATION_PLACE_LEVEL,"Połóż radio POZIOMO i wybierz przycisk poniżej"
GYRO_CALIBRATION_LEFT,"Przechyl radio w LEWO i wybierz przycisk poniżej"
GYRO_CALIBRATION_RIGHT,"Przechyl radio w PRAWO i wybierz przycisk poniżej"
GYRO_CALIBRATION_NOSE_UP,"Pochyl radio DO GÓRY i wybierz przycisk poniżej"
GYRO_CALIBRATION_NOSE_DOWN,"Pochyl radio W DÓŁ i wybierz przycisk poniżej"
DEFAULT,"Domyślny"
STRENGTH,"Siła"
AM,"AM"
PM,"PM"
PLAY_VARIO,"Dźwięki wario"
RF_ALWAYS_OFF,"Tryb specjalny, RF zawsze wyłączone"
STAB_FUNC,"Funkcja stabilizacji"
RX_PROTOCOL,"Protokół RX"
NO_MAP,"Brak mapowania"
DIRECTION,"Kierunek"
CLOCKWISE,"Zgodny z wsk. zegara"
ANTICLOCKWISE,"Przeciwny do wsk. zegara"
PWM_PULSE_TYPE,"Standard sygnału PWM"
BASIC_CONFIG,"Konf. podst."
RX1_MAP,"Mapowanie RX1"
RX2_MAP,"Mapowanie RX2"
RX3_MAP,"Mapowanie RX3"
ALL_FREQUENCY,"Wszystkie częstotliwości"
STICKS_NAME,"Nazwy drążków"
CHANNELS_COUNT,"Ilość kanałów"
EXT,"Zew."
INT,"Wew."
PLACE_RECEIVE_LEVEL,"Place your receiver horizontal,\ntop side up."
PLACE_RECEIVE_LEVEL_REVERSE,"Place your receiver horizontal,\ntop side down."
PLACE_RECEIVE_LEFT,"Place your receiver vertical,\npins up."
PLACE_RECEIVE_RIGHT,"Place your receiver vertical,\npins down."
PLACE_RECEIVE_FORWARD,"Place your receiver legible\nlettering, pins right."
PLACE_RECEIVE_BACKWARD,"Place your receiver not legible\nlettering, pins left."
ADD_A_NEW_WEIGHT,"+ Dodaj nową wagę"
ADD_A_NEW_CURVE,"+ Dodaj nową krzywą"
AUDIO,"Audio"
VOICE,"Voice"
VAR,"Wartość"
VOLUME,"Głośność"
SAVE_TO_FLASH,"Zapisz do Flash"
SAVE_TO_FLASH_MESSAGE,"Ustawienia zostały zapisane do pamięci Flash"
TIMER_GENERATOR,"Generator Impulsów"
CONFIRM_CLEAR_CHANNEL_DDD_NAME,"Kanał %d nie jest używany przez żadną linię miksera.\nCzy wyczyścić jego nazwę?"
EDIT_SSS,"%s Edytuj"
RESET_SSS,"%s Reset"
OPTIONS_3DOTS,"Opcje..."
QUESTION_COPY_CHANNEL_NAME,"Ten kanał nie ma nazwy.\nChcesz skopiować nazwę z odpowiadającej mu linii miksera?"
FLY_BAR_LESS,"Flybarless"
WING_RUD_ELE_AIL,"Wing Rud Ele Ail"
WING_FLYING,"Wing Delta Ail/ Wing Flying"
WING_VTAIL_AIL,"Wing VTail Ail"
LEVEL,"Level"
LEVEL_REVERSED,"Level Reversed"
UPRIGHT,"Upright"
UPRIGHT_REVERSED,"Upright Reversed"
WING_TYPE,"Wing Type"
MOUNTING_TYPE,"Mounting Type"
SXR_ENABLE,"SXR Enable"
AIL_INVERTED,"Ail Inverted"
AIL2_INVERTED,"Ail2 Inverted"
ELE_INVERTED,"Ele Inverted"
ELE2_INVERTED,"Ele2 Inverted"
RUD_INVERTED,"Rud Inverted"
AUX1_ENABLE,"AUX1 Enable"
AUX2_ENABLE,"AUX2 Enable"
QUICK_MODE,"Quick Mode"
SELF_CHECK,"Self Check"
STAB_GAIN_OF_AIL,"Stabilize Gain of Ail"
STAB_GAIN_OF_ELE,"Stabilize Gain of Ele"
STAB_GAIN_OF_RUD,"Stabilize Gain of Rud"
AUTO_LEVEL_GAIN_OF_AIL,"Auto Level Gain of Ail"
AUTO_LEVEL_GAIN_OF_ELE,"Auto Level Gain of Ele"
HOVER_GAIN_OF_ELE,"Hover Gain of Ele"
HOVER_GAIN_OF_RUD,"Hover Gain of Rud"
KNIFE_EDGE_GAIN_OF_AIL,"Knife-edge Gain of Ail"
KNIFE_EDGE_GAIN_OF_RUD,"Knife-edge Gain of Rud"
AUTO_LEVEL_OFFSET_OF_AIL,"Auto Level Offset Angle of Ail"
AUTO_LEVEL_OFFSET_OF_ELE,"Auto Level Offset Angle of Ele"
HOVER_OFFSET_ANGLE_OF_ELE,"Hover Offset Angle of Ele"
HOVER_OFFSET_ANGLE_OF_RUD,"Hover Offset Angle of Rud"
KNIFE_EDGE_OFFSET_OF_AIL,"Knife-edge Offset Angle of Ail"
KNIFE_EDGE_OFFSET_OF_RUD,"Knife-edge Offset Angle of Rud"
OUTPUT_VOLTAGE,"Napięcie wyjściowe"
LIPO_VOLTAGE,"Lipo Voltage"
RB_10_20,"RB 10/20"
ALTITUDE_DATA_RATE,"Odświeżanie danych - wysokość"
VARIO_DATA_RATE,"Odświeżanie danych - wario"
CURRENT_DATA_RATE,"Odświeżanie danych - prąd"
VOLTAGE_DATA_RATE,"Odświeżanie danych - napięcie"
RPM,"RPM"
POLES_COUNT,"Ilość biegunów"
NEED_FIRMWARE_UPDATE,"Wymagana aktualizacja firmware"
SYSTEM_VALUE,"Wartości systemowe"
GPS_CLOCK,"GPS Clock"
RACING_MODE_ACTIVE,"Tryb wyczynowy aktywny"
RACING_MODE_IS_UNSUPPORTED,"Tryb wyczynowy nie wspierany"
POTS_SLIDERS,"Pot. / Suwaki"
STICKS_POTS_SLIDERS,"Drążki / Pot. / Suwaki"
WRITE_INTERVAL,"Interwał zapisu"
TX_BATT,"TxBatt"
AVERAGE,"Średnia"
TOTALIZE,"Sumuj"
CELL,"Ogniwo"
CONSUMPTION,"Zużycie"
DISTANCE,"Odległość"
FALLING_EDGE_OF_SSS_BETWEEN_SSS_AND_SSS,"↑↓Pulse of %s between %s and %s"
RISING_EDGE_OF_SSS_DURING_SSS,"%s after ↑Edge of %s"
FALLING_EDGE_OF_SSS_DURING_SSS,"↓Edge of %s during %s"
FALLING_EDGE_OF_SSS,"↓Edge of %s"
RISING_EDGE_OF_SSS,"↑Edge of %s"
STALL,"Stall"
EDITABLE_SRV_DDD_CURR,"SRV%d Curr"
EDITABLE_SRV_DDD_VOLT,"SRV%d Volt"
EDITABLE_SRV_DDD_TEMP,"SRV%d Temp"
EDITABLE_SRV_DDD_STATUS,"SRV%d Status"
CONDITION,"Condition"
TIMER_LOGS,"Timer Logs"
SAVE_TO_SD,"Zapsz na SD"
CLEAR_LOGS,"Wyczyść logi"
TITLE,"Title"
LOWEST,"Lowest"
COUNT,"Ilość"
HIGHEST,"Highest"
BLADES,"Blades"
MAINGEAR_TEETH,"Maingear teeth"
PINION_TEETH,"Pinion teeth"
GEAR,"Gear"
PROPELLER,"Propeller"
FLIGHT_VALUE,"Flight value"
CURRENT_FLIGHT_MODE,"Aktualna F.L."
NO_DESTINATION,"No destination"
ENT_LONG,"ENT Długi"
RX_STILL_ON_TURN_OFF_TRANSMITTER,"Rx is still ON, turn off the transmitter ?"
CONFIRM_RESET_SENSOR,"The value of this sensor will be reset.\nAre you sure you want to continue?"
GPS_MAP,"GPS Map"
MAP,"Map"
SYSTEM_EVENT,"Zdarzenia"
RSSI_LOW,"Niskie RSSI"
TRAINER_ACTIVE,"Trainer active"
MULTIPLIER,"Multiplier"
VERTICAL,"Vertical"
HORIZONTAL,"Horizontal"
TOTAL,"Total"
CELLS,"Cells"
MULTI_LIPO,"Multi LiPo"
LIPO,"LiPo"
LINE_CHART,"Line Chart"
LOG_PERIOD,"Log Period"
RESUME,"Resume"
PAUSE,"Pause"
AUTO_RANGE,"Auto Range"
LOCK,"Priorytet"
Xx2POS,"{HARDWARE_FUNCTION_SWITCHES} x 2-poz"
XPOS_WITH_OFF,"{HARDWARE_FUNCTION_SWITCHES}-poz z WYŁ"
XPOS,"{HARDWARE_FUNCTION_SWITCHES}-poz"
2xXPOS,"2 x {HARDWARE_FUNCTION_SWITCHES_PER_SIDE}-poz"
GLOBAL,"Globalna"
_2DOTS,": "
SUMMARY,"Summary"
CONFIRM_STOP_USING_CURVE,"Are you sure you want to stop using this curve?"
CONFIRM_STOP_USING_RATE,"Are you sure you want to stop using this rate?"
PATTERN,"Pattern"
LAST_POSITION,"Jako ostatni"
SLEEP_BRIGHTNESS,"Jasność wygaszonego"
TOP_LCD_SLEEP,"Top LCD Sleep"
VIEW_PER_CHANNEL,"View per Channel"
VIEW_TABLE,"Table View"
GENERAL,"General"
RX_STILL_ON_TURN_OFF_RF,"Receiver is still connected.\nAre you sure you want to continue?"
LOAD_ALL_FUNCTION_SWITCH_POSITIONS,"Load all function switches positions","Load all FS positions"
CONFIRM_LOAD_ALL_FUNCTION_SWITCH_POSITIONS,"This operation will override all FS positions with the current ones. Are you sure you want to continue?"
STORAGE_LOCATION,"Storage location"
RADIO,"Radio"
MODELS,"Models"
USER_BITMAPS,"User Bitmaps"
SCRIPTS,"Scripts"
LOGS,"Logs"
SCREENSHOTS,"Screenshots"
PRESSURE,"Pressure"
COLOR,"Color"
CONFIRM_CLEAR_CHANNELS_SSS_NAME,"There are no mixers using channel %s. Do you want to clear the name of these channels?"
CHANNEL_SBUS_VALUE_LIMIT_WARNING,"The new channel value is incompatible with SBUS/redundancy use. Are you sure you want to continue?"
VOLTAGE,"Voltage"
SAVE_TO_FILE,"Save to File"
FLASH_VIDEO_COMPONENT,"Flash Video Component"
RX_BAT_VOLTAGE,"RX Battery Voltage"
RX_BAT_2_VOLTAGE,"RX Battery 2 Voltage"
EXT_ADC_VOLTAGE,"Extern ADC Voltage"
BOARD_CURRENT,"Board Current"
POWER_ON_RESET,"Power On Reset"
PIN_RESET,"Pin Reset"
WAKE_UP_RESET,"Wake Up Reset"
WATCHDOG_RESET,"Watchdog Reset"
LOCKUP_RESET,"Lockup Reset"
BROWN_DOWN_DET_RESET,"Brown Down Detection Reset"
RX_RESET_CASE,"RX Reset Case"
OPERATION_ASSIGN,"Assign(=)"
OPERATION_ADD,"Add(+)"
OPERATION_SUBTRACT,"Subtract(-)"
OPERATION_MULTIPLY,"Multiply(*)"
OPERATION_DIVIDE,"Divide(/)"
OPERATION_MIN,"Min"
OPERATION_MAX,"Max"
REPURPOSE,"Repurpose"
SENSOR_CONFLICT_WARNING,"Sensor Conflict Warning"
NIGHTLY_BUILD_NOT_FOR_FLYING,"Nightly build, not for flying!"
READING_FILE,"Reading file ..."
NOT_ENOUGH_MEMORY,"Not enough memory"
CLEAN_LOGS,"Clean logs"
CONFIRM_CLEAN_LOGS,"This operation will remove all the .csv files under the directory. Are you sure you want to continue?"
CLEANING_LOGS,"Cleaning logs ..."
PAUSE_CONDITION,"Pause condition"
RESET_SETTINGS,"Reset settings"
SWAP_CHANNELS,"Swap channels"
CONFIRM_RESET_SETTINGS,"The settings will be reset to the default values.\nAre you sure you want to continue?"
CONFIRM_SWITCH_EXTERNAL_MODULE,"External module is now used. It will be stopped.\nAre you sure you want to continue?"
CONFIRM_SWITCH_TRAINER,"Trainer is now using the external module. It will be stopped.\nAre you sure you want to continue?"
COMPETITION_OPTION,"Competition (only RSSI and Battery)","Competition (RSSI / Batt)"
CONFIRM_BLUETOOTH_USED_BY_SSS,"Bluetooth is now used by %s. It will be stopped.\nAre you sure you want to continue?"
BOTH_MODULES,"Both modules"
SPORT_CONNECTOR,"S.Port connector"
CONFIRM_SPORT_USED_BY_SSS,"S.Port connector is now used by %s. Are you sure you want to continue?"
TRAINER_CABLE,"Trainer Cable"
BLUETOOTH,"Bluetooth"
SBUS_EXTERNAL_MODULE,"SBUS External Module"
CPPM_EXTERNAL_MODULE,"CPPM External Module"
LUA_TASKS,"Lua Tasks"
LUA_SOURCES,"Lua Sources"
MISSING_SCRIPT_FILE,"Missing script file"
BITMAP,"Bitmap"
BITMAP_TYPE,"Bitmap type"
BITMAP_FILE,"Bitmap file"
FILE_PATH,"File path"
TEXT,"Text"
DOCUMENTS,"Documents"
TELEMETRY_ACTIVE,"Telemetry Active"
FLIGHT_RESET,"Flight reset"
THROTTLE_ACTIVE,"Throttle Active"
USB_MODE_PRESELECTION,"USB Mode Preselection"
USB_MODE,"USB Mode"
JOYSTICK,"Joystick"
SERIAL,"Serial"
SELECT_MODEL_AT_POWER_ON,"Select model at power on"
LOAD_MODEL,"Load model"
COUNTING_SOURCE,"Proportional timing source"
SEND_FILE,"Send file"
FILE_TRANSFER,"File transfer"
RECEIVE_FILE_HERE,"Receive file here"
WAITING_FOR_CONNECTION,"Waiting for connection"
WAITING_FOR_RECEIVER_CONFIRMATION,"Waiting for receiver confirmation..."
FILE_TRANSFER_FAILED,"File transfer failed"
CONFIRM_RECEIVE_FILE_SSS_IN_FOLDER_SSS_SIZE_IS_SSS,"About to receive file %s to folder %s\nFile size is %s"
CONFIRM_OVERWRITE_FILE_SSS_IN_FOLDER_SSS_SIZE_IS_SSS,"About to overwrite file %s in folder %s\nFile size is %s"
SENDING_SSS,"Sending %s..."
RECEIVING_SSS,"Receiving %s..."
SEND_MODEL,"Send model"
RECEIVE_MODEL,"Receive model"
UNIT_KNOT,"wzł"
UNIT_MILLILITER_PER_PULSE,"ml/p"
UNIT_RPM,"r/m"
ARE_YOU_USING_A_FRSKY_SELF_STAB_RECEIVER,"Are you using a self-stab receiver from FrSky?"
ASSIGN_INPUT_HINT,"Please assign input sources for the following functions"
EMERGENCY,"Emergency"
GAIN_ADJUST,"Gain adj."
CONFIRMATION,"Confirmation"
ENABLE_XXX,"Enable %s?"
DISABLE_XXX,"Disable %s?"
CONFIRMATION_BEFORE_ACTIVE,"Confirmation before active"
CONFIRMATION_BEFORE_INACTIVE,"Confirmation before inactive"
REMOTE_NFC,"Remote NFC"
SWITCH_CHANNEL,"Switch channel"
WIRELESS,"Wireless"
TIMEOUT,"Time out"
NO_ENABLED_MODULE,"Please enable the module you want to bind with NFC"
GET_MODULE_UUID_FAILED,"Failed to get module UUID.\nPlease check your module state!"
BIND_NFC_FAILED,"Failed to bind the NFC with the module!"
PROTOCOL_NOT_SUPPORTED,"The current module protocol is not supported!"
CONFIRM_DELETE_TRIM,"Are you sure you want to delete this extra trim?"
LEFT_STICK,"Left stick"
RIGHT_STICK,"Right stick"
ALL_MOTORS,"All motors"
SELECT,"Select"
SINGLE_MOTOR,"Single motor"
STICK_MOTORS,"Stick motors"
CONFIRM_DELETE_ACTION,"Are you sure you want to remove this action?"
CONFIRM_DELETE_SCREEN,"Are you sure you want to remove this screen?"
CONFIRM_DELETE_SENSOR,"Are you sure you want to remove this sensor?"
FILE_ALREADY_EXISTS,"A file with the same name already exists"
MODEL_RUNTIME,"Model runtime"
RADIO_RUNTIME,"Radio runtime"
INVERTED_CHANNELRADIO_RUNTIME,"Radio runtime"
WAITING_FOR_SIGNAL,"waiting for signal..."
CONFIRM_RESET_RUNTIME,"Runtime will be reset.\nAre you sure you want to continue?"
BANK,"Bank"
POWER_SWITCH,"Power switch"
CURRENT_AND_VOLTAGE_RATE,"Current & voltage rate"
BEC_VOLTAGE_RATE,"BEC voltage rate"
SBEC_VOLTAGE,"SBEC voltage"
BATTERY_MODE,"Battery mode"
SWITCH_VOLTAGE,"Switch voltage"
BALANCE,"Balance"
BACKUP,"Backup"
BALANCE_CHANNELS,"Balance channels"
CHOOSE_ANOTHER_CHANNEL,"Choose another channel"
BALANCE_CURVE,"Balance curve"
