TRANSLATION_NAME,"Português"
TRANSLATION_KEY,"pt"
FORMULA,"Formula"
CALCULATED_SENSOR,"Sensor customizado"
NAME,"Nome"
DECIMALS,"Décimais"
VALUE,"Valor"
SENSOR_LOST_WARNING_DELAY,"Alerta sensores perdidos"
WARNING_DISABLED,"Warning Disabled"
RANGE,"Alcance"
SPACE_WITH_SAMPLES," samples"
RESET,"Reiniciar"
TELEMETRY_SENSOR,"Sensor de telemetria"
UNIT,"Unidade"
WRITE_LOGS,"Escritura de registo"
ID,"ID"
CENTER,"Centro"
SUBTRIM,"Subtrim"
PWM_CENTER,"PWM Center"
NORMAL,"Normal"
EQUAL,"Equal"
UNPLUGGED,"Unplugged"
BEHAVIOUR,"Behaviour"
ADD_NEW_BEHAVIOUR,"Add a new behaviour"
ADD_EXTRA_TRIM,"Add an extra trim"
EXTRA_TRIM,"Extra trim"
SLOW_UP,"Acelerar"
MIN,"Min"
CURVE,"Curva"
MAX,"Max"
CHANNEL,"Canal"
INVERT,"Inverter"
SLOW_DOWN,"Desacelarar"
INVERTED,"Invertido"
FLIGHT_MODES,"Modos de voo"
MIX_FLIGHT_MODES_DESCRIPTION,""
MIX_NAME_DESCRIPTION,""
TRIGGER_ON_CONDITION,"Condição para ON"
COMMENT,"Commentário"
FUNCTION,"Função"
VALUES,"Values"
ADD_NEW_VALUE,"+ Add a new value"
ACTIONS,"Actions"
ADD_NEW_ACTION,"+ Add a new action"
DURATION_HIGH,"Duração ativada"
RISING_EDGE,"Bordo ascendente"
DURING,"Durante"
VALUE1,"Valor 1"
VALUE_X,"Valor (X)"
CHECK_INTERVAL,"Freq. verificação"
ACTIVE_CONDITION,"Condição"
MIN_DURATION,"Duração mínima"
MAX_DURATION,"Max duration"
DURATION_LOW,"Duração desativada"
VALUE2,"Valor 2"
DELAY_BEFORE_ACTIVE,"Atraso antes ON"
DURATION,"Duração"
SOURCE_A,"Fonte (A)"
TRIGGER_OFF_CONDITION,"Condição para  OFF"
DELAY_BEFORE_INACTIVE,"Atraso antes OFF"
DELAY_ON_OFF,"Delay ON / OFF"
SOURCE,"Fonte"
APPLICATION_ID,"ID Aplicação"
PHYSICAL_ID,"ID Fisíco"
ACTION,"Acção"
TRAINER,"Trainer"
TRAINER_MODE,"Modo trainer"
CHANNEL_RANGE,"Canais"
CH,"CH"
OUTPUTS,"Saídas"
LAST_MODIFICATION,"Última modificação"
CLONE,"Duplicar"
MODEL_MATCH,"ID Modelo"
MODEL_DATA_LOAD,"A carregar o modelo"
FILE_SIZE,"Tamanho do ficheiro"
MODEL_SELECT,"Sel. modelo"
NO_MODELS_DIRECTORY,"No models directory!"
ARE_YOU_SURE_YOU_WANT_TO_DELETE_THIS_MODEL,"Deseja eliminar este modelo ?"
SUCCESS,"Sucesso!"
CLONE_MODEL_SUCCESSFULLY,"Modelo replicado com sucesso!"
FILENAME_TOO_LONG,"Filename too long!"
RX_STILL_ON_SELECT_ANOTHER_MODEL,"Receiver is still ON, are you sure to switch to this model?"
CONFIRM_SELECT_ANOTHER_MODEL,"Are you sure you want to select another model?"
FILE_NAME,"Nome"
MODEL_TYPE,"Tipo de modelo"
CONFIRM,"Confirmar"
SET_CURRENT_MODEL,"Selecionar modelo"
UNCATEGORIZED,"Uncategorized"
CHANGE_FOLDER,"Change Folder"
OPERATION,"Operation"
OPERATION_FAILED,"Operation failed!"
DELETE_FOLDER,"Delete Folder"
RENAME_FOLDER,"Rename Folder"
CREATE_FOLDER,"Create Folder"
CONFIRM_DELETE_FLIGHT_MODE,"Deseja eliminar este modo de voo ?"
MOVE,"Mover"
EDIT,"Editar"
ADD,"Adicionar"
TELEMETRY_PORT,"Porto Telem."
WARNING,"Aviso"
ERRORS,"Errors"
OPTIONS,"Opções"
CONFIGURE,"Configure"
WAITING_FOR_RECEIVER,"À espera do recetor..."
PIN,"Pin"
TELEMETRY,"Telemetria"
RX_SETTINGS,"Parametros RX"
NO_RESPONSE_FROM_RECEIVER,"Sem resposta do recetor"
SBUS_OUT,"SBUS Out"
SBUS_IN,"SBUS In"
TELEMETRY_25_MW,"Telemetria 25mW"
HIGH_PWM_SPEED,"PWM alta velocidade"
FLIGHT_DATA_RECORDER,"Flight Data Record"
RX_HAS_NO_FLIGHT_DATA_RECORD,"Receiver has no flight data recorder."
SENSOR_CONFIG,"Config. sensor"
CONFIRM_DELETE_TIMER,"Deseja eliminar o temporizador ?"
TIMER,"Temporizador"
MODE,"Modo"
PASTE,"Colar"
TIMERS,"Temporizadores"
COPY,"Copiar"
NO_TIMER_HINT,"Sem temporizador. Pressione '+' para criar um !"
ANTENNA,"Antena"
POWER_HAS_BEEN_CHANGED_PLEASE_REBIND,"A tensão foi alterada, por favor, re-emparelhe!"
NO_RESPONSE_FROM_MODULE,"Sem resposta do módulo !"
POWER,"Potência"
BAUDRATE,"Baudrate"
WAITING_FOR_MODULE,"À espera do módulo..."
TX_SETTINGS,"Parametros TX"
MIXES,"Misturas"
CHANNELS,"Canais"
FLIGHT_MODE,"Modo de voo"
D,"D"
CONFIRM_DELETE_MIX,"Deseja eliminar a mistura ?"
CONFIRM_DELETE_SSS,"Are you sure you want to delete %s"
NONE,"Nenhum"
NO_MIX_HINT,"Sem misturas. Pressione '+' para criar uma !"
TYPE,"Tipo"
SHARE,"Partilhar"
RX,"RX"
RACING_MODE,"Modo corrida"
RANGE_CHECK,"Testar alcance","Alcance"
EXTERNAL_MODULE,"Módulo externo"
BIND_OK,"Emparelhagem OK"
BINDING_3DOTS,"Emparelhamento..."
BIND,"Emparelhar"
FAILSAFE,"Failsafe"
INTERNAL_MODULE,"Módulo interno"
SET_FAILSAFE,"Definir failsafe"
RESET_BIND,"Reiniciar emparelhamento"
FACTORY_RESET,"Factory reset"
RF_SYSTEM,"Sistema RF"
OWNER_REGISTRATION_ID,"Registo ID proprietário"
SELECT_DEVICE,"Selectionar periférico"
REGISTER,"Registar"
VALID_FRAME_RATE,"VFR"
STATE,"Estado"
PROTOCOL,"Protocolo"
RSSI,"RSSI"
ARE_YOU_SURE_TO_RESET_THIS_RECEIVER,"Deseja reiniciar o receptor ?"
SET,"Definir"
EXPO,"Expo"
UNIT_POINTS_COUNT,"Pontos"
WEIGHT,"Peso"
POINTS,"Pontos"
OFFSET,"Desfasamento"
AUTO_OFFSET,"Auto offset"
SMOOTH,"Suavizar"
OFFSET_WHEN_ACTIVE,"Offset when active"
OFFSET_WHEN_INACTIVE,"Offset when inactive"
POINT,"Ponto"
POINTS_COUNT,"Num. de pontos"
EASY_MODE,"Modo simples"
LOGIC_SWITCHES,"Interrup. lógicos","Inter. log."
ARE_YOU_SURE_YOU_WANT_TO_DELETE_THIS_LOGIC_SWITCH,"Deseja eliminar o interruptor lógico ?"
NO_LOGIC_SWITCH_HINT,"Sem interruptores lógicos. Pressione '+' para criar um !"
START_CONDITION,"Start condition"
STOP_CONDITION,"Stop condition"
TIMER_EDIT,"Editar temporizador"
PERSISTENT,"Permanente"
START_VALUE,"Valor de início"
AUDIO_ACTIONS,"Audio actions"
AUDIO_ACTION,"Audio action"
ADD_A_NEW_AUDIO_ACTION,"Add a new audio action"
ALARM_VALUE,"Valor de alarme"
HAPTIC,"Vibração"
COUNTDOWN,"Countdown"
BEEP_COUNTDOWN,"Beep countdown"
START,"Start"
PLAY_FILE,"Play File"
SPACE_WITH_OTHERS," outros..."
CONFIRM_DELETE_CURVE,"Deseja eliminar esta curva ?"
CURVE_USED_BY,"Curva usada pelas seguintes misturas :"
AND_WITH_TWO_SPACES," e "
CURVES,"Curvas"
VARS,"Vars"
NO_VAR_HINT,"No var yet. Please press the add button to create one!"
ARE_YOU_SURE_YOU_WANT_TO_DELETE_THIS_VAR,"Are you sure you want to delete this var?"
NO_CURVE_HINT,"Sem curva. Pressione '+' para criar uma !"
CONFIRM_RESET_MIXES,"Esta mudança irá apagar todas as suas misturas. Continuar ?"
ELEVATORS,"Profundidade"
YAW,"Yaw"
SWASH_PLATE,"Prato"
EDIT_MODEL,"Editar modelo"
PICTURE,"Imagem"
TAIL,"Cauda"
AILERONS,"Ailerons"
PITCH,"Pitch"
THROTTLE,"Acelerador"
FLAPS,"Flaps"
ENGINE,"Motor"
RUDDERS,"Deriva"
ROLL,"Roll"
FUNCTION_SWITCHES,"Inter. de função"
RESET_ALL_MIXES,"Apagar todas as misturas"
CREATE_CALCULATED_SENSOR,"Criar sensor customizado"
CONFIRM_DELETE_SENSORS,"Todos os sensores serão removidos. \n Tem a certeza que deseja continuar?"
ON,"Lig."
OFF,"Desl."
DISCOVER_NEW_SENSORS,"Descoberta de sensores"
DELETE_ALL,"Apagar todos"
CREATE_DIY_SENSOR,"Criar Sensor DIY"
CONFIRM_LOAD_ALL_SWITCH_POSITIONS,"Esta operação substituirá todas as posições de verificação dos interruptores pelas posiçoes atuais. Deseja continuar?"
CHECK_FUNCTION,"Funcão verificação"
LOAD_ALL_SWITCH_POSITIONS,"Carregar todas as posições dos interruptores"
CONFIRM_LOAD_ALL_POT_POSITIONS,"Esta operação substituirá todas as posições de verificação dos potenciómetros pelas posiçoes atuais. Deseja continuar?"
LOAD_ALL_POT_POSITIONS,"Carregar todas as posições dos potenciómetros"
CALIBRATION_FINISH,"Calibração terminada !"
SXR_CALIBRATION,"Calibração SxR"
CLICK_WHEN_DONE,"Validar"
CALIBRATING,"Calibração..."
SXR_CALIBRATION_DESCRIPTION,"Calibração do receptor SxR"
SLAVE_CH,"CH escravo"
PERCENT,"Percentagem"
DESTINATION,"Destino"
ENABLE,"Lig."
NO_FUNCTION_HINT,"Sem função. Pressione '+' para criar uma !"
SPECIAL_FUNCTIONS,"Funções especiais"
SF,"SF"
DISABLE,"Desl."
ARE_YOU_SURE_YOU_WANT_TO_DELETE_THIS_SPECIAL_FUNCTION,"Deseja eliminar a função ?"
REGISTRATION_OK,"Registo OK"
UID,"UID"
REGISTRATION_ID,"ID de registo"
RX_NAME,"Nome RX"
RECEIVER_CONNECTED,"Recetor conectado"
REGISTRATION,"Registo"
TRIMS,"Trims"
FADE_IN,"Fade In"
FADE_OUT,"Fade Out"
AUTO_DETECT,"Auto Detect"
DISPLAY_DECIMALS_AND_UNIT,"Precisão Ecrã / Unidade"
SELECT_SENSOR,"Selecionar Sensor"
DIY_SENSOR,"Sensor DIY"
WAITING,"A aguardar"
BAND,"Banda"
RATIO,"Rácio"
MODULE,"Modulo"
PROTOCOL_DECIMALS_AND_UNIT,"Precisão Protocolo / Unidade"
CROSS_TRIM,"Trims cruzados"
MOVE_TRIM_TO_SUBTRIM,"Move trim to subtrim"
INSTANT_TRIM,"Instant trim"
CONFIRM_MOVE_TRIM_TO_SUBTRIM,"Confirm move trim to subtrim?"
MOVE_TRIMS_TO_SUBTRIMS,"Move trims to subtrims"
CONFIRM_MOVE_TRIMS_TO_SUBTRIMS,"Confirm move trims to subtrims?"
INDEPENDENT_PER_FLIGHT_MODE,"Trim por modo de voo"
STICK,"Stick"
CONFIGURE_SCREENS,"Configurar ecrãs"
TOP_SCREEN,"Top Screen"
CHANGE_LAYOUT,"Change Layout"
FULL_SCREEN,"Full Screen"
WIDGET,"Widget"
SET_MAIN_SCREEN,"Definir ecrã principal"
CONFIGURE_WIDGET,"Configurar widget"
NEW_SCREEN,"Novo ecrã"
SCREEN,"Ecrã"
CHANGE_WIDGET,"Alterar o widget","Alterar"
MOVE_FORWARD,"← Mover para frente"
MOVE_BACKWARD,"→ Mover para trás"
RESET_FLIGHT,"Reset voo"
RESET_TIMERS,"Reset Temporizadores"
RESET_TELEMETRY,"Reset Telemetria"
HOME,"Principal"
ADD_AFTER,"Adicionar após..."
ADD_MIX_FAILED,"Erro a adicionar mistura !"
MAX_MIXES_REACHED,"Número máximo de misturas atingido!"
FIRST_POSITION,"Primeira posição"
MIXES_LIBRARY,"Biblioteca"
LOCAL_ADDRESS,"Endereço local"
WAITING_FOR_DEVICES,"A aguardar por periféricos..."
LOCAL_NAME,"Nome local"
SEARCH_DEVICES,"Procurar periféricos"
BLUETOOTH_DEVICE_CONNECTED,"Periférico bluetooth conectado"
CONNECT_LAST_DEVICE,"Conectar a periférico anterior"
NO_BLUETOOTH_DEVICE_FOUND,"Sem periférico bluetooth detetado !"
SPEAKER_MUTE,"Desativar altifalante"
DISCONNECT,"Desconectar"
WAITING_FOR_DEVICE,"Desconexão em curso"
DIST_ADDRESS,"Endereço distante"
CONNECTING,"Conexão em curso"
RESET_MODULE,"Reiniciar módulo"
HIGH_SPEED,"High Speed"
NORMAL_SPEED,"Normal Speed"
MODEL,"Modelo"
CHECKLIST,"Checklist"
FILE_MANAGER,"Ficheiros"
SOUND,"Som e Vibr."
STICKS,"Sticks"
DATE_TIME,"Data e Hora"
HARDWARE,"Hardware"
INFO,"Info"
SERIAL_NUMBER,"Serial number"
RESET_FACTORY_SETTINGS,"Reset factory settings"
CONFIRM_RESET_FACTORY_SETTINGS,"Reset factory settings?"
SYSTEM,"Sistema"
DISPLAY,"Ecrã"
KEYBOARD,"Keyboard"
ENABLE_SLIDER,"Enable slider"
DISABLE_SLIDER,"Disable slider"
ALERTS,"Alertas"
SPECTRUM_ANALYSER,"Analisador de espectros"
BATTERY,"Bateria"
CHECKLIST_WARNING,"Alerta checklist"
RADIO_IS_IN_SILENT_MODE,"Rádio em modo silêncioso"
RADIO_BATTERY_IS_LOW,"Tensão bateria do rádio baixa"
THROTTLE_IS_NOT_IDLE,"Stick do acelerador alto"
ARE_NOT_IN_SAFE_POSITION," são na posição errada"
IS_NOT_IN_SAFE_POSITION," é na posição errada"
FUNCTION_SWITCHES_ARE_NOT_IN_SAFE_POSITION,"Function switches are not in safe position"
FAILSAFE_IS_NOT_SET,"Failsafe não definido"
RTC_BATTERY_IS_LOW,"Tensão bateria RTC baixa"
ALWAYS_ON,"Sempre ligado"
YES,"Sim"
DIGITAL_RSSI,"RSSI numérico"
GYRO,"Gyro"
LANGUAGE,"Língua"
SWITCHES,"Interruptores"
TOP_TOOLBAR,"Barra superior"
NO,"Não"
BRIGHTNESS,"Luminosidade"
KEYS,"Toques"
WAKE_UP,"Activar"
DIGITAL_VOLTAGE,"Tensão digital"
SLEEP,"Hibernar"
SYSTEM_ALERTS,"Alertas do sistema"
INACTIVITY,"Inactividade"
AUTO_ADJUST_FROM_GPS,"Auto ajuste a partir do GPS"
DATE,"Data"
ADJUST_RTC_SPEED,"Adjust RTC speed"
SHOW_SECONDS,"Mostrar segundos"
IS24HOUR,"Formato horário 24h"
TIME_ZONE,"Fuso horário"
YEAR,"Ano"
MONTH,"Mês"
TIME,"Hora"
NEXT,"Seguinte"
GYRO_CALIBRATION,"Calibração do gyro"
PREV,"Anterior"
MDL_LONG,"MDL Long"
HARDWARE_CHECK,"Verificação hardware"
SWITCHES_SETTINGS,"Configurações dos Interruptores"
ADC_INSPECTOR,"Analógico"
SYS_LONG,"SYS Long"
HOME_KEYMAP,"Home Keymap"
POTS_SLIDERS_SETTINGS,"Configurações dos Pots/Sliders"
SWITCH_MIDDLE_DETECT_DELAY,"Atraso deteção do centro do inter."
DISP_SHORT,"{DISP_LABEL} Short"
DISP_LONG,"{DISP_LABEL} Long"
SWITCH,"Interruptor"
ANALOGS_FILTER,"Filtro Analógico"
ANALOGS_CALIBRATION,"Calibrar entradas"
CONFIRM_CONTINUE,"Continuar ?"
THR_NOT_LOW_WARNING,"Reduza o acelerador !"
CHANNELS_ORDER,"Ordem dos canais"
STICKS_MODE,"Modo"
STICKS_MODE_1,"Sticks mode 1"
STICKS_MODE_2,"Sticks mode 2"
STICKS_MODE_3,"Sticks mode 3"
STICKS_MODE_4,"Sticks mode 4"
FIRST_FOUR_CHANNELS_FIXED,"Primeiros quatro canais fixos"
NO_SD_CARD,"Sem cartão SD"
FLASH_BOOTLOADER,"Flash Bootloader"
FLASH_INTERNAL_MODULE,"Flashar o módulo interno"
PLAY,"Tocar"
CURRENT_VERSION,"Versão atual"
FLASH_RECEIVER_BY_INTERNAL_MODULE_OTA,"Flashar RX por OTA int."
FLASH_RECEIVER_BY_EXTERNAL_MODULE_OTA,"Flash RX by ext. OTA"
OTA_UPDATE,"Atualização OTA"
FLASH_EXTERNAL_DEVICE,"Flashar periférico externo"
OPEN,"Abrir"
FLASH_EXTERNAL_MODULE,"Flashar o modulo externo"
FLASH_EXTERNAL_MULTIMODULE,"Flash external multimodule"
MOVE_HERE,"Mover para aqui"
OTA_UPDATE_ERROR,"Erro a atualizar via OTA"
UNSUPPORTED_RX,"RX não suportado"
MAIN_VOLTAGE,"Tensão Rádio"
DISPLAY_VOLTAGE_RANGE,"Gama de tensão do icone"
LOW_VOLTAGE,"Valor de alarme para bateria fraca"
RTC_VOLTAGE,"Tensão Pilha RTC"
UNKNOWN,"Desconhecido"
FIRMWARE,"Firmware"
FIRMWARE_VERSION,"Versão firmware"
VIDEO_HARDWARE_VERSION,"Video Hardware Version"
RECEIVER,"Receptor"
NON_STABILIZED_RECEIVER,"Non stabilized receiver"
VARIO,"Vario"
MAIN_VOLUME,"Volume principal"
AUDIO_VOLUME,"Volume"
PITCH_AT_ZERO,"Tonalidade a zero"
SEQUENCE,"Sequence"
PITCH_AT_MAX,"Tonalidade máxima"
REPEAT_AT_ZERO,"Repetição"
FIXED_WING,"Avião"
GLIDER,"Planador"
HELI,"Hélicoptero"
MULTI,"Multi"
OTHER,"Outro"
CALIBRATION,"Calibração"
INPUTS,"Entradas"
UPDATE,"Atualizar"
SDCARD,"Cartão SD"
SDCARD_ERROR,"Erro no Cartão SD"
INVALID_DATA,"Dados inválidos"
FILE_BAD_FORMAT,"Ficheiro desconhecido"
NO_FILES_ON_SD,"Sem ficheiros no cartão SD !"
READ_ERROR,"Erro de leitura"
WRITE_ERROR,"Erro de escrita"
WRONG_HEADER,"Cabeçalho errado"
WRONG_FORMAT,"Formato incorreto"
WRONG_CRC,"CRC incorrecto"
WRONG_FILE_SIZE,"Tamanho de ficheiro incorreto"
WRONG_FILE,"Ficheiro incorreto"
ERROR,"Erro"
RUDDER,"Deriva"
ELEVATOR,"Profundidade"
DELETE,"Eliminar"
MODEL_BITMAP,"Imagem do modelo"
TAIL_TYPE,"Tipo de cauda"
TRADITIONAL,"Tradicional"
VTAIL,"Cauda em V"
REVERSE,"Inverter"
RATE,"Rate"
UP,"Cima"
DOWN,"Baixo"
RIGHT,"Right"
LEFT,"Left"
TOP,"Top"
BOTTOM,"Bottom"
TIMER_UP,"Cima"
TIMER_DOWN,"Baixo"
LIMIT,"Limite"
SPEED,"Velocidade"
SET_DATE,"Definir a data"
SET_TIME,"Definir a hora"
SILENT_MODE,"Modo silêncioso"
KEY,"Toque"
ALARM,"Alarme"
TRIM,"Trim"
SETUP_CHANNEL,"Definir canais"
LOGIC_SWITCH,"Interruptores lógicos"
CREATE_MODEL,"Criar modelo"
CANCEL,"Cancelar"
DELAY,"Atraso"
SAVE,"Gravar"
LS,"LS"
FS,"FS"
OP,"OP"
TRAINER_MASTER,"Mestre"
TRAINER_SLAVE,"Escravo"
LINK_MODE,"Ligação"
TRAINEE_CHANNEL,"Canal de treino"
SUNDAY,"Domingo"
MONDAY,"Segunda"
TUESDAY,"Terça"
WEDNESDAY,"Quarta"
THURSDAY,"Quinta"
FRIDAY,"Sexta"
SATURDAY,"Sábado"
JANUARY,"Janeiro"
FEBRUARY,"Fevereiro"
MARCH,"Março"
APRIL,"Abril"
MAY,"Maio"
JUNE,"Junho"
JULY,"Julho"
AUGUST,"Agosto"
SEPTEMBER,"Setembro"
OCTOBER,"Outubro"
NOVEMBER,"Novembro"
DECEMBER,"Dezembro"
RECEIVER_TYPE,"Tipo de recetor"
BACK,"Retroceder"
INTERNAL,"Interno"
EXTERNAL,"Externo"
RF_PROTOCOL,"Protocolo RF"
EXTERNAL_RF,"RF Externo"
LOGIC_SWITCH_RANGE,"Intervalo"
PLAY_SEQUENCE,"Tocar ficheiro"
WAIT_DURATION,"Wait duration"
WAIT_CONDITION,"Wait condition"
CONFIRM_DELETE_LINE,"Are you sure you want to delete this line?"
ADD_A_NEW_LINE_IN_SEQUENCE,"Add a new line in sequence"
PLAY_TEXT,"Play text"
GO_TO_SCREEN,"Go to screen"
LOCK_TOUCHSCREEN,"Lock touchscreen"
BLANK,"Vazio"
CALIBRATE,"Calibrar"
CLICK_CALIBRATE_TO_START,"Pressione 'Calibrar' para começar"
CENTER_STICKS_POTS_SLIDERS_AND_CLICK_NEXT,"Centre os sticks/pots e pressione 'Seguinte'"
MOVE_STICKS_POTS_SLIDERS_AND_CLICK_NEXT,"Mova os sticks/pots em todas as direçoes e pressione 'Seguinte'"
CALIBRATION_COMPLETE_CLICK_CONFIRM_TO_STORE,"Calibração concluída, pressione 'Confirmar' para sair"
BACKLIGHT,"Retro-iluminação"
DARK_MODE,"Dark Mode"
HIGHLIGHT_COLOR,"Highlight Color"
MODEL_NAME,"Nome"
NO_AIRBRAKES,"Sem travões"
SWR,"SWR"
CURRENT,"Corrente"
VFAS,"VFAS"
TEMPERATURE_2,"Temp2"
TEMPERATURE_1,"Temp1"
FUEL,"Combustivel"
ACCX,"AccX"
ACCY,"AccY"
ACCZ,"AccZ"
GPS_ALT,"Alt. GPS"
GPS_SPEED,"Velocidade GPS"
GPS_COURSE,"Curso GPS"
AIR_SPEED,"Velocidade Ar"
BATTERY_1_VOLTAGE,"Bat1 Voltage"
BATTERY_1_CURRENT,"Bat1 Current"
BATTERY_2_VOLTAGE,"Bat2 Voltage"
BATTERY_2_CURRENT,"Bat2 Current"
RBOX_STATE_1,"RBOX S1"
RBOX_STATE_2,"RBOX S2"
BATTERY_1_CONSUMPTION,"Bat1 Cons."
BATTERY_2_CONSUMPTION,"Bat2 Cons."
BATTERY_1_TEMPERATURE,"Bat1 temp."
BATTERY_2_TEMPERATURE,"Bat2 temp."
SD1_CHANNEL,"SD1CH"
ESC_VOLTAGE,"Volt ESC"
ESC_CURRENT,"Corrente ESC"
ESC_RPM,"ESC RPM"
ESC_CONSUMPTION,"Cons. ESC"
ESC_TEMPERATURE,"Temp. ESC"
RB_OUTPUT_STATE,"Output State"
RB_CH1_A,"CH1 Current"
RB_CH2_A,"CH2 Current"
RB_CH3_A,"CH3 Current"
RB_CH4_A,"CH4 Current"
RB_CH5_A,"CH5 Current"
RB_CH6_A,"CH6 Current"
RB_CH7_A,"CH7 Current"
RB_CH8_A,"CH8 Current"
RB_CH9_A,"CH9 Current"
RB_OUTPUT_1_VOLTAGE,"Output1 Voltage"
RB_OUTPUT_2_VOLTAGE,"Output2 Voltage"
GASSUIT_TEMP1,"GASS Temp1"
GASSUIT_TEMP2,"GASS Temp2"
GASSUIT_SPEED,"GASS RPM"
GASSUIT_RES_VOL,"GASS Vol. Res."
GASSUIT_RES_PERC,"GASS Res. %"
GASSUIT_FLOW,"GASS débito"
GASSUIT_MAX_FLOW,"GASS débito máx"
GASSUIT_AVG_FLOW,"GASS débito médio"
BEC_VOLTAGE,"BEC Voltage"
BEC_CURRENT,"BEC Current"
R9M_POWER,"Pot. R9M"
OK,"OK"
FLAP,"Flaps"
AIRBRAKE,"Travões"
FILE,"Ficheiro"
FLASH_SPORT,"Flashar por S.Port"
PLAY_VALUE,"Reproduzir valor"
CATEGORY,"Categoria"
MEMBER,"Fonte"
ANALOGS,"Analogicos"
SWITCHES_POSITIONS,"Inter. de posição"
TRIMS_POSITIONS,"Trims de posição"
CONST_VALUE,"Constante"
SLIDER_LEFT,"Potentiometro esquerdo"
SLIDER_RIGHT,"Potentiometro direito"
RIGHT_HORIZONTAL,"Horizontal direito"
TRIM_RIGHT_HORIZONTAL_LEFT,"Trim DHG"
TRIM_RIGHT_HORIZONTAL_RIGHT,"Trim DHD"
RIGHT_VERTICAL,"Vertical direito"
TRIM_RIGHT_VERTICAL_UP,"Trim DVH"
TRIM_RIGHT_VERTICAL_DOWN,"Trim DVB"
LEFT_VERTICAL,"Vertical esquerdo"
TRIM_LEFT_VERTICAL_UP,"Trim GVH"
TRIM_LEFT_VERTICAL_DOWN,"Trim GVB"
LEFT_HORIZONTAL,"Horizontal esquerdo"
TRIM_LEFT_HORIZONTAL_LEFT,"Trim GHG"
TRIM_LEFT_HORIZONTAL_RIGHT,"Trim GHD"
TRIM_T5_LEFT,"T5 G"
TRIM_T5_RIGHT,"T5 D"
TRIM_T6_LEFT,"T6 G"
TRIM_T6_RIGHT,"T6 D"
TRIM_T5_DOWN,"T5 B"
TRIM_T5_UP,"T5 H"
TRIM_T6_DOWN,"T6 B"
TRIM_T6_UP,"T6 H"
DIFFERENTIAL,"Diferencial"
SLOW,"Slow"
MULTIPLY,"Multiplicação"
WEIGHT_UP,"Peso cima"
WEIGHT_DOWN,"Peso baixo"
OUTPUT,"Saídas"
CLOSE,"Fechar"
FLASHING,"Atualização em curso..."
RESET_DEVICE,"Reiniciar periférico..."
LOW_BATTERY,"Bateria do rádio fraca!"
VOLTAGE_CALIBRATION,"Calibrar a tensão"
STARTING_MODEL_WIZARD,"A iniciar o assistente..."
RADIO_DATA_LOAD,"A carregar os parametros"
DEFAULT_SYSTEM_SETTINGS_RESTORED,"Parametros por defeito carregados."
FLIGHT_MODE_SHORT,"MV"
PREFLIGHT_WARNING,"Avisos pré-voo"
NEW_MODEL,"Novo"
STARTING_CALIBRATION,"A iniciar a calibração..."
NO_SD_CARD_WARNING,"Alerta falta cartão SD"
ADD_CURVE_ERROR,"Falha ao adicionar curva !"
STEP,"Passo"
AILERON,"Aileron"
SPACE_WITH_CHANNEL," canal"
QUESTION_SWAP_SSS_AND_SSS_CHANNELS_SETTINGS,"Trocar os parametros de %s e %s ?"
INPUT,"Entradas"
ELE_TO_AIL,"Prf => Ail"
THR_CURVE,"Curva de aceleração"
PITCH_CURVE,"Curva de pitch"
THROTTLE_CUT,"Corte de acelerador"
AIL_TO_RUD,"Ail => Der"
ELE_TO_CAMBER,"Prf => Camber"
RUD_TO_AIL,"Der => Ail"
RUD_TO_ELE,"Der => Prf"
AIL_TO_FLAPS,"Ail => Flaps"
FLAPS_TO_ELE,"Flaps => Prf"
FREE_MIX,"Mistura livre"
SNAP_ROLL,"Snap Roll"
TEST_MIX,"Mistura de Teste"
DELAY_UP,"Atraso cima"
DELAY_MID,"Atraso médio"
DELAY_DOWN,"Atraso baixo"
NO_DELAY,"Sem atraso"
V_TAIL,"Cauda em V"
DATA_REFUSED,"Dados recusados"
DEVICE_NOT_RESPONDING,"Sem resposta do periférico"
NO_OUTPUT,"Sem saídas"
WEIGHT_RATES,"Batimentos"
OTHERWISE,"Otherwise"
AUTO,"Auto"
TRIM_STEP_FINE,"Fino"
TRIM_STEP_COARSE,"Grosso"
TRIM_STEP_EXPONENTIAL,"Exponencial"
TRIM_STEP_EXTRA_FINE,"Extra fino"
TRIM_STEP_MEDIUM,"Médio"
TRIM_STEP_CUSTOM,"Personalisado"
SCREENSHOT,"Fogografia do ecrã"
SILENT,"Silêncioso"
ALARMS_ONLY,"Alarmes"
OFTEN,"Frequentemente"
ALWAYS,"Sempre"
NEVER,"Never"
WHEN_TELEMETRY_STREAMING,"When telemetry streaming"
VOICE1,"Voice 1 (Main)"
VOICE2,"Voice 2"
VOICE3,"Voice 3"
NEGATIVE,"Negativo"
POSITIVE,"Positivo"
THROTTLE_HOLD,"Manter acelerador"
TRIGGER_VALUE,"Valor disparo"
IDLE_OUTPUT_VALUE,"Valor ralantim"
LOW_POSITION_TRIM,"Trim ralantim"
AND,"E"
OR,"OU"
XOR,"ExOU"
SENSORS,"Sensores"
VARIOMETER,"Vario"
ALARMS,"Alarmes"
SENSOR,"Sensor"
RX_BATT,"RxBatt"
RX_CURRENT,"RxCurrent"
ALTITUDE,"Altitude"
VSPEED,"Vario"
SELECT_LANGUAGE,"Escolha o idioma"
ONCE,"Uma vez"
FLIGHT_DATA,"Dados de voo"
ALL_TIMERS,"Todos os temporizadores"
WHOLE_TELEMETRY,"Toda a telemetria"
REPEAT,"Repetição"
WAV_FILE,"Ficheiro Wav"
BUTTERFLY,"Borbuleta"
CAMBER,"Cambre"
PITCH_TO_RUD,"Pit => Der"
MISSING_BASIC_MIX,"Mistura de base em falta"
MISSING_ENOUGH_CHANNEL,"Número insuficiente de canais disponíveis"
NOT_SUIT_FOR_THIS_MODEL,"Esta mistura não é adequada para o seu modelo"
THR_TO_ELE,"Ace => Prf"
THR_TO_RUD,"Ace => Der"
TEMPERATURE,"Temperatura"
DATA_RATE,"Freq. dados"
GPS,"GPS"
GAS_SUITE,"Gas Suite"
FLOW_RESET,"Flow reset"
CDI_OFF_SPEED_LIMIT,"CDI off speed limit"
FLOW_PULSE,"Pulso de fluxo"
AUTO_RESET,"Auto Reset"
RESET_RESIDUAL_VOLUME,"Reset residual volume"
RESET_MAX_FLOW,"Reset max flow"
RESET_AVERAGE_FLOW,"Reset average flow"
VOLUME_ALARM,"Alarme volume"
MAX_FLOW_ALARM,"Alarme débito máx"
OVER_SPEED_ALARM,"Over speed alarm"
FLOW_TRIGGER,"Disparo do fluxo"
FACTORY_SETTING,"Paramatros de fábrica"
OVER_TEMP1_ALARM,"Over temp1 alarm"
OVER_TEMP2_ALARM,"Over temp2 alarm"
TEMPERATURE_UNIT,"Temp Graus"
AUTO_SAVE,"Auto Save"
GPS_POSITION_DATA_RATE,"Frequencia position GPS"
GPS_ALTITUDE_DATA_RATE,"Frequencia altitude GPS"
GPS_SPEED_DATA_RATE,"Frequencia velocidade GPS"
GPS_COURSE_DATA_RATE,"Frequencia rota GPS"
GPS_TIME_DATA_RATE,"Frequencia hora GPS"
RB_30_40,"RB 30/40"
EW,"EO"
NS,"NS"
DEFAULT_FLIGHT_MODE,"Modo de voo padrão"
SKIP_ON_STARTUP,"Não mostrar no arranque"
LOW_VALUE_WARNING,"Valor baixo"
CRITICAL_VALUE,"Valor critico"
UPGRADE_MODULE,"Atualização do módulo"
AUTHENTICATION_FAILURE,"Erro de autenticação"
MODULE_NEEDS_UPGRADE,"Atualização do módulo necessária"
CLEAR,"Limpar"
MIX_SWITCH_DESCRIPTION,""
MIX_WEIGHT_DESCRIPTION,""
MIX_CURVE_DESCRIPTION,""
MIX_DIFFERENTIAL_DESCRIPTION,""
MIX_OUTPUT_DESCRIPTION,""
MIX_INPUT_DESCRIPTION,""
MIX_OPERATION_DESCRIPTION,""
MIX_REVERSE_DESCRIPTION,""
MIX_OFFSET_DESCRIPTION,""
MIX_WEIGHTUP_DESCRIPTION,""
MIX_WEIGHTDOWN_DESCRIPTION,""
MIX_SPEEDUP_DESCRIPTION,""
MIX_SPEEDDOWN_DESCRIPTION,""
MIX_LOWPOSTRIM_DESCRIPTION,"Trim ativo apenas para marcha lenta"
HELI_PITCH,"Pitch"
HELI_GYRO,"Gyro"
MISSING_THROTTLE,"O modelo não tem motor"
SIX_POSITIONS_SWITCH,"Interruptor 6-POS"
GYRO_X_AXIS,"Eixo Gyro X"
GYRO_Y_AXIS,"Eixo Gyro Y"
AILERON_LETTER,"Ai"
RUDDER_LETTER,"D"
ELEVATOR_LETTER,"P"
THROTTLE_LETTER,"Ac"
NOT,"Não"
STICKY,"Fixo"
EDGE,"Bordo"
MIDDLE,"Meio"
NO_CHECK,"Sem verificação"
CUSTOM,"Person."
HOLD,"Manter"
NO_PULSES,"Sem pulsos"
NOT_SET,"Não definido"
NO_ENGINE,"Sem motor"
NO_FLAPS,"Sem flaps"
NO_RUDDERS,"Sem deriva"
NO_ELEVATORS,"Sem profundidade"
NO_AILERONS,"Sem ailerons"
CHANNELS_1,"1 canal"
CHANNELS_2,"2 canais"
CHANNELS_3,"3 canais"
CHANNELS_4,"4 canais"
BEEP,"Beeps"
IN_RANGE,"Compreendido entre"
REPLACE,"Substituir"
USE_A_SOURCE,"Utilisar uma fonte"
CONVERT_TO_VALUE,"Converter em valor"
SPECIAL,"Especial"
MAXIMUM,"Máximo"
MINIMUM,"Minimo"
MOMENTARY,"Momentary"
TWO_POS,"2-POS"
THREE_POS,"3-POS"
GYRO_CALIBRATION_PLACE_LEVEL,"Coloque o rádio a direito.\nE pressione o botão 'Validar'"
GYRO_CALIBRATION_LEFT,"Vire o rádio para a esquerda.\nE pressione o botão 'Validar'"
GYRO_CALIBRATION_RIGHT,"Vire o rádio para a direita.\nE pressione o botão 'Validar'"
GYRO_CALIBRATION_NOSE_UP,"Vire o rádio para cima.\nE pressione o botão 'Validar'"
GYRO_CALIBRATION_NOSE_DOWN,"Vire o rádio para baixo.\nE pressione o botão 'Validar'"
DEFAULT,"Por defeito"
STRENGTH,"Intensidade"
AM,"AM"
PM,"PM"
PLAY_VARIO,"Tocar vario"
RF_ALWAYS_OFF,"Modo especial, o módulo RF permanecerá Desligado."
STAB_FUNC,"Função de estabilização"
RX_PROTOCOL,"Protocolo RX"
NO_MAP,"Sem mapeamento"
DIRECTION,"Direcção"
CLOCKWISE,"Sentido horário"
ANTICLOCKWISE,"Sentido anti-horário"
PWM_PULSE_TYPE,"Tipo de PWM"
BASIC_CONFIG,"Config. de base"
RX1_MAP,"RX1 Map"
RX2_MAP,"RX2 Map"
RX3_MAP,"RX3 Map"
ALL_FREQUENCY,"Todas as frequências"
STICKS_NAME,"Nome dos Sticks"
CHANNELS_COUNT,"Número de canais"
EXT,"Ext"
INT,"Int"
PLACE_RECEIVE_LEVEL,"Colocar o receptor na horizontal"
PLACE_RECEIVE_LEVEL_REVERSE,"Colocar o receptor voltado para baixo"
PLACE_RECEIVE_LEFT,"Colocar o receptor voltado para a esquerda"
PLACE_RECEIVE_RIGHT,"Colocar o receptor voltado para a direita"
PLACE_RECEIVE_FORWARD,"Colocar o receptor voltado para a cima"
PLACE_RECEIVE_BACKWARD,"Colocar o receptor voltado para a baixo"
ADD_A_NEW_WEIGHT,"+ Novo batimento"
ADD_A_NEW_CURVE,"+ Nova curva"
AUDIO,"Audio"
VOICE,"Voice"
VAR,"Var"
VOLUME,"Volume"
SAVE_TO_FLASH,"Gravar na flash"
SAVE_TO_FLASH_MESSAGE,"Todos os parametros foram corretamente guardados na memória flash !"
TIMER_GENERATOR,"Gerador de temporizador"
CONFIRM_CLEAR_CHANNEL_DDD_NAME,"Canal %d não usado em nenhuma mistura..\nDeseja limpar o seu nome ?"
EDIT_SSS,"Editar %s"
RESET_SSS,"Reiniciar %s"
OPTIONS_3DOTS,"Opçoes..."
QUESTION_COPY_CHANNEL_NAME,"O canal não tem nome.\nAtribuir o nome da mistura ?"
FLY_BAR_LESS,"Flybarless"
WING_RUD_ELE_AIL,"Asa Dir Prf Ail"
WING_FLYING,"Asa Delta Ail/ Asa voadora"
WING_VTAIL_AIL,"Asa de cauda em V Ail"
LEVEL,"Horizontal"
LEVEL_REVERSED,"Invertido"
UPRIGHT,"Upright"
UPRIGHT_REVERSED,"Upright Invertido"
WING_TYPE,"Tipo de asa"
MOUNTING_TYPE,"Posição de montagem"
SXR_ENABLE,"SXR ativo"
AIL_INVERTED,"Ail Invertido"
AIL2_INVERTED,"Ail2 Invertido"
ELE_INVERTED,"Prf Invertido"
ELE2_INVERTED,"Prf2 Invertido"
RUD_INVERTED,"Dir Invertido"
AUX1_ENABLE,"AUX1 ativo"
AUX2_ENABLE,"AUX2 ativo"
QUICK_MODE,"Modo rápido"
SELF_CHECK,"Self Check"
STAB_GAIN_OF_AIL,"Ganho estabilizador Ail"
STAB_GAIN_OF_ELE,"Ganho estabilizador Prf"
STAB_GAIN_OF_RUD,"Ganho estabilizador Der"
AUTO_LEVEL_GAIN_OF_AIL,"Ganho auto nívelado do Ail"
AUTO_LEVEL_GAIN_OF_ELE,"Ganho auto nívelado da Prf"
HOVER_GAIN_OF_ELE,"Ganho do Hover da Prf"
HOVER_GAIN_OF_RUD,"Ganho do Hover da Der"
KNIFE_EDGE_GAIN_OF_AIL,"Ganho Knife-edge do Ail"
KNIFE_EDGE_GAIN_OF_RUD,"Gain Knife-edge da Der"
AUTO_LEVEL_OFFSET_OF_AIL,"Auto Level Offset Angle of Ail"
AUTO_LEVEL_OFFSET_OF_ELE,"Auto Level Offset Angle of Ele"
HOVER_OFFSET_ANGLE_OF_ELE,"Desfazamento angular do Hover Offset para Prf"
HOVER_OFFSET_ANGLE_OF_RUD,"Desfazamento angular do Hover Offset para Der"
KNIFE_EDGE_OFFSET_OF_AIL,"Desfazamento angular Knife-edge do Ail"
KNIFE_EDGE_OFFSET_OF_RUD,"Desfazamento angular Knife-edge do Der"
OUTPUT_VOLTAGE,"Tensão saída"
LIPO_VOLTAGE,"Tensão Lipo"
RB_10_20,"RB 10/20"
ALTITUDE_DATA_RATE,"Freq. dados Alti."
VARIO_DATA_RATE,"Freq. dados Vario"
CURRENT_DATA_RATE,"Freq. dados Intensidade"
VOLTAGE_DATA_RATE,"Freq. dados Tensão"
RPM,"RPM"
POLES_COUNT,"Num. de poles"
NEED_FIRMWARE_UPDATE,"Atualização firmware necessaria"
SYSTEM_VALUE,"Valor do sistema"
GPS_CLOCK,"Hora GPS"
RACING_MODE_ACTIVE,"Modo corrida activo."
RACING_MODE_IS_UNSUPPORTED,"Modo corrida não suportado."
POTS_SLIDERS,"Pots / Sliders"
STICKS_POTS_SLIDERS,"Sticks / Pots / Sliders"
WRITE_INTERVAL,"Freq. escrita"
TX_BATT,"BatTX"
AVERAGE,"Média"
TOTALIZE,"Totalizar"
CELL,"Célula"
CONSUMPTION,"Consumo"
DISTANCE,"Distância"
FALLING_EDGE_OF_SSS_BETWEEN_SSS_AND_SSS,"Bordo↓ de %s entre %s e %s"
RISING_EDGE_OF_SSS_DURING_SSS,"Bordo↑ de %s durante %s"
FALLING_EDGE_OF_SSS_DURING_SSS,"Bordo↓ de %s durante %s"
FALLING_EDGE_OF_SSS,"Bordo↓ de %s"
RISING_EDGE_OF_SSS,"Bordo↑ de %s"
STALL,"Perda"
EDITABLE_SRV_DDD_CURR,"SRV%d Curr"
EDITABLE_SRV_DDD_VOLT,"SRV%d Volt"
EDITABLE_SRV_DDD_TEMP,"SRV%d Temp"
EDITABLE_SRV_DDD_STATUS,"SRV%d Estado"
CONDITION,"Condição"
TIMER_LOGS,"Timer Logs"
SAVE_TO_SD,"Gravar para SD"
CLEAR_LOGS,"Limpar Registos"
TITLE,"Título"
LOWEST,"Mais baixo"
COUNT,"Contar"
HIGHEST,"Mais alto"
BLADES,"Pás"
MAINGEAR_TEETH,"Dentes engrenagem principal"
PINION_TEETH,"Dentes pinhão de ataque"
GEAR,"Engrenagem"
PROPELLER,"Hélice"
FLIGHT_VALUE,"Valor de voo"
CURRENT_FLIGHT_MODE,"Modo voo ativo"
NO_DESTINATION,"Sem destino"
ENT_LONG,"ENT Long"
RX_STILL_ON_TURN_OFF_TRANSMITTER,"Rx ligado. Deseja desligar o rádio ?"
CONFIRM_RESET_SENSOR,"O valor deste sensor será limpo. Deseja continuar?"
LATITUDE,"Latitude"
LONGITUDE,"Longitude"
GPS_MAP,"Mapa GPS"
MAP,"Mapa"
INTERNAL_GPS,"GPS Interno"
CLOCK,"Hora"
TRIP,"Viagem"
SYSTEM_EVENT,"Evento do sistema"
RSSI_LOW,"Rssi fraco"
TRAINER_ACTIVE,"Trainer active"
MULTIPLIER,"Multiplicador"
VERTICAL,"Vertical"
HORIZONTAL,"Horizontal"
TOTAL,"Total"
CELLS,"Celulas"
MULTI_LIPO,"Multi LiPo"
LIPO,"LiPo"
LINE_CHART,"Gráfico de Linha"
LOG_PERIOD,"Periodo do registo"
RESUME,"Continuar"
PAUSE,"Pausar"
AUTO_RANGE,"Distância flexivel"
LOCK,"Lock"
Xx2POS,"{HARDWARE_FUNCTION_SWITCHES} x 2-Pos"
XPOS_WITH_OFF,"{HARDWARE_FUNCTION_SWITCHES}-Pos com OFF"
XPOS,"{HARDWARE_FUNCTION_SWITCHES}-Pos"
2xXPOS,"2 x {HARDWARE_FUNCTION_SWITCHES_PER_SIDE}-Pos"
GLOBAL,"Global"
_2DOTS," : "
SUMMARY,"Sumário"
CONFIRM_STOP_USING_CURVE,"Tem a certeza que deseja parar de usar esta curva?"
CONFIRM_STOP_USING_RATE,"Tem a certeza que deseja parar de usar este batimento?"
PATTERN,"Padrão"
ROLL_ANGLE,"R.Angle"
PITCH_ANGLE,"P.Angle"
HYDRAULIC_PRESSURE,"H.Pressure"
IGNORE_TRAINER_INPUT,"Ignore trainer input"
FULL_RANGE,"Full range"
IGNORE_RANGE,"Ignore range"
HALF_RANGE,"Half range"
LAST_POSITION,"Last position"
SLEEP_BRIGHTNESS,"Sleep Mode brightness"
TOP_LCD_SLEEP,"Top LCD Sleep"
VIEW_PER_CHANNEL,"View per Channel"
VIEW_TABLE,"Table View"
GENERAL,"General"
RX_STILL_ON_TURN_OFF_RF,"Receiver is still connected.\nAre you sure you want to continue?"
LOAD_ALL_FUNCTION_SWITCH_POSITIONS,"Load all function switches positions","Load all FS positions"
CONFIRM_LOAD_ALL_FUNCTION_SWITCH_POSITIONS,"This operation will override all FS positions with the current ones. Are you sure you want to continue?"
STORAGE_LOCATION,"Storage location"
RADIO,"Radio"
MODELS,"Models"
USER_BITMAPS,"User Bitmaps"
SCRIPTS,"Scripts"
LOGS,"Logs"
SCREENSHOTS,"Screenshots"
PRESSURE,"Pressure"
COLOR,"Color"
CONFIRM_CLEAR_CHANNELS_SSS_NAME,"There are no mixers using channel %s. Do you want to clear the name of these channels?"
CHANNEL_SBUS_VALUE_LIMIT_WARNING,"The new channel value is incompatible with SBUS/redundancy use. Are you sure you want to continue?"
VOLTAGE,"Voltage"
SAVE_TO_FILE,"Save to File"
FLASH_VIDEO_COMPONENT,"Flash Video Component"
RX_BAT_VOLTAGE,"RX Battery Voltage"
RX_BAT_2_VOLTAGE,"RX Battery 2 Voltage"
EXT_ADC_VOLTAGE,"Extern ADC Voltage"
BOARD_CURRENT,"Board Current"
POWER_ON_RESET,"Power On Reset"
PIN_RESET,"Pin Reset"
WAKE_UP_RESET,"Wake Up Reset"
WATCHDOG_RESET,"Watchdog Reset"
LOCKUP_RESET,"Lockup Reset"
BROWN_DOWN_DET_RESET,"Brown Down Detection Reset"
RX_RESET_CASE,"RX Reset Case"
OPERATION_ASSIGN,"Assign(=)"
OPERATION_ADD,"Add(+)"
OPERATION_SUBTRACT,"Subtract(-)"
OPERATION_MULTIPLY,"Multiply(*)"
OPERATION_DIVIDE,"Divide(/)"
SQRT,"Sqrt"
REPURPOSE,"Repurpose"
SENSOR_CONFLICT_WARNING,"Sensor Conflict Warning"
NIGHTLY_BUILD_NOT_FOR_FLYING,"Nightly build, not for flying!"
READING_FILE,"Reading file ..."
NOT_ENOUGH_MEMORY,"Not enough memory"
CLEAN_LOGS,"Clean logs"
CONFIRM_CLEAN_LOGS,"This operation will remove all the .csv files under the directory. Are you sure you want to continue?"
CLEANING_LOGS,"Cleaning logs ..."
PAUSE_CONDITION,"Pause condition"
RESET_SETTINGS,"Reset settings"
SWAP_CHANNELS,"Swap channels"
CONFIRM_RESET_SETTINGS,"The settings will be reset to the default values.\nAre you sure you want to continue?"
CONFIRM_SWITCH_EXTERNAL_MODULE,"External module is now used. It will be stopped.\nAre you sure you want to continue?"
CONFIRM_SWITCH_TRAINER,"Trainer is now using the external module. It will be stopped.\nAre you sure you want to continue?"
COMPETITION_OPTION,"Competition (only RSSI and Battery)","Competition (RSSI / Batt)"
CONFIRM_BLUETOOTH_USED_BY_SSS,"Bluetooth is now used by %s. It will be stopped.\nAre you sure you want to continue?"
BOTH_MODULES,"Both modules"
SPORT_CONNECTOR,"S.Port connector"
CONFIRM_SPORT_USED_BY_SSS,"S.Port connector is now used by %s. Are you sure you want to continue?"
TRAINER_CABLE,"Trainer Cable"
BLUETOOTH,"Bluetooth"
SBUS_EXTERNAL_MODULE,"SBUS External Module"
CPPM_EXTERNAL_MODULE,"CPPM External Module"
LUA_TASKS,"Lua Tasks"
LUA_SOURCES,"Lua Sources"
MISSING_SCRIPT_FILE,"Missing script file"
BITMAP,"Bitmap"
BITMAP_TYPE,"Bitmap type"
BITMAP_FILE,"Bitmap file"
FILE_PATH,"File path"
TEXT,"Text"
DOCUMENTS,"Documents"
TELEMETRY_ACTIVE,"Telemetry Active"
FLIGHT_RESET,"Flight reset"
THROTTLE_ACTIVE,"Throttle Active"
USB_MODE_PRESELECTION,"USB Mode Preselection"
USB_MODE,"USB Mode"
JOYSTICK,"Joystick"
SERIAL,"Serial"
SELECT_MODEL_AT_POWER_ON,"Select model at power on"
LOAD_MODEL,"Load model"
COUNTING_SOURCE,"Proportional timing source"
SEND_FILE,"Send file"
FILE_TRANSFER,"File transfer"
RECEIVE_FILE_HERE,"Receive file here"
WAITING_FOR_CONNECTION,"Waiting for connection"
WAITING_FOR_RECEIVER_CONFIRMATION,"Waiting for receiver confirmation..."
FILE_TRANSFER_FAILED,"File transfer failed"
CONFIRM_RECEIVE_FILE_SSS_IN_FOLDER_SSS_SIZE_IS_SSS,"About to receive file %s to folder %s\nFile size is %s"
CONFIRM_OVERWRITE_FILE_SSS_IN_FOLDER_SSS_SIZE_IS_SSS,"About to overwrite file %s in folder %s\nFile size is %s"
SENDING_SSS,"Sending %s..."
RECEIVING_SSS,"Receiving %s..."
SEND_MODEL,"Send model"
RECEIVE_MODEL,"Receive model"
UNIT_KNOT,"knots"
UNIT_MILLILITER_PER_PULSE,"ml/p"
UNIT_RPM,"r/m"
ARE_YOU_USING_A_FRSKY_SELF_STAB_RECEIVER,"Are you using a self-stab receiver from FrSky?"
ASSIGN_INPUT_HINT,"Please assign input sources for the following functions"
EMERGENCY,"Emergency"
GAIN_ADJUST,"Gain adj."
CONFIRMATION,"Confirmation"
ENABLE_XXX,"Enable %s?"
DISABLE_XXX,"Disable %s?"
CONFIRMATION_BEFORE_ACTIVE,"Confirmation before active"
CONFIRMATION_BEFORE_INACTIVE,"Confirmation before inactive"
REMOTE_NFC,"Remote NFC"
SWITCH_CHANNEL,"Switch channel"
WIRELESS,"Wireless"
TIMEOUT,"Time out"
NO_ENABLED_MODULE,"Please enable the module you want to bind with NFC"
GET_MODULE_UUID_FAILED,"Failed to get module UUID.\nPlease check your module state!"
BIND_NFC_FAILED,"Failed to bind the NFC with the module!"
PROTOCOL_NOT_SUPPORTED,"The current module protocol is not supported!"
CONFIRM_DELETE_TRIM,"Are you sure you want to delete this extra trim?"
LEFT_STICK,"Left stick"
RIGHT_STICK,"Right stick"
ALL_MOTORS,"All motors"
SELECT,"Select"
SINGLE_MOTOR,"Single motor"
STICK_MOTORS,"Stick motors"
CONFIRM_DELETE_ACTION,"Are you sure you want to remove this action?"
CONFIRM_DELETE_SCREEN,"Are you sure you want to remove this screen?"
CONFIRM_DELETE_SENSOR,"Are you sure you want to remove this sensor?"
FILE_ALREADY_EXISTS,"A file with the same name already exists"
MODEL_RUNTIME,"Model runtime"
RADIO_RUNTIME,"Radio runtime"
WAITING_FOR_SIGNAL,"waiting for signal..."
CONFIRM_RESET_RUNTIME,"Runtime will be reset.\nAre you sure you want to continue?"
BANK,"Bank"
POWER_SWITCH,"Power switch"
CURRENT_AND_VOLTAGE_RATE,"Current & voltage rate"
BEC_VOLTAGE_RATE,"BEC voltage rate"
SBEC_VOLTAGE,"SBEC voltage"
BATTERY_MODE,"Battery mode"
SWITCH_VOLTAGE,"Switch voltage"
BALANCE,"Balance"
BACKUP,"Backup"
BALANCE_CHANNELS,"Balance channels"
CHOOSE_CHANNELS,"Choose channels"
BALANCE_CURVE,"Balance curve"
CONFIRM_TO_SHARE_RECEIVER,"Are you sure you want to share this receiver?"
CONFIRM_TO_UNBIND_RECEIVER,"Are you sure you want to unbind this receiver?"
